text,emotion,dialog_idx,utterance_idx,speaker,act,cleaned_text,original_emotion,mapped_emotion,emotion_id,is_augmented
"Really, it's so beautiful.",anxiety,1909,1,1,inform,"Lately, really, it is so beautiful.",fear,anxiety,1,True
She made another white crack about my clothes.,anger,2323,3,0,inform,She made another white crack about my clothes.,anger,anger,3,False
"Oh, that would be nice of you.",happiness,627,2,1,commissive,"Oh, that would be nice of you.",happiness,happiness,8,False
I think he had water on the brain. This is bad.,anger,2216,2,0,inform,"Honestly, I think he had water on the brain. This is bad.",disgust,anger,3,True
Umm not very well. I haven’t found anything within my price range yet.,calm_neutral,528,1,0,inform,"Honestly, Umm not very well. I have not found anything within my price range yet.",no emotion,calm_neutral,11,True
I think it’s too expensive. I can just give you four yuan. Or I’ll go to another B.,depression,1017,6,0,directive,I think it is too expensive. I can just give you four yuan. Or I will go to another B.,sadness,depression,0,False
What a thrilling trip!,anxiety,1221,8,1,inform,I really feel what a thrilling trip!,fear,anxiety,1,True
Would you like to get in shape together?,calm_neutral,2094,1,0,directive,Would you like to get in shape together?,no emotion,calm_neutral,11,False
I went to the library and lost my bag.,depression,1380,3,1,inform,I went to the library and lost my bag.,sadness,depression,0,False
That’s great. We can go boating on the lake in the afternoon.,happiness,1355,2,0,directive,That is great. We can go boating on the lake in the afternoon.,happiness,happiness,8,False
Umm... That is a good suggestion.,happiness,1937,6,1,commissive,Umm... That is a good suggestion.,happiness,happiness,8,False
"Umm, I don't know. She always said I didn't love her, but I did.",depression,1758,3,0,inform,"Umm, I do not know. She always said I did not love her, but I did.",sadness,depression,0,False
The Palace Hotel.,happiness,765,9,1,inform,The Palace Hotel.,happiness,happiness,8,False
OK. Here you are.,happiness,1080,10,0,commissive,OK. Here you are.,happiness,happiness,8,False
Really? Tell me without delay.,excitement,2032,4,0,directive,Really? Tell me without delay.,surprise,excitement,10,False
Thank you very much.,happiness,634,4,1,inform,Thank you very much.,happiness,happiness,8,False
What a pity!,depression,1434,7,0,inform,What a pity!,sadness,depression,0,False
"Oh, that’s very kind of you. I am going to the Garden Hotel.",happiness,1284,6,1,inform,"Oh, that is very kind of you. I am going to the Garden Hotel.",happiness,happiness,8,False
I'm sorry. These batteries are not on sale.,depression,2461,1,1,inform,I am sorry. These batteries are not on sale. and it's affecting me deeply,sadness,depression,0,True
Because they are too violent. Some of them are even disgusting.,anger,2207,2,0,inform,Because they are too violent. Some of them are even disgusting.,disgust,anger,3,False
I didn't think of it. Thank you. And I do apologize for being late.,depression,2220,4,1,commissive,I did not think of it. Thank you. And I do apologize for being late.,sadness,depression,0,False
Wow. That's too much for me. Don't you have anything cheaper?,excitement,1576,7,1,question,Wow. That is too much for me. Do not you have anything cheaper?,surprise,excitement,10,False
That sounds dreadful!,anger,2044,17,0,inform,That sounds dreadful!,disgust,anger,3,False
I wasn't happy with it.,anger,1209,5,0,inform,I was not happy with it.,disgust,anger,3,False
"I'm busy year in and year out, but now I've done nothing.",depression,683,0,0,inform,"I am busy year in and year out, but now I have done nothing.",sadness,depression,0,False
He should be back in about forty minutes.,calm_neutral,1389,5,0,inform,He should be back in about forty minutes.,no emotion,calm_neutral,11,False
I don't want to sit there and watch them torturing the animals.,anger,1402,3,0,inform,I do not want to sit there and watch them torturing the animals.,anger,anger,3,False
What is that below?,happiness,1750,2,0,question,What is that below?,happiness,happiness,8,False
I feel so tired.,depression,2530,1,0,inform,I feel so tired.,sadness,depression,0,False
I have to work on Saturday all day! I really hate my job!,anger,746,3,0,inform,I have to work on Saturday all day! I really hate my job!,anger,anger,3,False
All right. What should I take?,happiness,1178,5,1,question,All right. What should I take?,happiness,happiness,8,False
"Mary, can you tell me how you keep in shape?",calm_neutral,64,0,0,question,"Mary, can you tell me how you keep in shape?",no emotion,calm_neutral,11,False
You said the same thing three months ago.,anger,294,4,0,inform,You said the same thing three months ago.,anger,anger,3,False
Sounds like you'll be able to help me a lot.,happiness,1366,8,1,commissive,I really feel sounds like you will be able to help me a lot.,happiness,happiness,8,True
Not at all. Welcome again.,happiness,920,6,1,inform,Not at all. Welcome again.,happiness,happiness,8,False
I just broke up with a girl. Why didn't she understand that I loved her?,depression,1758,1,0,question,I just broke up with a girl. Why did not she understand that I loved her?,sadness,depression,0,False
Do you know if there is Japanese restaurant near the hotel?,calm_neutral,1129,2,0,question,Do you know if there is Japanese restaurant near the hotel?,no emotion,calm_neutral,11,False
Really? You guys must be really tight.,excitement,1438,2,1,question,Really? You guys must be really tight.,surprise,excitement,10,False
True? The food is terrible.,anger,2243,5,0,question,True? The food is terrible.,disgust,anger,3,False
You are welcome.,happiness,1182,8,1,inform,You are welcome.,happiness,happiness,8,False
"You're quite slim. In fact, if you were one of those starlets, the movie company would say you have a fabulous figure.",happiness,1181,15,1,inform,"You are quite slim. In fact, if you were one of those starlets, the movie company would say you have a fabulous figure.",happiness,happiness,8,False
Now he's looking over here! He's coming!,anxiety,1332,6,1,inform,Now he is looking over here! He is coming!,fear,anxiety,1,False
"Hello? Yes, someone has passed out at Dongle Avenue. and second street. He isn't breathing and doesn't have a pulse. Yes, my friend is performing CPR. Ok, thank you. They are sending an ambulance. Here, let me help.",anxiety,433,5,0,commissive,"Hello? Yes, someone has passed out at Dongle Avenue. and second street. He is not breathing and does not have a pulse. Yes, my friend is performing CPR. Ok, thank you. They are sending an ambulance. Here, let me help.",fear,anxiety,1,False
What a pity! I missed it again.,depression,1106,3,1,inform,What a pity! I missed it again.,sadness,depression,0,False
Is that right? This sure beats the old one?,excitement,2073,2,1,question,Is that right? This sure beats the old one?,surprise,excitement,10,False
Really? Have you ever tried Moroccan?,excitement,373,2,0,question,Really? Have you ever tried Moroccan?,surprise,excitement,10,False
Let's play other game.,calm_neutral,2134,6,0,directive,Let us play other game.,no emotion,calm_neutral,11,False
"Sure. Hey, I'm sorry, but I've got to get going.",depression,1024,13,0,commissive,"Sure. Hey, I am sorry, but I have got to get going.",sadness,depression,0,False
But I doubt myself.,depression,2319,9,1,inform,But I doubt myself.,sadness,depression,0,False
"Ur, you really let me down.",anger,2013,6,0,inform,"You Are, you really let me down.",anger,anger,3,False
Toilets are in the rear. I'm afraid all the toilets are fully occupied at the moment.,depression,1143,6,1,inform,Toilets are in the rear. I am afraid all the toilets are fully occupied at the moment.,sadness,depression,0,False
It is stupid to say so.,anger,2245,5,0,inform,It is stupid to say so.,anger,anger,3,False
Don't you know that? It's panda.,calm_neutral,2156,1,1,question,Do not you know that? It is panda.,no emotion,calm_neutral,11,False
"I'm sorry, but we usually don't do it. It is our policy.",depression,1386,10,0,commissive,"I am sorry, but we usually do not do it. It is our policy.",sadness,depression,0,False
I'm afraid it is. So you will have to pay two yuan extra. The total charge is four yuan.,depression,922,9,1,inform,I am afraid it is. So you will have to pay two yuan extra. The total charge is four yuan.,sadness,depression,0,True
"Umm the food station was as crowded as usual. I waited for twenty minutes for my sandwich, and when I finally got it the chicken was underdone.",anger,808,3,0,inform,"Umm the food station was as crowded as usual. I waited for twenty minutes for my sandwich, and when I finally got it the chicken was underdone.",disgust,anger,3,False
How long will it take to get the results?,calm_neutral,1480,8,0,question,How long will it take to get the results?,no emotion,calm_neutral,11,False
"Thank you, I'll wait here.",happiness,1401,4,0,commissive,"Thank you, I will wait here.",happiness,happiness,8,False
"Yes, I do. Leave me alone!",anger,1754,8,0,inform,"Yes, I do. Leave me alone!",disgust,anger,3,False
My stress level is pretty much what is usually is.,depression,1546,7,1,inform,My stress level is pretty much what is usually is.,sadness,depression,0,False
"( looking at a newspaper ) Oh, dear me! There's no performance at the National theater this weekend. So we have to go to cinema instead.",excitement,1997,4,1,directive,"( looking at a newspaper ) Oh, dear me! There is no performance at the National theater this weekend. So we have to go to cinema instead.",surprise,excitement,10,False
I just watched a movie and I'm scared.,anxiety,1649,3,0,inform,I just watched a movie and I am scared.,fear,anxiety,1,False
It’s the worst thing I’ve ever tried.,anger,70,7,1,inform,It is the worst thing I have ever tried.,disgust,anger,3,False
That's incredible!,excitement,2104,4,0,inform,That is incredible!,surprise,excitement,10,False
"I am afraid your diamond bracelet has gone, darling!",anxiety,2268,2,0,inform,"I am afraid your diamond bracelet has gone, darling!",fear,anxiety,1,False
"Sir, wait!! I need your address!",calm_neutral,1742,8,1,directive,"Sir, wait!! I need your address!",no emotion,calm_neutral,11,False
Where? my car?,excitement,2517,3,0,question,Where? my car?,surprise,excitement,10,False
"Hello, Zhang lin! Fancy meeting you here!",excitement,456,0,0,inform,"Hello, Zhang lin! Fancy meeting you here!",surprise,excitement,10,False
"Thank you, Henry. I'll get a number thirteen.",happiness,412,7,1,inform,"Thank you, Henry. I will get a number thirteen.",happiness,happiness,8,False
That's an excellent idea.,happiness,1720,5,1,inform,That is an excellent idea.,happiness,happiness,8,False
"Yes, if we do business through other ways, it will cost a lot of time.",calm_neutral,1708,6,1,inform,"Yes, if we do business through other ways, it will cost a lot of time.",no emotion,calm_neutral,11,False
Sounds very interesting. I can't wait to go there.,happiness,266,4,1,commissive,Sounds very interesting. I cannot wait to go there.,happiness,happiness,8,False
This is usually my chore.,calm_neutral,1842,2,0,inform,This is usually my chore.,no emotion,calm_neutral,11,False
Umm I am sorry. I am very tired. I'm going to bed early.,depression,727,4,1,commissive,"Lately, umm i am sorry. i am very tired. i am going to bed early.",sadness,depression,0,True
So soon? Why don't you stay a little longer?,excitement,2174,1,0,directive,So soon? Why do not you stay a little longer?. This has been going on for a while,surprise,excitement,10,True
That sounds absolutely disgusting!,anger,896,8,0,inform,That sounds absolutely disgusting!. This has been going on for a while,disgust,anger,3,True
"Well, then, may I invite you for the next dance?",happiness,2092,2,1,directive,"Well, then, may I invite you for the next dance?",happiness,happiness,8,False
How in the world did you guess that? Did someone tell you already?,excitement,1950,2,0,question,How in the world did you guess that? Did someone tell you already?,surprise,excitement,10,True
The guy always hands the girls in a line. When did he propose?,happiness,2490,5,1,question,The guy always hands the girls in a line. When did he propose?,happiness,happiness,8,True
"I will, sir. I'm really very sorry.",depression,756,9,1,inform,"I will, sir. I am really very sorry.",sadness,depression,0,False
"( looking at a newspaper ) Oh, dear me! There's no performance at the National theater this weekend. So we have to go to cinema instead.",excitement,1997,4,1,directive,"( looking at a newspaper ) Oh, dear me! There is no performance at the National theater this weekend. So we have to go to cinema instead.",surprise,excitement,10,False
I suppose I don't want that one then. I don't like auto-reverse. It breaks too easily.,calm_neutral,1226,7,1,commissive,I suppose I do not want that one then. I do not like auto-reverse. It breaks too easily.,no emotion,calm_neutral,11,False
Hello. Umm I want to reconfirm our flight to London.,calm_neutral,1155,0,0,directive,Hello. Umm I want to reconfirm our flight to London.,no emotion,calm_neutral,11,False
"Sorry, we can’t come down any more.",depression,1374,9,0,inform,"Sorry, we cannot come down any more.",sadness,depression,0,False
And let them ruin my life? Forget it!,anger,895,2,1,inform,And let them ruin my life? Forget it!,anger,anger,3,False
"Sorry, sir. That table has been reserved. This way, please. How about this one, sir?",depression,1691,4,1,directive,"Sorry, sir. That table has been reserved. This way, please. How about this one, sir?",sadness,depression,0,False
It's sounds like fun.,happiness,51,2,0,inform,I really feel it is sounds like fun.,happiness,happiness,8,True
Is it a horror movie?,anxiety,1454,1,0,question,Is it a horror movie? and it's affecting me deeply,fear,anxiety,1,True
I see. We have already received many bookings and though I can't guarantee anything. I hope you'll understand.,happiness,1623,10,1,commissive,I see. We have already received many bookings and though I cannot guarantee anything. I hope you will understand.,happiness,happiness,8,False
"I can not stop coughing, and I can not stop sneezing. I vomited blood last night. Sorry, I am coughing again.",depression,1811,11,1,inform,"I can not stop coughing, and I can not stop sneezing. I vomited blood last night. Sorry, I am coughing again.",sadness,depression,0,False
"Oh, look! There's a spot open next to the public restroom! Can I take it?",happiness,732,6,1,question,"Oh, look! There is a spot open next to the public restroom! Can I take it?",happiness,happiness,8,False
Oh! How could I forget such an important holiday?,excitement,236,3,0,inform,Oh! How could I forget such an important holiday?,surprise,excitement,10,False
No. I'm afraid the price is too low.,depression,2453,5,0,inform,No. I am afraid the price is too low.,sadness,depression,0,False
"The thing is, this isn't the first time she's promised to do something and then didn't.",anger,587,6,0,inform,"The thing is, this is not the first time she is promised to do something and then did not.",anger,anger,3,False
That must have been wonderful. Do anything interesting?,happiness,319,2,1,question,That must have been wonderful. Do anything interesting?,happiness,happiness,8,False
"No, cats are too dirty. They are lazy and cunning. I don’t like them at all.",anger,1297,3,0,inform,"No, cats are too dirty. They are lazy and cunning. I do not like them at all.",disgust,anger,3,False
"She's chic, isn't she?",happiness,1181,6,0,question,"She is chic, is not she?",happiness,happiness,8,False
"Science? What are you talking about? Forget about your science, OK? It's a picnic!",excitement,1475,12,0,directive,"Science? What are you talking about? Forget about your science, OK? It is a picnic!",surprise,excitement,10,False
"Umm to be honest, I'm a bit fed up.",anger,587,2,0,inform,"Umm to be honest, I am a bit fed up.",anger,anger,3,False
"Yes, and please be more careful in the future!",anger,756,8,0,inform,"Yes, and please be more careful in the future!",anger,anger,3,False
"Oh! I'm sorry, but I wish you could stay.",excitement,1605,3,1,inform,"Oh! I am sorry, but I wish you could stay.",surprise,excitement,10,False
It was! But the worst thing was I tore my best shirt.,depression,884,5,0,inform,It was! But the worst thing was I tore my best shirt.,sadness,depression,0,False
My wife and I didn't used to spend this much money.,calm_neutral,112,0,0,inform,My wife and I did not used to spend this much money.,no emotion,calm_neutral,11,False
Really? How did you get the chance?,excitement,393,3,1,question,Really? How did you get the chance?,surprise,excitement,10,False
Oooo... gross... you're sweating all over the place.,anger,1601,3,1,commissive,Oooo... gross... you are sweating all over the place.,disgust,anger,3,False
"Because I'm the wrong sex, of course!",anger,1549,6,1,inform,"Because I am the wrong sex, of course!",anger,anger,3,True
Hi. are you new here?,happiness,1570,0,0,question,"Lately, hi. are you new here?",happiness,happiness,8,True
I don't think that you're done.,anger,1520,4,1,inform,I do not think that you are done.,anger,anger,3,False
I don't like anything about it.,anger,1960,8,1,inform,I really feel i do not like anything about it.,disgust,anger,3,True
Sorry. I didn't know.,depression,1778,1,1,commissive,Sorry. I did not know.,sadness,depression,0,False
I can’t believe it! I thought the Cougars were going to win for sure.,anger,2222,4,0,inform,"Lately, i cannot believe it! i thought the cougars were going to win for sure.",anger,anger,3,True
That's incredible. I cannot believe it.,excitement,1345,3,0,inform,That is incredible. I cannot believe it.,surprise,excitement,10,False
I fell down and hurt my arm.,depression,12,2,1,inform,I fell down and hurt my arm.,sadness,depression,0,False
That sounds good. Did you study cooking in school?,happiness,1322,13,0,question,That sounds good. Did you study cooking in school?,happiness,happiness,8,False
Forget it! It was a bitter pill for me to swallow.,anger,94,3,1,inform,Forget it! It was a bitter pill for me to swallow.. This has been going on for a while,anger,anger,3,True
Umm I am sorry. I am very tired. I'm going to bed early.,depression,727,4,1,commissive,"Lately, umm i am sorry. i am very tired. i am going to bed early.",sadness,depression,0,True
I'm afraid I'm going to the gym for a workout.,depression,218,1,1,inform,I am afraid I am going to the gym for a workout.,sadness,depression,0,False
That's no problem.,happiness,204,8,0,commissive,That is no problem.,happiness,happiness,8,False
I think you've got a cold.,calm_neutral,1045,3,1,inform,I think you have got a cold.,no emotion,calm_neutral,11,False
I’d better go tomorrow.,depression,343,5,1,directive,I would better go tomorrow.,sadness,depression,0,False
Yes! Isn't that exciting?,happiness,2440,6,0,question,Yes! Is not that exciting?,happiness,happiness,8,False
"Oh, God! I didn't touch anybody. How can I commit a foul?",excitement,987,7,0,question,"Oh, God! I did not touch anybody. How can I commit a foul?. This has been going on for a while",surprise,excitement,10,True
"Sorry, I made a mistake. They're on the right side of the TV.",depression,1180,17,0,inform,"Sorry, I made a mistake. They are on the right side of the TV.",sadness,depression,0,True
We’re in the same boat! I’ve eaten fast food the whole week. I hate it now.,anger,1910,5,0,inform,We are in the same boat! I have eaten fast food the whole week. I hate it now.,anger,anger,3,False
What a thrilling trip!,anxiety,1221,8,1,inform,I really feel what a thrilling trip!,fear,anxiety,1,True
"Oh, right. So, I can’t quite follow what’s going on... who’s winning?",happiness,1468,2,1,question,"Oh, right. So, I cannot quite follow what is going on... who is winning?",happiness,happiness,8,False
Thanks. I'd love to. What time is the show?,happiness,1848,1,1,question,Thanks. I would love to. What time is the show?,happiness,happiness,8,False
"Yes, a low fever. I feel terrible. Am I dying?",depression,2112,3,1,question,"Honestly, Yes, a low fever. I feel terrible. Am I dying?",sadness,depression,0,True
"Only sometimes when I think about it, I feel very sad.",depression,1270,3,1,inform,"Only sometimes when I think about it, I feel very sad.",sadness,depression,0,False
OK. Thank you very much.,calm_neutral,1277,5,0,inform,OK. Thank you very much.,no emotion,calm_neutral,11,False
I'm worried that everything will be chaotic!,anxiety,658,3,1,inform,I am worried that everything will be chaotic!,fear,anxiety,1,False
"Oh, the clothes here are so expensive! No wonder there are few people.",excitement,1603,0,0,inform,"Oh, the clothes here are so expensive! No wonder there are few people.",surprise,excitement,10,False
"I am sorry, it's out of stock right now.",depression,1220,4,1,inform,"I am sorry, it is out of stock right now.",sadness,depression,0,False
"I decided to put him up while he's here, big mistake!",anger,1967,5,1,inform,"I decided to put him up while he is here, big mistake!",disgust,anger,3,False
It must be a haunted house. Are you frightened?,anxiety,2435,11,0,question,It must be a haunted house. Are you frightened?,fear,anxiety,1,False
I went to the library and lost my bag.,depression,1380,3,1,inform,"Honestly, I went to the library and lost my bag.",sadness,depression,0,True
"I see. Oh, wait. Ma'am, I'm sorry. These slacks were on sale.",depression,1386,6,0,inform,"I see. Oh, wait. Madam, I am sorry. These slacks were on sale.",sadness,depression,0,False
I'm afraid you'll have to find a parking meter.,depression,774,2,1,directive,I am afraid you will have to find a parking meter.,sadness,depression,0,False
"Twenty to one, in favour of the Cougars!",anger,2222,6,0,inform,"Twenty to one, in favour of the Cougars!",anger,anger,3,False
It's all good. I'll show you all the right moves. My name's Malik.,happiness,715,2,0,directive,"Lately, it is all good. i will show you all the right moves. my name's malik.",happiness,happiness,8,True
"That's a very difficult language to learn, isn't it?",calm_neutral,1765,13,0,question,"That is a very difficult language to learn, is not it?",no emotion,calm_neutral,11,False
Really? Is that why you wanted to come to the play?,excitement,2067,5,0,question,Really? Is that why you wanted to come to the play?,surprise,excitement,10,False
I feel very nervous about it.,anxiety,855,5,1,inform,I feel very nervous about it.,fear,anxiety,1,False
And you didn't think to leave them my cell phone?,anger,2327,7,1,question,And you did not think to leave them my cell phone?,anger,anger,3,False
There will be a parents' meeting in our class this Saturday and I am worried about it.,depression,440,1,1,inform,There will be a parents' meeting in our class this Saturday and I am worried about it.,sadness,depression,0,False
"Oh, my god! Only two hours left before the plane takes off. We need to be at the airport now.",excitement,2197,12,0,inform,"Oh, my god! Only two hours left before the plane takes off. We need to be at the airport now.",surprise,excitement,10,False
You can't be serious.,excitement,657,4,1,inform,You cannot be serious.,surprise,excitement,10,False
Excuse me! I don't have time to waste. I've been here almost one full hour!,anger,732,0,1,inform,Excuse me! I do not have time to waste. I have been here almost one full hour!,anger,anger,3,False
One hundted-twenty dollars. The small gift box is complementary.,happiness,1461,1,0,inform,One hundted-twenty dollars. The small gift box is complementary.,happiness,happiness,8,False
I am really sorry. I'll face the music.,depression,2456,4,1,inform,I am really sorry. I will face the music.,sadness,depression,0,False
"Oh dear, I’m late. I have to be in the office by eight a.m..",depression,2041,0,1,inform,"Honestly, Oh dear, I am late. I have to be in the office by eight a.m..",sadness,depression,0,True
"I'm sorry, but this was on sale, so I can only give you store credit.",depression,2014,5,0,directive,"I am sorry, but this was on sale, so I can only give you store credit.",sadness,depression,0,False
You are really tough. You got a deal.,depression,1661,14,0,inform,You are really tough. You got a deal.,sadness,depression,0,False
That’s highway robbery.,calm_neutral,1313,9,0,commissive,That is highway robbery.,no emotion,calm_neutral,11,False
I think he had water on the brain. This is bad.,anger,2216,2,0,inform,I think he had water on the brain. This is bad.,disgust,anger,3,False
"I can wait, but my toothache can't!",anger,1493,11,0,commissive,"I can wait, but my toothache cannot!",anger,anger,3,False
Really? How much is it?,excitement,807,11,1,question,Really? How much is it?,surprise,excitement,10,False
Really? How did you get the chance?,excitement,393,3,1,question,Really? How did you get the chance?,surprise,excitement,10,False
"Really, it's so beautiful.",anxiety,1909,1,1,inform,"Really, it is so beautiful.",fear,anxiety,1,False
OK. Then I'll be expecting you.,happiness,1101,13,1,inform,OK. Then I will be expecting you.,happiness,happiness,8,False
Come on! I'll pay you back on Tuesday.,anger,1440,2,1,directive,Come on! I will pay you back on Tuesday.,anger,anger,3,False
I'm standing in front of an exquisite work of art!,happiness,207,2,0,inform,I am standing in front of an exquisite work of art!,happiness,happiness,8,False
"I am sorry, uh, we will change yours for a new one.",depression,1589,4,0,inform,"I am sorry, uh, we will change yours for a new one.",sadness,depression,0,False
"Really? I've seen that movie, too.",excitement,1743,2,0,question,"Really? I have seen that movie, too.",surprise,excitement,10,False
"Yes, my brakes are not working well.",calm_neutral,743,1,1,inform,"Yes, my brakes are not working well.",no emotion,calm_neutral,11,False
No. That price would hardly cover the cost.,depression,1282,9,1,commissive,No. That price would hardly cover the cost.,sadness,depression,0,False
"You went out and bought khakis, too!",anger,271,4,1,inform,"You went out and bought khakis, too!",anger,anger,3,False
I'm Chen Liang.,calm_neutral,2185,4,1,inform,I am Chen Liang.,no emotion,calm_neutral,11,False
"That’s amazing! You got a good pay here, didn’t you?",excitement,1183,2,1,question,"Lately, that is amazing! you got a good pay here, did not you?",surprise,excitement,10,True
I don't know. But this is definitely the last straw.,depression,1970,8,0,inform,"Lately, i do not know. but this is definitely the last straw.",sadness,depression,0,True
Really? That's nice.,excitement,1626,1,1,question,Really? That is nice.,surprise,excitement,10,False
"He treats everyone pretty poorly, but the way he treats me really takes the cake!",anger,269,9,1,inform,"He treats everyone pretty poorly, but the way he treats me really takes the cake!",anger,anger,3,False
"I think you're being a bit optimistic. If you met them, you'd understand.",anger,127,16,0,inform,"I think you are being a bit optimistic. If you met them, you would understand.",disgust,anger,3,False
"Honey, I've got good news for you.",happiness,2133,0,1,inform,"Honey, I have got good news for you.",happiness,happiness,8,False
You speak really well.,happiness,75,4,1,inform,"Honestly, You speak really well.",happiness,happiness,8,True
"Yes, I am. I really don't know anyone.",calm_neutral,1747,1,1,inform,"Yes, I am. I really do not know anyone.",no emotion,calm_neutral,11,False
I really feel sorry for that rhumba boy if he ever identifies himself.,depression,383,5,0,inform,I really feel sorry for that rhumba boy if he ever identifies himself.,sadness,depression,0,False
He is not answering. You'd better check his pulse and breathing.,anxiety,433,3,0,directive,He is not answering. You would better check his pulse and breathing.,fear,anxiety,1,False
"You've just scratched my car. Oh, God, a paint was scratched off.",anger,2517,2,1,inform,"Honestly, You have just scratched my car. Oh, God, a paint was scratched off.",anger,anger,3,True
"Definitely. It's a wonderful meal. Thank you, honey.",excitement,449,6,0,inform,"Definitely. It is a wonderful meal. Thank you, honey.",surprise,excitement,10,False
"Oh, really? No wonder that she looks quite depressed recently.",excitement,1840,1,1,inform,"Oh, really? No wonder that she looks quite depressed recently.",surprise,excitement,10,False
What a pity! I missed it again.,depression,1106,3,1,inform,"Honestly, What a pity! I missed it again.",sadness,depression,0,True
Umm I think you have a small fever.,calm_neutral,524,5,1,inform,Umm I think you have a small fever.,no emotion,calm_neutral,11,False
How about seeing a play? I hear Hamlet is on at the National Theater.,happiness,1997,2,1,directive,How about seeing a play? I hear Hamlet is on at the National Theater.,happiness,happiness,8,False
I really don't think it's any of your business.,anger,1542,6,0,directive,"Lately, i really do not think it is any of your business.",anger,anger,3,True
Same here. I have't brought any new clothes for three months.,calm_neutral,2376,2,1,inform,Same here. I have't brought any new clothes for three months.,no emotion,calm_neutral,11,False
That doesn’t make any sense.,depression,825,11,1,inform,That does not make any sense.,sadness,depression,0,False
I don't think that you're done.,anger,1520,4,1,inform,I do not think that you are done.,anger,anger,3,False
Really? I will slow down then.,excitement,1762,10,1,question,Really? I will slow down then.,surprise,excitement,10,False
"It doesn’t matter. Oh, God, I have only four dollars in my wallet. Is that possible for me to buy one?",excitement,887,7,0,question,"It does not matter. Oh, God, I have only four dollars in my wallet. Is that possible for me to buy one?",surprise,excitement,10,False
Just alright? She's fabulous!,happiness,1305,4,0,inform,"Lately, just alright? she is fabulous!",happiness,happiness,8,True
How in the world did you guess that? Did someone tell you already?,excitement,1950,2,0,question,How in the world did you guess that? Did someone tell you already?,surprise,excitement,10,True
And why are you yarning now? Are you bored?,anger,2514,4,0,question,And why are you yarning now? Are you bored?,anger,anger,3,False
Why should I wear a skirt? Or a dress?,anger,1549,16,1,question,Why should I wear a skirt? Or a dress?,anger,anger,3,False
"It's your turn, sir. Sorry to keep you waiting.",depression,1802,0,1,directive,"It is your turn, sir. Sorry to keep you waiting.",sadness,depression,0,False
No! I have been expecting this moment for a long time. I mean my answer is ' yes '.,happiness,799,5,1,commissive,No! I have been expecting this moment for a long time. I mean my answer is ' yes '.,happiness,happiness,8,False
Don't make such a fuss. I'm sure you will like today's programme.,calm_neutral,254,6,1,inform,Do not make such a fuss. I am sure you will like today's programme.,no emotion,calm_neutral,11,False
I think it is the worst one I have ever seen.,anger,113,4,1,inform,I think it is the worst one I have ever seen.,disgust,anger,3,False
Really? Thank you.,excitement,2379,4,1,question,Really? Thank you.,surprise,excitement,10,False
At what age do children start school in your country?,calm_neutral,1894,0,0,question,At what age do children start school in your country?,no emotion,calm_neutral,11,False
That's the cutest little doll I've ever seen in my life!,excitement,1891,2,0,inform,"Lately, that is the cutest little doll i have ever seen in my life!",surprise,excitement,10,True
"Yes, in Paris, France.",calm_neutral,1243,9,1,inform,"Yes, in Paris, France.",no emotion,calm_neutral,11,False
"Yeah, a number of times.",depression,1970,6,0,inform,"Yeah, a number of times.",sadness,depression,0,False
What's this? Essential oil? Wow! This stuff is expensive.,excitement,2368,2,1,question,What is this? Essential oil? Wow! This stuff is expensive.,surprise,excitement,10,True
"Oh, any chance of a table by the window? My wife loves the bird's eye view. I want it to be a celebration.",happiness,1623,9,0,directive,"Oh, any chance of a table by the window? My wife loves the bird's eye view. I want it to be a celebration.",happiness,happiness,8,False
Then shall we keep pure friendship?,depression,1936,15,0,directive,Then shall we keep pure friendship? and it's affecting me deeply,sadness,depression,0,True
You mean I won't get a raise until recession ends?,anger,971,4,0,question,You mean I will not get a raise until recession ends?,anger,anger,3,False
But that still sounds expensive.,depression,1374,8,1,inform,But that still sounds expensive.,sadness,depression,0,False
Are you? I thought you had something to drink at her home.,excitement,1591,3,0,question,Are you? I thought you had something to drink at her home.,surprise,excitement,10,False
That's amazing. What tips did your trainer give you?,happiness,2074,6,1,question,That is amazing. What tips did your trainer give you?,happiness,happiness,8,False
"Really? Wow, it is great.",excitement,408,1,0,question,"Really? Wow, it is great.",surprise,excitement,10,False
OK. Don't forget to call Susan.,happiness,1350,13,0,directive,OK. Do not forget to call Susan.,happiness,happiness,8,False
What's on the program?,happiness,229,6,1,question,What is on the program?,happiness,happiness,8,False
"To be honest, it was horrible! My manager is such a pain in the neck!",anger,269,3,1,inform,"To be honest, it was horrible! My manager is such a pain in the neck!",anger,anger,3,False
And why are you yarning now? Are you bored?,anger,2514,4,0,question,And why are you yarning now? Are you bored?,anger,anger,3,False
Thank you very much.,anxiety,1783,11,0,commissive,Thank you very much.,fear,anxiety,1,False
"Look, Danny. The Four Great Inventions!",excitement,1329,2,0,inform,"Look, Danny. The Four Great Inventions!",surprise,excitement,10,False
Just two days ago it was thirty five. How can it be sixty?,excitement,701,13,0,question,Just two days ago it was thirty five. How can it be sixty?,surprise,excitement,10,False
"So, you want it delivered the day after tomorrow?",calm_neutral,2276,6,1,question,"So, you want it delivered the day after tomorrow?",no emotion,calm_neutral,11,False
Avril Lavigen!,excitement,2512,2,0,inform,Avril Lavigen!,surprise,excitement,10,False
Four weeks.,calm_neutral,1959,1,0,inform,Four weeks.,no emotion,calm_neutral,11,True
"Yes, both. Last trip I fished a little and hiked five miles.",happiness,1128,5,0,inform,"Yes, both. Last trip I fished a little and hiked five miles.",happiness,happiness,8,False
"I like bowling, but I prefer to be along with you.",happiness,2053,7,0,commissive,"I like bowling, but I prefer to be along with you.",happiness,happiness,8,False
Would you like some more rice?,happiness,916,4,0,directive,Would you like some more rice?,happiness,happiness,8,False
"To be honest, umm I was just dumped.",depression,839,1,0,inform,"To be honest, umm I was just dumped.",sadness,depression,0,False
"Oh, yes. I get six Korean channels but nothing in English!",anger,2347,11,1,inform,"Oh, yes. I get six Korean channels but nothing in English!",anger,anger,3,False
At eight thirty.,calm_neutral,536,6,0,inform,At eight thirty.,no emotion,calm_neutral,11,False
No! Umm my tour bus got a speeding ticket not ten minutes ago. Now my engine is on fire!,depression,2351,1,0,inform,No! Umm my tour bus got a speeding ticket not ten minutes ago. Now my engine is on fire!,sadness,depression,0,False
I’m awfully sorry to hear that. I’ll turn to it right away.,depression,484,5,1,commissive,I am awfully sorry to hear that. I will turn to it right away.,sadness,depression,0,False
Really? Do you like it?,excitement,1431,2,1,question,Really? Do you like it?,surprise,excitement,10,False
I am awfully sorry. Please tell us about the stains before the dry-cleaning next time.,depression,1446,11,1,directive,I am awfully sorry. Please tell us about the stains before the dry-cleaning next time.. This has been going on for a while,sadness,depression,0,True
"Oh, wow! It's really him! Who is that woman he's with?",excitement,863,8,1,question,"Oh, wow! It is really him! Who is that woman he is with?",surprise,excitement,10,False
I just watched a movie and I'm scared.,anxiety,1649,3,0,inform,I just watched a movie and I am scared.,fear,anxiety,1,False
"Sorry, you have the wrong number. There's no Brian here.",depression,586,1,0,commissive,"Sorry, you have the wrong number. There is no Brian here.",sadness,depression,0,False
"Yes, I think even though we are adults, it's still a good place for us to relax.",calm_neutral,2139,1,1,inform,"Honestly, Yes, I think even though we are adults, it is still a good place for us to relax.",no emotion,calm_neutral,11,True
I just lost my job. I'm just worried about how I'm going to pay the bills.,depression,1738,1,0,inform,I just lost my job. I am just worried about how I am going to pay the bills.,sadness,depression,0,False
I'm worried that everything will be chaotic!,anxiety,658,3,1,inform,I am worried that everything will be chaotic!,fear,anxiety,1,False
Will that be all for today?,calm_neutral,659,8,0,question,Will that be all for today?,no emotion,calm_neutral,11,False
"Yes, I like it very much.",happiness,228,9,0,inform,"Yes, I like it very much.",happiness,happiness,8,False
"Not from this brand, I'm afraid.",depression,1023,8,0,inform,"Not from this brand, I am afraid.",sadness,depression,0,False
I feel so tired.,depression,2530,1,0,inform,I feel so tired.,sadness,depression,0,False
"Thank you for waiting. It takes another ten to fifteen minutes, I'm afraid.",depression,1257,2,1,directive,"Thank you for waiting. It takes another ten to fifteen minutes, I am afraid.",sadness,depression,0,False
"Mr. Rodgers, this is George. He will take care of your luggage. If there is anything I can do for you, please let me know.",calm_neutral,1554,12,1,directive,"Mr. Rodgers, this is George. He will take care of your luggage. If there is anything I can do for you, please let me know.",no emotion,calm_neutral,11,False
What? Do you mean that you are pregnant? Is it true?,excitement,2133,3,0,question,What? Do you mean that you are pregnant? Is it true?,surprise,excitement,10,False
"Umm, how's life going, Zhang Lin?",happiness,456,2,0,question,"I really feel umm, how is life going, zhang lin?",happiness,happiness,8,True
"Well, there's nothing I can do about my height!",anger,563,4,0,inform,"Well, there is nothing I can do about my height!",anger,anger,3,False
Married whom?,calm_neutral,1026,1,1,question,Married whom?,no emotion,calm_neutral,11,False
You're kidding. The story and acting were outstanding.,excitement,1743,6,0,inform,You are kidding. The story and acting were outstanding.,surprise,excitement,10,True
I'm sorry. I didn't reconfirm in time and they gave away half of the seats.,depression,2327,4,0,inform,I am sorry. I did not reconfirm in time and they gave away half of the seats.,sadness,depression,0,False
Maybe we’ll meet some of the artists too.,happiness,2392,5,1,directive,Maybe we will meet some of the artists too. and it's affecting me deeply,happiness,happiness,8,True
I have a terrible toothache.,depression,1594,0,1,inform,I have a terrible toothache.. This has been going on for a while,sadness,depression,0,True
No. I couldn’t find a policeman.,depression,343,7,1,inform,No. I could not find a policeman.,sadness,depression,0,False
That's the cutest little doll I've ever seen in my life!,excitement,1891,2,0,inform,"Lately, that is the cutest little doll i have ever seen in my life!",surprise,excitement,10,True
"Oh, My God! So much!",anger,30,7,1,commissive,"Lately, oh, my god! so much!",disgust,anger,3,True
"Oh, gosh! I have to go to the restroom so bad! I can't bear it anymore!",anger,732,4,1,inform,"Oh, gosh! I have to go to the restroom so bad! I cannot bear it anymore!",anger,anger,3,False
"If so, I'd better try another store.",depression,1303,11,1,inform,"If so, I would better try another store.",sadness,depression,0,False
Well take your time. There are so many things to sell.,calm_neutral,1793,1,0,directive,Well take your time. There are so many things to sell.,no emotion,calm_neutral,11,False
How in the world did you guess that? Did someone tell you already?,excitement,1950,2,0,question,How in the world did you guess that? Did someone tell you already?,surprise,excitement,10,False
It's the holidays! Everybody knows how hard it is to get tickets!,anger,2327,9,1,inform,It is the holidays! Everybody knows how hard it is to get tickets!,anger,anger,3,False
"Yes, sir. Is there anything else you want, sir?",calm_neutral,129,6,1,question,"Yes, sir. Is there anything else you want, sir?",no emotion,calm_neutral,11,False
"Umm. That's what I thought, too. And I always enjoy watching Anthony Hopkins.",calm_neutral,372,5,0,inform,"Umm. That is what I thought, too. And I always enjoy watching Anthony Hopkins.",no emotion,calm_neutral,11,False
He is not answering. You'd better check his pulse and breathing.,anxiety,433,3,0,directive,He is not answering. You would better check his pulse and breathing.,fear,anxiety,1,False
I apologize for that. But the space is too small.,depression,2517,9,0,commissive,I apologize for that. But the space is too small.,sadness,depression,0,False
"You've just scratched my car. Oh, God, a paint was scratched off.",anger,2517,2,1,inform,"You have just scratched my car. Oh, God, a paint was scratched off.",anger,anger,3,False
Not on your life! I know I'd break my leg,anxiety,1667,8,1,commissive,Not on your life! I know I would break my leg,fear,anxiety,1,False
Because the board said sixty pesos for every Taiwan dollar.,excitement,701,10,1,inform,Because the board said sixty pesos for every Taiwan dollar.,surprise,excitement,10,False
"Oh, dear. That’s terrible. Umm, not at all what I expected.",anger,491,3,0,commissive,"Oh, dear. That is terrible. Umm, not at all what I expected.",disgust,anger,3,False
Haha. Wish you good luck.,happiness,91,7,0,inform,Haha. Wish you good luck.,happiness,happiness,8,False
It's my mother. She's sick and needs someone to take care of her. I'm the only one who can do it.,depression,623,12,1,inform,It is my mother. She is sick and needs someone to take care of her. I am the only one who can do it.,sadness,depression,0,False
"OK, a bottle of the house red please!",happiness,2021,7,1,commissive,"OK, a bottle of the house red please!",happiness,happiness,8,True
"Really? Oh, well, in that case we should play together some time. What's your handicap?",excitement,713,5,1,question,"I really feel really? oh, well, in that case we should play together some time. what is your handicap?",surprise,excitement,10,True
Are you serious?,excitement,1356,6,0,question,Are you serious?,surprise,excitement,10,False
I use those sites. Hey! Let's go check out a flea market later.,anxiety,500,4,0,directive,I use those sites. Hey! Let us go check out a flea market later.,fear,anxiety,1,False
Really? I'm not much of an outdoor person. What do you like about it?,excitement,1128,2,1,question,"Lately, really? i am not much of an outdoor person. what do you like about it?",surprise,excitement,10,True
Really? You guys must be really tight.,excitement,1438,2,1,question,Really? You guys must be really tight.,surprise,excitement,10,False
You should feel shameful for your behavior.,anger,791,6,1,inform,You should feel shameful for your behavior.,anger,anger,3,False
They said that they did. I've been so busy...,depression,2327,6,0,inform,They said that they did. I have been so busy...,sadness,depression,0,False
That sounds absolutely disgusting!,anger,896,8,0,inform,That sounds absolutely disgusting!,disgust,anger,3,False
"Sorry, I made a mistake. They're on the right side of the TV.",depression,1180,17,0,inform,"Sorry, I made a mistake. They are on the right side of the TV.",sadness,depression,0,True
"I'll use my VISA, if that's OK.",calm_neutral,280,8,0,inform,"I will use my VISA, if that is OK.",no emotion,calm_neutral,11,False
Really? How long have you been playing piano?,excitement,358,2,0,question,Really? How long have you been playing piano?,surprise,excitement,10,False
"No, but she speaks English fluently.",calm_neutral,1004,5,0,inform,"No, but she speaks English fluently.",no emotion,calm_neutral,11,False
You’re welcome.,happiness,1824,5,1,inform,You are welcome.,happiness,happiness,8,False
"Oh, My God! So much!",anger,30,7,1,commissive,"Lately, oh, my god! so much!",disgust,anger,3,True
Yes. There's one on the corner of twenty third street.,calm_neutral,1010,1,0,inform,Yes. There is one on the corner of twenty third street.,no emotion,calm_neutral,11,False
Thank you very much.,anxiety,1783,11,0,commissive,Thank you very much.,fear,anxiety,1,False
Flowers for my favorite girl.,happiness,2271,0,0,inform,"Lately, flowers for my favorite girl.",happiness,happiness,8,True
OK. Umm... I'll take it.,happiness,1132,9,0,inform,OK. Umm... I will take it.,happiness,happiness,8,False
( Afternoon ) Miss Liu. Are you typing my report?,calm_neutral,1410,7,0,directive,( Afternoon ) Miss Liu. Are you typing my report?,no emotion,calm_neutral,11,False
I see. I'd like to reserve a table for two.,happiness,1623,3,0,directive,I see. I would like to reserve a table for two.,happiness,happiness,8,False
"Wow, what a great burd!",excitement,566,1,0,inform,"Wow, what a great burd!",surprise,excitement,10,False
Really? He is my type.,excitement,2031,2,1,question,Really? He is my type.,surprise,excitement,10,False
That doesn’t make any sense.,depression,825,11,1,inform,That does not make any sense.,sadness,depression,0,False
"That's impossible! Umm, I'm talking about Mister Taylor Smith.",excitement,1261,4,0,inform,"That is impossible! Umm, I am talking about Mister Taylor Smith.",surprise,excitement,10,False
"Wow, is that your sports car?",happiness,1452,0,1,question,"Wow, is that your sports car?",happiness,happiness,8,False
Sorry. I didn't quite catch what you said. There's a lot of noise outside.,calm_neutral,1705,8,1,inform,Sorry. I did not quite catch what you said. There is a lot of noise outside.,no emotion,calm_neutral,11,False
No kidding! We have only five bottles of beer.,excitement,1729,9,0,inform,No kidding! We have only five bottles of beer.,surprise,excitement,10,False
How do you know her?,excitement,1421,13,1,question,How do you know her?,surprise,excitement,10,False
I think he had water on the brain. This is bad.,anger,2216,2,0,inform,"Honestly, I think he had water on the brain. This is bad.",disgust,anger,3,True
That's amazing! Really? How could it change so much in two days?,excitement,701,15,0,inform,That is amazing! Really? How could it change so much in two days?,surprise,excitement,10,False
"They are! Besides being loud and arrogant, they're also terrible gossips. They're always talking about everybody else in the apartment.",anger,127,8,0,inform,"They are! Besides being loud and arrogant, they are also terrible gossips. They are always talking about everybody else in the apartment.",anger,anger,3,False
"Oh, I'm sorry.",depression,2411,4,0,inform,"Oh, I am sorry.",sadness,depression,0,False
Is it a horror movie?,anxiety,1454,1,0,question,Is it a horror movie?,fear,anxiety,1,False
I just broke up with a girl. Why didn't she understand that I loved her?,depression,1758,1,0,question,I just broke up with a girl. Why did not she understand that I loved her?,sadness,depression,0,False
We’re in the same boat! I’ve eaten fast food the whole week. I hate it now.,anger,1910,5,0,inform,We are in the same boat! I have eaten fast food the whole week. I hate it now.,anger,anger,3,True
"Only twenty one hundred dollars? OK, let me have one.",excitement,253,6,0,question,"Only twenty one hundred dollars? OK, let me have one.",surprise,excitement,10,False
I’m afraid I’m busy tonight. I’m having dinner with friends.,calm_neutral,1694,1,1,inform,I am afraid I am busy tonight. I am having dinner with friends.. This has been going on for a while,no emotion,calm_neutral,11,True
There are so many flavors of ice cream to choose from!,happiness,1921,0,0,inform,There are so many flavors of ice cream to choose from!,happiness,happiness,8,True
It's worth a shot.,calm_neutral,1288,4,1,inform,It is worth a shot.,no emotion,calm_neutral,11,False
Hi George! It's good to see you!,excitement,2436,1,1,inform,Hi George! It is good to see you!,surprise,excitement,10,False
All right. Thank you for coming today.,happiness,1264,3,0,inform,All right. Thank you for coming today.,happiness,happiness,8,False
You mean I have to wear the same thing every day? MOM!,excitement,784,7,1,question,You mean I have to wear the same thing every day? MOM!,surprise,excitement,10,False
She is expecting.,happiness,428,3,0,inform,"Honestly, She is expecting.",happiness,happiness,8,True
It's my new pendant. Do you like it?,happiness,1732,1,0,question,It is my new pendant. Do you like it?,happiness,happiness,8,False
I feel so tired.,depression,2530,1,0,inform,I feel so tired.,sadness,depression,0,False
"Well, my hosue-mates and I are having a house-warming party. Would you like to come?",calm_neutral,1798,2,0,directive,"Well, my hosue-mates and I are having a house-warming party. Would you like to come?",no emotion,calm_neutral,11,False
Of course. Here you are.,happiness,5,3,1,commissive,Of course. Here you are.,happiness,happiness,8,False
The price tag says ninety nine-ninety nine dollars.,excitement,1679,2,1,question,"Honestly, The price tag says ninety nine-ninety nine dollars.",surprise,excitement,10,True
OK. I'll go and buy some cakes.,calm_neutral,1656,11,1,commissive,OK. I will go and buy some cakes.. This has been going on for a while,no emotion,calm_neutral,11,True
That's exactly what the visa officers want to hear. Do you have enough money for tuition and room and board?,calm_neutral,2384,14,0,question,That is exactly what the visa officers want to hear. Do you have enough money for tuition and room and board?,no emotion,calm_neutral,11,False
Why are you being so nice to me? Don't think for a second that I trust you.,anger,28,5,0,inform,Why are you being so nice to me? Do not think for a second that I trust you.,anger,anger,3,False
What appliances?,calm_neutral,2496,7,0,question,What appliances?,no emotion,calm_neutral,11,False
"No, nothing of the kind.",calm_neutral,858,13,0,inform,"No, nothing of the kind.",no emotion,calm_neutral,11,False
I just watched a movie and I'm scared.,anxiety,1649,3,0,inform,I just watched a movie and I am scared.,fear,anxiety,1,False
You are right.,calm_neutral,1747,7,1,inform,You are right.,no emotion,calm_neutral,11,False
"I’m sorry, Jim.",depression,2519,5,1,inform,"I am sorry, Jim.",sadness,depression,0,True
"It's a lot of money. But the picture is excellent, I'll take it.",happiness,1806,7,0,inform,"It is a lot of money. But the picture is excellent, I will take it.",happiness,happiness,8,False
I can’t bear to look at it. I’m rather disappointed.,anger,491,5,0,inform,I cannot bear to look at it. I am rather disappointed.,disgust,anger,3,False
"They are! Besides being loud and arrogant, they're also terrible gossips. They're always talking about everybody else in the apartment.",anger,127,8,0,inform,"They are! Besides being loud and arrogant, they are also terrible gossips. They are always talking about everybody else in the apartment.",anger,anger,3,False
"Let me check. Yes. Your thousand remittance, please.",calm_neutral,2527,6,1,directive,"Let me check. Yes. Your thousand remittance, please.",no emotion,calm_neutral,11,False
Umm... That's a bad habit.,calm_neutral,2167,9,1,inform,Umm... That is a bad habit.,no emotion,calm_neutral,11,False
"Oh, my God! It's good we have food.",excitement,788,18,0,inform,"Oh, my God! It is good we have food.",surprise,excitement,10,False
"No, it's too expensive for me. I've decided to take some exercises on my own.",calm_neutral,2478,3,1,inform,"No, it is too expensive for me. I have decided to take some exercises on my own.",no emotion,calm_neutral,11,False
"Well, he has already taken you know, that's his wife right there.",calm_neutral,835,5,1,inform,"Well, he has already taken you know, that is his wife right there.",no emotion,calm_neutral,11,False
Forget it! It was a bitter pill for me to swallow.,anger,94,3,1,inform,Forget it! It was a bitter pill for me to swallow.. This has been going on for a while,anger,anger,3,True
"Yes, disco dancing is my favorite. It's great fun and good exercise as well.",happiness,2192,8,1,inform,"Yes, disco dancing is my favorite. It is great fun and good exercise as well.",happiness,happiness,8,False
"There's the difference, your wife made it! I have to take my own lunch!",anger,945,7,1,inform,"There is the difference, your wife made it! I have to take my own lunch!",anger,anger,3,False
I feel very nervous about it.,anxiety,855,5,1,inform,I feel very nervous about it.,fear,anxiety,1,False
"I'm sorry, sir. I'm going to have to ask you to leave.",depression,698,0,1,directive,"I am sorry, sir. I am going to have to ask you to leave.",sadness,depression,0,False
Let me see. We should go to buy some fruit first.,calm_neutral,776,3,0,inform,Let me see. We should go to buy some fruit first.,no emotion,calm_neutral,11,False
I want to buy one of those snack things.,calm_neutral,644,2,0,inform,I want to buy one of those snack things.,no emotion,calm_neutral,11,False
"Well, that's for all. Excellent!",happiness,407,15,0,inform,"Well, that is for all. Excellent!",happiness,happiness,8,False
Now he's looking over here! He's coming!,anxiety,1332,6,1,inform,Now he is looking over here! He is coming!,fear,anxiety,1,False
OK. Here goes.,happiness,1676,8,0,commissive,OK. Here goes.,happiness,happiness,8,False
What a pity! I missed it again.,depression,1106,3,1,inform,What a pity! I missed it again.,sadness,depression,0,False
OK. Let's make it.,happiness,1611,8,0,commissive,OK. Let us make it.. This has been going on for a while,happiness,happiness,8,True
Good idea! We'll have to get right on it.,happiness,1826,8,1,commissive,Good idea! We will have to get right on it.,happiness,happiness,8,False
Would you honor us with a visit?,happiness,2063,0,1,directive,Would you honor us with a visit?,happiness,happiness,8,False
"What? Man, you don't know how to write a project report ? That's sounds a little bit ridiculous.",excitement,924,2,1,question,"What? Man, you do not know how to write a project report ? That is sounds a little bit ridiculous.",surprise,excitement,10,False
"Oh, I'm sorry.",depression,2411,4,0,inform,"Oh, I am sorry.",sadness,depression,0,False
"Sorry, Mr. Polly.",depression,887,6,1,inform,"Sorry, Mr. Polly.",sadness,depression,0,False
Hi Colin. How are you feeling today?,calm_neutral,1659,0,1,question,Hi Colin. How are you feeling today?,no emotion,calm_neutral,11,False
Really? I am looking forward to that. What about the traffic?,excitement,498,9,1,question,Really? I am looking forward to that. What about the traffic?,surprise,excitement,10,False
"Worse still, he is trying to avoid me these days.",depression,458,11,1,inform,"Worse still, he is trying to avoid me these days.. This has been going on for a while",sadness,depression,0,True
We really were lucky. We got the last available table for two and we didn't even have a reservation! Did you see the long lines behind us?,happiness,1622,0,0,question,We really were lucky. We got the last available table for two and we did not even have a reservation! Did you see the long lines behind us?,happiness,happiness,8,False
"Well, I had a terrible day of work, I'm thinking of quiting my job.",depression,2415,3,0,inform,"Well, I had a terrible day of work, I am thinking of quiting my job.",sadness,depression,0,False
"They are! Besides being loud and arrogant, they're also terrible gossips. They're always talking about everybody else in the apartment.",anger,127,8,0,inform,"They are! Besides being loud and arrogant, they are also terrible gossips. They are always talking about everybody else in the apartment. and it's affecting me deeply",anger,anger,3,True
"I see. Oh, wait. Ma'am, I'm sorry. These slacks were on sale.",depression,1386,6,0,inform,"I see. Oh, wait. Madam, I am sorry. These slacks were on sale.",sadness,depression,0,False
You can say that again! He won't even let us check our personal email at work!,anger,1484,8,1,inform,You can say that again! He will not even let us check our personal email at work!,anger,anger,3,False
I want my money back for the delivery.,anger,1032,8,1,directive,I want my money back for the delivery.,anger,anger,3,False
No problem.,happiness,465,8,0,inform,"Honestly, No problem.",happiness,happiness,8,True
"You are so paranoid! Not everybody is a crook, you know.",anger,390,5,0,inform,"You are so paranoid! Not everybody is a crook, you know.",anger,anger,3,False
Just what I thought!,anger,1890,4,1,inform,Just what I thought!,anger,anger,3,True
Is that right? This sure beats the old one?,excitement,2073,2,1,question,Is that right? This sure beats the old one?,surprise,excitement,10,False
Which date would that be?,calm_neutral,424,1,0,question,Which date would that be?,no emotion,calm_neutral,11,False
Kreng? I've never heard of that company.,excitement,1226,5,1,question,Kreng? I have never heard of that company.,surprise,excitement,10,False
I have a terrible toothache.,depression,1594,0,1,inform,I have a terrible toothache.. This has been going on for a while,sadness,depression,0,True
"Welcome, Ron, come on in!",happiness,1092,0,1,inform,"Welcome, Ron, come on in!",happiness,happiness,8,False
What? Are you sure about that?,excitement,1760,1,0,question,What? Are you sure about that?,surprise,excitement,10,False
Do you have any questions?,calm_neutral,1073,16,0,question,Do you have any questions?,no emotion,calm_neutral,11,False
"Yeah. Other than that, the real feature is the excellent drinks. Can I have your ticket?",happiness,1238,5,0,directive,"Yeah. Other than that, the real feature is the excellent drinks. Can I have your ticket?",happiness,happiness,8,False
Really? You must be...,excitement,987,11,0,question,Really? You must be...,surprise,excitement,10,False
Happy new year!,happiness,296,0,1,inform,Happy new year!,happiness,happiness,8,False
It must be a haunted house. Are you frightened?,anxiety,2435,11,0,question,It must be a haunted house. Are you frightened?,fear,anxiety,1,False
"Really? I've seen that movie, too.",excitement,1948,2,1,inform,"Really? I have seen that movie, too.",surprise,excitement,10,False
I'd like to come back next weekend.,happiness,931,6,0,inform,I would like to come back next weekend.,happiness,happiness,8,False
I'm afraid you've made a mistake. This isn't what I ordered.,depression,2075,2,1,inform,I am afraid you have made a mistake. This is not what I ordered. and it's affecting me deeply,sadness,depression,0,True
"Oh, you men! You are all the same.",anger,1911,10,1,inform,"Oh, you men! You are all the same.",anger,anger,3,False
"Worse still, he is trying to avoid me these days.",depression,458,11,1,inform,"Worse still, he is trying to avoid me these days.. This has been going on for a while",sadness,depression,0,True
It's too expensive.,depression,1098,3,1,inform,It is too expensive.,sadness,depression,0,False
It is stupid to say so.,anger,2245,5,0,inform,It is stupid to say so.,anger,anger,3,False
The heat is driving crazy and I hate my new hat.,anger,638,4,0,inform,The heat is driving crazy and I hate my new hat.,disgust,anger,3,False
No. I couldn’t find a policeman.,depression,343,7,1,inform,No. I could not find a policeman.,sadness,depression,0,True
Oooo. This sounds serious.,depression,1521,6,0,inform,Oooo. This sounds serious.,sadness,depression,0,False
"See you, Frank.",happiness,2164,15,1,inform,"See you, Frank.",happiness,happiness,8,False
"Well, I hate to have to say this, but I'm not happy with my room.",anger,1881,2,0,inform,"Well, I hate to have to say this, but I am not happy with my room.",disgust,anger,3,False
Really? Then just ask her to follow me.,excitement,1925,4,1,question,Really? Then just ask her to follow me.,surprise,excitement,10,False
"Oh, I'm sorry.",depression,2411,4,0,inform,"Oh, I am sorry.",sadness,depression,0,False
What's on?,calm_neutral,1997,5,0,question,What is on?,no emotion,calm_neutral,11,False
You’re going to have to wait for a computer.,calm_neutral,277,4,0,directive,You are going to have to wait for a computer.,no emotion,calm_neutral,11,False
"Yeah, you’re right. Can’t go wrong with that.",happiness,733,4,0,inform,"Yeah, you are right. Cannot go wrong with that.",happiness,happiness,8,False
"Ha, I know you are great secretary.",happiness,1410,11,0,inform,"Ha, I know you are great secretary.",happiness,happiness,8,False
There are clubs for beginners. It's cheaper to buy those rather than rent them a few times.,calm_neutral,1860,5,0,inform,There are clubs for beginners. It is cheaper to buy those rather than rent them a few times.,no emotion,calm_neutral,11,False
"Yes, and hurry up!",anger,756,2,0,inform,"Yes, and hurry up!",anger,anger,3,False
Let's make it the first item of business in our next meeting.,calm_neutral,1843,2,0,directive,Let us make it the first item of business in our next meeting.,no emotion,calm_neutral,11,False
"Sure thing, Johnny. Watch out for dishpan hands there, kid!",calm_neutral,1395,6,1,inform,"Sure thing, Johnny. Watch out for dishpan hands there, kid!",no emotion,calm_neutral,11,False
They're incredibly selfish. They're always up until the wee hours of the night playing their music so loudly. I have to wear earplugs to fall asleep!,anger,127,2,0,inform,They are incredibly selfish. They are always up until the wee hours of the night playing their music so loudly. I have to wear earplugs to fall asleep!,anger,anger,3,False
They both just talk about how great they are all the time.,anger,127,6,0,inform,They both just talk about how great they are all the time.,anger,anger,3,False
Like that Rastafarian over there? You mean dreadlocks? You crazy! That'll take way too long.,excitement,879,2,1,question,Like that Rastafarian over there? You mean dreadlocks? You crazy! That will take way too long.,surprise,excitement,10,False
Umm I wasn't done talking to you.,anger,1542,3,1,directive,Umm I was not done talking to you.,anger,anger,3,False
What! One hundred US dollars. Is it covered by the insurance?,excitement,955,4,0,question,What! One hundred US dollars. Is it covered by the insurance?,surprise,excitement,10,False
That sounds like fun. Where will it be?,happiness,928,3,0,question,That sounds like fun. Where will it be?,happiness,happiness,8,False
I like Macs. How much for a Mac?,happiness,280,4,0,question,I like Macs. How much for a Mac?,happiness,happiness,8,False
Really? How much does it cost to fly to Rome?,excitement,1156,13,0,question,Really? How much does it cost to fly to Rome?,surprise,excitement,10,False
I didn't think of it. Thank you. And I do apologize for being late.,depression,2220,4,1,commissive,I did not think of it. Thank you. And I do apologize for being late.,sadness,depression,0,False
"Oh, dad, I'm not a child. I'm seventeen already. I'll come back as soon as the film is over.",anger,1884,5,1,directive,"Oh, dad, I am not a child. I am seventeen already. I will come back as soon as the film is over.",anger,anger,3,False
I have some friends who might be able to help you find a job. I'll see what they can do.,happiness,1738,6,1,inform,I have some friends who might be able to help you find a job. I will see what they can do.,happiness,happiness,8,False
No kidding! We have only five bottles of beer.,excitement,1729,9,0,inform,No kidding! We have only five bottles of beer.,surprise,excitement,10,False
"Oh dear, I’m late. I have to be in the office by eight a.m..",depression,2041,0,1,inform,"Honestly, Oh dear, I am late. I have to be in the office by eight a.m..",sadness,depression,0,True
"Oh dear, we will miss our train.",depression,1531,10,0,inform,"Oh dear, we will miss our train.",sadness,depression,0,False
You mean this is going to be a regular thing?,calm_neutral,1483,6,0,question,You mean this is going to be a regular thing?,no emotion,calm_neutral,11,False
"Oh, I see him now. Wait! That's...",excitement,863,6,1,inform,"Oh, I see him now. Wait! That is...",surprise,excitement,10,False
I don't like it at all.,calm_neutral,2134,3,1,commissive,I do not like it at all.,no emotion,calm_neutral,11,False
No problem.,happiness,1952,12,0,inform,No problem.,happiness,happiness,8,False
Well we could go to that new art gallery instead.,happiness,2392,3,1,directive,"Lately, well we could go to that new art gallery instead.",happiness,happiness,8,True
"Sorry, no. We only take MasterCard or Visa.",depression,362,6,0,inform,"Sorry, no. We only take MasterCard or Visa.",sadness,depression,0,False
What a pity! You can't join us.,depression,311,4,1,inform,What a pity! You cannot join us.,sadness,depression,0,False
I don't want to sit there and watch them torturing the animals.,anger,1402,3,0,inform,I do not want to sit there and watch them torturing the animals.,anger,anger,3,False
"It's where I teach you Chinese, and in exchange you teach me English.",calm_neutral,443,8,1,inform,"It is where I teach you Chinese, and in exchange you teach me English.",no emotion,calm_neutral,11,False
I’ve just found a mouse in the house!,excitement,1089,0,0,inform,I have just found a mouse in the house!,surprise,excitement,10,False
Is it urgent?,calm_neutral,2500,3,1,question,Is it urgent?,no emotion,calm_neutral,11,False
I just broke up with a girl. Why didn't she understand that I loved her?,depression,1758,1,0,question,I just broke up with a girl. Why did not she understand that I loved her?,sadness,depression,0,False
"Uh, sorry, I dialed the wrong number.",depression,2416,4,1,inform,"Uh, sorry, I dialed the wrong number.",sadness,depression,0,False
"All right, then let's begin.",happiness,867,11,0,commissive,"All right, then let us begin.",happiness,happiness,8,False
I want to have a car like that. But I am not rich. And I don’t have a rich daddy.,depression,1613,3,0,inform,I want to have a car like that. But I am not rich. And I do not have a rich daddy.,sadness,depression,0,False
I'm very sorry to have caused you this trouble.,depression,756,7,1,inform,I am very sorry to have caused you this trouble.,sadness,depression,0,True
Alright. Have fun on Saturday.,happiness,2499,14,1,inform,Alright. Have fun on Saturday.,happiness,happiness,8,False
Tin or bottle?,calm_neutral,334,8,1,question,Tin or bottle?,no emotion,calm_neutral,11,False
Thank you for coming to see me off.,happiness,2516,0,1,inform,Thank you for coming to see me off.,happiness,happiness,8,False
"The thing is, this isn't the first time she's promised to do something and then didn't.",anger,587,6,0,inform,"The thing is, this is not the first time she is promised to do something and then did not.",anger,anger,3,False
"Uh, sorry, I dialed the wrong number.",depression,2416,4,1,inform,"Uh, sorry, I dialed the wrong number.",sadness,depression,0,False
"Oh, the clothes here are so expensive! No wonder there are few people.",excitement,1603,0,0,inform,"Oh, the clothes here are so expensive! No wonder there are few people.",surprise,excitement,10,False
Your idol! Wow! You're even better at finding stuff than me!,happiness,1248,3,0,inform,Your idol! Wow! You are even better at finding stuff than me!,happiness,happiness,8,False
What about that one over there?,calm_neutral,2539,4,1,question,What about that one over there?,no emotion,calm_neutral,11,False
"For me, traffic jams are quite stressful, because I'm pretty impatient. How can I prevent myself from getting stressed if I get stuck in a traffic jam?",calm_neutral,365,8,0,question,"For me, traffic jams are quite stressful, because I am pretty impatient. How can I prevent myself from getting stressed if I get stuck in a traffic jam?",no emotion,calm_neutral,11,False
Really? What was the matter?,excitement,1973,2,1,question,Really? What was the matter?,surprise,excitement,10,False
What a wonderful game!,happiness,1506,0,1,inform,What a wonderful game!,happiness,happiness,8,False
I wasn't happy with it.,anger,1209,5,0,inform,I was not happy with it.,disgust,anger,3,True
Out? What do you mean out?,excitement,1483,2,0,question,Out? What do you mean out?,surprise,excitement,10,False
No problem.,happiness,2061,13,1,commissive,No problem.,happiness,happiness,8,False
"Yes, I did, thanks.",happiness,1217,2,0,inform,"Yes, I did, thanks.",happiness,happiness,8,False
Toys? Why do we need toys for a picnic?,excitement,1475,9,1,question,Toys? Why do we need toys for a picnic?,surprise,excitement,10,False
What? Beg your pardon.,excitement,1979,2,0,question,What? Beg your pardon.,surprise,excitement,10,False
"Umm I am sorry, but you need a receipt for a refund.",depression,669,3,0,commissive,"Umm I am sorry, but you need a receipt for a refund.",sadness,depression,0,False
My boss has been breathing down my neck all day. I can't wait for the weekend!,anger,1484,6,1,inform,My boss has been breathing down my neck all day. I cannot wait for the weekend!,anger,anger,3,False
"Yes, it looks interesting.",happiness,2435,1,0,inform,"Yes, it looks interesting.",happiness,happiness,8,False
"Really, it's so beautiful.",anxiety,1909,1,1,inform,"Really, it is so beautiful.",fear,anxiety,1,False
Avril Lavigen!,excitement,2512,2,0,inform,Avril Lavigen!,surprise,excitement,10,False
"My dear, it's five flights up!",excitement,2529,0,1,inform,"My dear, it is five flights up!",surprise,excitement,10,False
I'm afraid you've made a mistake. This isn't what I ordered.,depression,2075,2,1,inform,I am afraid you have made a mistake. This is not what I ordered.,sadness,depression,0,False
So what? It is not fresh and I'm not happy about it.,anger,178,3,0,inform,So what? It is not fresh and I am not happy about it.,anger,anger,3,False
All right. Maybe next time I can go with you. Bye!,calm_neutral,1455,7,0,inform,All right. Maybe next time I can go with you. Bye!,no emotion,calm_neutral,11,False
Great! I will take it. And could you suggest a pair of trousers to match this sweater?,happiness,567,5,1,directive,Great! I will take it. And could you suggest a pair of trousers to match this sweater?,happiness,happiness,8,False
Eighty-five? That's the best you can do? I'll come back later.,excitement,1476,5,1,question,Eighty-five? That is the best you can do? I will come back later.,surprise,excitement,10,False
Oh! How could I forget such an important holiday?,excitement,236,3,0,inform,Oh! How could I forget such an important holiday?,surprise,excitement,10,False
Sounds nice. What about classes?,happiness,454,10,0,question,Sounds nice. What about classes?,happiness,happiness,8,False
"No, Madam. I don't think I do.",depression,124,4,0,inform,"No, Madam. I do not think I do.",sadness,depression,0,False
"Sorry, you can only pay cash.",depression,1633,3,1,commissive,"I really feel sorry, you can only pay cash.",sadness,depression,0,True
"Good heavens, am I really? I'm so sorry, I didn't notice.",depression,1034,5,0,question,"Good heavens, am I really? I am so sorry, I did not notice.",sadness,depression,0,False
This looks like a nice restaurant.,happiness,1054,0,0,inform,This looks like a nice restaurant.,happiness,happiness,8,False
I think he had water on the brain. This is bad.,anger,2216,2,0,inform,"Honestly, I think he had water on the brain. This is bad.",disgust,anger,3,True
"Umm, I'm afraid I have to return this sweater.",depression,1111,0,0,directive,"Umm, I am afraid I have to return this sweater.",sadness,depression,0,False
Which day would suit you?,happiness,2460,2,0,question,Which day would suit you?,happiness,happiness,8,False
Umm your Rose is a fool.,anger,703,5,1,inform,I really feel umm your rose is a fool.,disgust,anger,3,True
I can tell you worked hard on it.,happiness,2509,3,1,inform,I can tell you worked hard on it.,happiness,happiness,8,False
Really? I hope I can have a chance to taste it. Don't forget to tell me.,excitement,351,6,0,commissive,Really? I hope I can have a chance to taste it. Do not forget to tell me.,surprise,excitement,10,False
How slowly you drive!,anger,116,0,1,inform,How slowly you drive!. This has been going on for a while,anger,anger,3,True
I can’t believe it! I thought the Cougars were going to win for sure.,anger,2222,4,0,inform,I cannot believe it! I thought the Cougars were going to win for sure.,anger,anger,3,False
You're going to do great. And you're going to look great.,happiness,1339,3,1,inform,You are going to do great. And you are going to look great.,happiness,happiness,8,False
"At cars! You aren't thinking about buying a car, are you?",anger,1543,4,1,question,"At cars! You are not thinking about buying a car, are you?",anger,anger,3,False
Now he's looking over here! He's coming!,anxiety,1332,6,1,inform,Now he is looking over here! He is coming!,fear,anxiety,1,False
I'm afraid you've made a mistake. This isn't what I ordered.,depression,2075,2,1,inform,I am afraid you have made a mistake. This is not what I ordered. and it's affecting me deeply,sadness,depression,0,True
That's it? That's the tradition?,calm_neutral,1055,4,0,question,That is it? That is the tradition?,no emotion,calm_neutral,11,False
"Oh, my god. I am so heavy now. I gain ten kilos.",excitement,1163,0,1,inform,"Oh, my god. I am so heavy now. I gain ten kilos.",surprise,excitement,10,False
You don't know what you are asking!,anger,212,1,0,commissive,You do not know what you are asking!,anger,anger,3,True
Good. How about this picture of cranes with pine trees? It was painted by a famous Chinese painter in King Dynasty.,happiness,1806,4,1,question,I really feel good. how about this picture of cranes with pine trees? it was painted by a famous chinese painter in king dynasty.,happiness,happiness,8,True
How is your house hunting going?,calm_neutral,528,0,1,question,How is your house hunting going?,no emotion,calm_neutral,11,False
Certainly. A simple letter from your bank would be quite satisfactory.,happiness,695,9,0,commissive,Certainly. A simple letter from your bank would be quite satisfactory.,happiness,happiness,8,False
That's sheer robbery!,anger,1282,4,0,inform,That is sheer robbery!,anger,anger,3,False
What do you mean? It's a scrim.,excitement,196,2,0,question,What do you mean? It is a scrim.,surprise,excitement,10,False
You’re kidding. It can’t be true.,excitement,798,2,0,inform,You are kidding. It cannot be true.,surprise,excitement,10,False
"I am sorry, sir. All the tables have been booked.",depression,1375,1,1,inform,"I am sorry, sir. All the tables have been booked.",sadness,depression,0,False
Because the board said sixty pesos for every Taiwan dollar.,excitement,701,10,1,inform,Because the board said sixty pesos for every Taiwan dollar.,surprise,excitement,10,False
I am afraid I'm not interested in fashion.,depression,1142,9,0,inform,I really feel i am afraid i am not interested in fashion.,sadness,depression,0,True
"Yes, I do. That looks good. It's not too short. It's just right. How much do I owe you?",happiness,382,7,0,question,"Yes, I do. That looks good. It is not too short. It is just right. How much do I owe you?",happiness,happiness,8,False
It's July fifth.,calm_neutral,2176,1,0,inform,It is July fifth.,no emotion,calm_neutral,11,False
Congratulations to you.,happiness,428,4,1,inform,Congratulations to you.,happiness,happiness,8,False
Umm but it's Saturday!,excitement,268,4,0,inform,Umm but it is Saturday!,surprise,excitement,10,False
Thank you very much.,anxiety,1783,11,0,commissive,Thank you very much.,fear,anxiety,1,False
"Yes, please. I can't stand watching the channel any more.",anger,254,2,1,inform,"Yes, please. I cannot stand watching the channel any more.",anger,anger,3,False
Please hop in.,calm_neutral,1621,3,1,commissive,Please hop in.,no emotion,calm_neutral,11,False
"Oh, really? Do you know which company it's from?",excitement,1812,4,1,question,"Oh, really? Do you know which company it is from?",surprise,excitement,10,False
It's pretty. How much is it?,happiness,1276,8,0,question,It is pretty. How much is it? and it's affecting me deeply,happiness,happiness,8,True
I like your black clothes and your fangs are cool.,happiness,91,5,0,inform,I like your black clothes and your fangs are cool.,happiness,happiness,8,False
"I know life is not all roses, and I believe I will pull this through.",happiness,974,7,0,inform,"I know life is not all roses, and I believe I will pull this through.",happiness,happiness,8,False
I really enjoyed meeting with you.,happiness,1566,7,0,inform,I really enjoyed meeting with you.,happiness,happiness,8,False
Our reservation number is J-two two one.,calm_neutral,909,4,1,inform,Our reservation number is J-two two one.,no emotion,calm_neutral,11,False
OK! I'll call security.,anxiety,1332,7,0,inform,OK! I will call security.,fear,anxiety,1,False
"Guess what, Gilly? I won both bids.",happiness,310,0,1,question,"Guess what, Gilly? I won both bids.",happiness,happiness,8,False
"I thought it was 'the same day' service. Anyway, please do hurry.",calm_neutral,1241,4,0,directive,"I thought it was 'the same day' service. Anyway, please do hurry.",no emotion,calm_neutral,11,False
Sorry. It is the smallest size we have.,depression,1296,6,1,inform,Sorry. It is the smallest size we have.,sadness,depression,0,False
"Sorry, I really can't do that. There's little time left for us.",calm_neutral,833,1,0,commissive,"Sorry, I really cannot do that. There is little time left for us.",no emotion,calm_neutral,11,False
"Excuse me, may I help you?",calm_neutral,2213,0,1,question,"Excuse me, may I help you?",no emotion,calm_neutral,11,False
"Here I’ll take taxi instead, how do you refund us?",calm_neutral,909,8,1,question,"Here I will take taxi instead, how do you refund us?",no emotion,calm_neutral,11,False
I'm afraid this course is for four persons.,depression,1922,2,1,commissive,I am afraid this course is for four persons.,sadness,depression,0,False
Good! How much does the sea view stateroom cost for per person?,happiness,1372,4,0,question,Good! How much does the sea view stateroom cost for per person?,happiness,happiness,8,False
I saw her dating with her ex-boyfriend again.,depression,1966,3,0,inform,I saw her dating with her ex-boyfriend again.,sadness,depression,0,False
What kind of family are you like?,calm_neutral,2345,5,1,question,What kind of family are you like?,no emotion,calm_neutral,11,False
Sounds good!,happiness,2478,8,0,inform,Sounds good!,happiness,happiness,8,True
You didn't show up to my performance last night! Some kind of friend you are!,anger,137,0,0,inform,You did not show up to my performance last night! Some kind of friend you are!,anger,anger,3,False
"Oh, wow! It's really him! Who is that woman he's with?",excitement,863,8,1,question,"Oh, wow! It is really him! Who is that woman he is with?",surprise,excitement,10,False
"Really, it's so beautiful.",anxiety,1909,1,1,inform,"Lately, really, it is so beautiful.",fear,anxiety,1,True
"If so, I'd better try another store.",depression,1303,11,1,inform,"If so, I would better try another store.",sadness,depression,0,False
"I do, but I would appreciate you, if it could be arranged.",happiness,1623,11,0,directive,"I do, but I would appreciate you, if it could be arranged.",happiness,happiness,8,False
But it still hurts. I thought I loved him.,depression,118,5,1,inform,But it still hurts. I thought I loved him.,sadness,depression,0,False
"Oh, they have? I didn't know. I haven't seen Tom lately.",excitement,1866,5,1,question,"Oh, they have? I did not know. I have not seen Tom lately.",surprise,excitement,10,False
What's the puzzle?,calm_neutral,32,4,1,question,What is the puzzle?,no emotion,calm_neutral,11,False
You didn't tell me she was married!,anger,1456,0,0,inform,You did not tell me she was married!,anger,anger,3,False
How about some lipstick? Every woman needs a nice tube of lipstick.,calm_neutral,1439,10,1,directive,How about some lipstick? Every woman needs a nice tube of lipstick.,no emotion,calm_neutral,11,False
Red cooked carp and rape with fresh mushrooms.,calm_neutral,894,1,1,inform,Red cooked carp and rape with fresh mushrooms.,no emotion,calm_neutral,11,False
I don't think you really want to hear about it.,anger,269,1,1,inform,I do not think you really want to hear about it.,anger,anger,3,False
I just don't like my hair.,anger,762,8,1,inform,I just do not like my hair.,disgust,anger,3,False
"Sir, are you sure you haven't seen the same silverfish nine times?",calm_neutral,2070,5,1,directive,"Sir, are you sure you have not seen the same silverfish nine times?",no emotion,calm_neutral,11,False
"You're going to have to tell them what to do in church, what everything means...",calm_neutral,658,5,1,directive,"You are going to have to tell them what to do in church, what everything means...",no emotion,calm_neutral,11,False
Ahahah! What is that thing on your couch! It just moved!,excitement,2409,0,0,question,Ahahah! What is that thing on your couch! It just moved!,surprise,excitement,10,False
I used to buy lunch every day from the International food stall at school. Everyday was an adventure!,happiness,203,16,1,inform,I used to buy lunch every day from the International food stall at school. Everyday was an adventure!,happiness,happiness,8,False
What do you mean? It's a scrim.,excitement,196,2,0,question,What do you mean? It is a scrim.,surprise,excitement,10,False
How much is it?,calm_neutral,1977,11,1,question,How much is it?,no emotion,calm_neutral,11,False
OK. Let me try it.,calm_neutral,1647,9,0,commissive,OK. Let me try it.,no emotion,calm_neutral,11,False
"I always hit the snooze button, so give me two calls, one at seven and another at seven fifteen.",calm_neutral,843,2,1,directive,"I always hit the snooze button, so give me two calls, one at seven and another at seven fifteen.",no emotion,calm_neutral,11,False
Thank you. Where should I send your final phone bill?,happiness,1194,9,1,question,Thank you. Where should I send your final phone bill?,happiness,happiness,8,False
I was late for work because of them.,anger,1032,6,1,inform,I was late for work because of them.,anger,anger,3,False
Didn't tell me what? What?,excitement,784,3,1,question,Did not tell me what? What?,surprise,excitement,10,False
Are you kidding? You got the leading role.,excitement,2280,3,1,question,Are you kidding? You got the leading role.,surprise,excitement,10,False
Didn't tell me what? What?,excitement,784,3,1,question,Did not tell me what? What?,surprise,excitement,10,False
"I'm hungry, let's order up something to eat.",calm_neutral,2340,0,0,directive,"I am hungry, let us order up something to eat.",no emotion,calm_neutral,11,False
You're welcome.,happiness,2001,5,1,inform,You are welcome.,happiness,happiness,8,False
Sorry. You'd better get off for taking another taxi.,depression,116,5,0,inform,Sorry. You would better get off for taking another taxi.,sadness,depression,0,False
So soon? Why don't you stay a little longer?,excitement,2174,1,0,directive,So soon? Why do not you stay a little longer?. This has been going on for a while,surprise,excitement,10,True
It's the fourth one this year. Isn't it horrible.,anger,15,1,1,question,It is the fourth one this year. Is not it horrible.,disgust,anger,3,False
Gate twenty nine C. Have a nice flight.,happiness,2450,8,0,inform,Gate twenty nine C. Have a nice flight.,happiness,happiness,8,False
"Really? That's unusual for October, isn't it?",excitement,2159,3,0,question,"Really? That is unusual for October, is not it?",surprise,excitement,10,False
Don't worry about money. I'll treat you tonight.,happiness,414,13,0,directive,"Lately, do not worry about money. i will treat you tonight.",happiness,happiness,8,True
"Oh! I'm sorry, but I wish you could stay.",excitement,1605,3,1,inform,"Oh! I am sorry, but I wish you could stay. and it's affecting me deeply",surprise,excitement,10,True
Are you sure you're finished?,anger,1960,4,1,question,Are you sure you are finished?,anger,anger,3,False
Oooo... gross... you're sweating all over the place.,anger,1601,3,1,commissive,Oooo... gross... you are sweating all over the place.,disgust,anger,3,False
So he will make a perfect husband. Make sure you will be here next Monday.,happiness,2203,5,1,inform,So he will make a perfect husband. Make sure you will be here next Monday.,happiness,happiness,8,False
I'm afraid I can't. Parking is not allowed here.,depression,427,1,0,commissive,I am afraid I cannot. Parking is not allowed here.,sadness,depression,0,False
It's nice of you to see my off at the airport. Thank you very much.,happiness,591,1,0,inform,It is nice of you to see my off at the airport. Thank you very much.,happiness,happiness,8,False
"Of course I know it, but you know it's hard to quit smoking...",calm_neutral,255,7,0,inform,"Of course I know it, but you know it is hard to quit smoking...",no emotion,calm_neutral,11,False
The weather is really nice today. Let's walk.,happiness,480,4,0,directive,The weather is really nice today. Let us walk.,happiness,happiness,8,False
I'm sorry. These batteries are not on sale.,depression,2461,1,1,inform,I am sorry. These batteries are not on sale.,sadness,depression,0,False
"I think you're being a bit optimistic. If you met them, you'd understand.",anger,127,16,0,inform,"I think you are being a bit optimistic. If you met them, you would understand.",disgust,anger,3,False
Have you made the decision yet?,depression,1936,13,0,question,Have you made the decision yet?,sadness,depression,0,False
"It doesn’t matter. Oh, God, I have only four dollars in my wallet. Is that possible for me to buy one?",excitement,887,7,0,question,"It does not matter. Oh, God, I have only four dollars in my wallet. Is that possible for me to buy one?",surprise,excitement,10,False
"Come on baby, let's dance!",happiness,2288,4,0,directive,"Come on baby, let us dance!",happiness,happiness,8,False
Sorry. You'd better get off for taking another taxi.,depression,116,5,0,inform,Sorry. You would better get off for taking another taxi.,sadness,depression,0,False
Really! What's the matter with him?,excitement,96,2,0,question,Really! What is the matter with him?,surprise,excitement,10,False
The Canadian rock singer? But I heard you had a part-time job yesterday. How did you see her?,excitement,2512,3,1,question,The Canadian rock singer? But I heard you had a part-time job yesterday. How did you see her?,surprise,excitement,10,False
Umm no problem.,happiness,1942,15,1,commissive,Umm no problem.,happiness,happiness,8,True
"Ur, you really let me down.",anger,2013,6,0,inform,"You Are, you really let me down.",anger,anger,3,False
That must have been wonderful. Do anything interesting?,happiness,319,2,1,question,"Honestly, That must have been wonderful. Do anything interesting?",happiness,happiness,8,True
How slowly you drive!,anger,116,0,1,inform,How slowly you drive!,anger,anger,3,False
Who are they for?,calm_neutral,1748,2,1,question,Who are they for?,no emotion,calm_neutral,11,False
It's your fault for mixing the two broths!,anger,1601,4,0,directive,It is your fault for mixing the two broths!,anger,anger,3,False
"Sorry, we can’t come down any more.",depression,1374,9,0,inform,"Sorry, we cannot come down any more.",sadness,depression,0,False
"Well, they should have called you!",anger,2327,5,1,inform,"Well, they should have called you!",anger,anger,3,False
I thought you had an elephant in your house.,excitement,2296,8,0,inform,I thought you had an elephant in your house.,surprise,excitement,10,False
I was late for work because of them.,anger,1032,6,1,inform,I was late for work because of them.,anger,anger,3,False
I am really sorry.,depression,1028,5,1,inform,I am really sorry.,sadness,depression,0,False
"Dreadful. There, the door is open now.",calm_neutral,177,4,0,inform,"Dreadful. There, the door is open now.",no emotion,calm_neutral,11,False
Really? What was the matter?,excitement,1973,2,1,question,Really? What was the matter?,surprise,excitement,10,False
It must be a haunted house. Are you frightened?,anxiety,2435,11,0,question,It must be a haunted house. Are you frightened?,fear,anxiety,1,False
"Yes, I would like to buy a pair of dress shoes.",calm_neutral,1540,1,1,directive,"Yes, I would like to buy a pair of dress shoes.",no emotion,calm_neutral,11,False
Good morning! Do you have any rooms available at the moment?,calm_neutral,430,1,0,question,Good morning! Do you have any rooms available at the moment?,no emotion,calm_neutral,11,False
I think so too. How much is it?,calm_neutral,1560,2,0,question,I think so too. How much is it?,no emotion,calm_neutral,11,False
I'm afraid not.,calm_neutral,1080,9,1,inform,I am afraid not.,no emotion,calm_neutral,11,False
Really? that’s very good. What about French?,excitement,1285,6,0,question,Really? that is very good. What about French?,surprise,excitement,10,False
Yes. What time does it start and do you want to meet me there?,happiness,2380,5,1,question,Yes. What time does it start and do you want to meet me there?. This has been going on for a while,happiness,happiness,8,True
That's amazing! Really? How could it change so much in two days?,excitement,701,15,0,inform,That is amazing! Really? How could it change so much in two days?,surprise,excitement,10,False
I can't work out this problem.,depression,795,2,0,inform,I cannot work out this problem.,sadness,depression,0,False
"Uh! I can't swallow them, Dad!",anger,1411,2,1,commissive,"Uh! I cannot swallow them, Dad!",anger,anger,3,False
The heat is driving crazy and I hate my new hat.,anger,638,4,0,inform,The heat is driving crazy and I hate my new hat.,disgust,anger,3,False
Guess what? I've got great news!,excitement,2107,0,1,question,"Lately, guess what? i have got great news!",surprise,excitement,10,True
"Yes, they were horrible. We had to wear green every day!",anger,499,14,1,inform,"Yes, they were horrible. We had to wear green every day!",anger,anger,3,False
"You have your library card, right?",calm_neutral,138,2,0,question,"You have your library card, right?",no emotion,calm_neutral,11,False
"Well, I know a little Italian.",calm_neutral,1735,5,0,inform,"Lately, well, i know a little italian.",no emotion,calm_neutral,11,True
Nothing. I just feel very lonely in this city. I miss my family.,depression,861,3,1,inform,Nothing. I just feel very lonely in this city. I miss my family.,sadness,depression,0,False
Now he's looking over here! He's coming!,anxiety,1332,6,1,inform,I really feel now he is looking over here! he is coming!,fear,anxiety,1,True
Really? Umm what makes you say that?,excitement,606,7,1,question,Really? Umm what makes you say that?,surprise,excitement,10,False
Whatever. Give me another pack.,calm_neutral,680,4,0,directive,Whatever. Give me another pack.,no emotion,calm_neutral,11,False
Oh dear. I don't have it with me. Do you take debit cards or should I pay with cash?,calm_neutral,270,10,1,directive,Oh dear. I do not have it with me. Do you take debit cards or should I pay with cash?,no emotion,calm_neutral,11,False
"You're right. But if I get too thin, my mom will make me go to the hospital again.",calm_neutral,2508,4,0,inform,"You are right. But if I get too thin, my mom will make me go to the hospital again.",no emotion,calm_neutral,11,False
"Oh, no! I'm leaving for Japan at eleven this morning.",excitement,1241,2,0,inform,"Oh, no! I am leaving for Japan at eleven this morning.",surprise,excitement,10,False
Technical barriers are set for imported goods.,calm_neutral,34,7,0,inform,Technical barriers are set for imported goods.,no emotion,calm_neutral,11,False
My goodness! You’re kidding!,excitement,1183,0,1,inform,My goodness! You are kidding!,surprise,excitement,10,False
"I'm sorry, but we don't allow returns on sale items.",depression,1386,8,0,commissive,"I am sorry, but we do not allow returns on sale items. and it's affecting me deeply",sadness,depression,0,True
May I come in?,calm_neutral,2098,0,1,directive,May I come in?,no emotion,calm_neutral,11,False
"Oh, that's too bad. Should I call a doctor ?",depression,883,2,0,question,"Oh, that is too bad. Should I call a doctor ?",sadness,depression,0,False
What? How could you forget to reserve the concert tickets?,excitement,1550,0,1,question,What? How could you forget to reserve the concert tickets?,surprise,excitement,10,False
Thank you very much.,anxiety,1783,11,0,commissive,Thank you very much.,fear,anxiety,1,False
I knew this would happen some day...,depression,1936,9,0,commissive,I knew this would happen some day...,sadness,depression,0,False
"Wow, that sounds great.",happiness,454,12,0,inform,"Wow, that sounds great.",happiness,happiness,8,False
"Hello? Yes, someone has passed out at Dongle Avenue. and second street. He isn't breathing and doesn't have a pulse. Yes, my friend is performing CPR. Ok, thank you. They are sending an ambulance. Here, let me help.",anxiety,433,5,0,commissive,"Hello? Yes, someone has passed out at Dongle Avenue. and second street. He is not breathing and does not have a pulse. Yes, my friend is performing CPR. Ok, thank you. They are sending an ambulance. Here, let me help.",fear,anxiety,1,False
Oooo... gross... you're sweating all over the place.,anger,1601,3,1,commissive,Oooo... gross... you are sweating all over the place.,disgust,anger,3,False
"Because I'm the wrong sex, of course!",anger,1549,6,1,inform,"Because I am the wrong sex, of course!",anger,anger,3,False
Five hundred feet! I would never be able to do that.,excitement,319,8,1,inform,Five hundred feet! I would never be able to do that.,surprise,excitement,10,False
I have been looking forward to this performance all month.,depression,1550,4,1,inform,I have been looking forward to this performance all month.,sadness,depression,0,False
That's too bad. They're such good company.,depression,1354,15,0,inform,That is too bad. They are such good company.,sadness,depression,0,False
I'm impressed. Good for you!,happiness,1266,7,1,inform,I am impressed. Good for you!,happiness,happiness,8,False
I’m a firefighter.,calm_neutral,439,1,1,inform,I am a firefighter.,no emotion,calm_neutral,11,False
Have you ever tried tempura?,calm_neutral,203,8,1,question,Have you ever tried tempura?,no emotion,calm_neutral,11,False
"So, where did you grow up?",calm_neutral,1875,2,1,question,"So, where did you grow up?",no emotion,calm_neutral,11,False
Yesterday. I didn't even know it was coming. He just told me he found someone else.,depression,118,3,1,inform,Yesterday. I did not even know it was coming. He just told me he found someone else.,sadness,depression,0,True
"It doesn't seem like that. Sorry, sir, we've tried everything, but we're not able to get it off the shirt. It was from the sugar I think.",depression,1446,7,1,inform,"It does not seem like that. Sorry, sir, we have tried everything, but we are not able to get it off the shirt. It was from the sugar I think.",sadness,depression,0,False
"Yes, but I bet two-hundred dollars on the Cougars!",anger,2222,2,0,inform,"Yes, but I bet two-hundred dollars on the Cougars!",anger,anger,3,False
Is this your handbag?,calm_neutral,71,4,1,question,I really feel is this your handbag?,no emotion,calm_neutral,11,True
Excuse me! I don't have time to waste. I've been here almost one full hour!,anger,732,0,1,inform,Excuse me! I do not have time to waste. I have been here almost one full hour!,anger,anger,3,False
I saw her dating with her ex-boyfriend again.,depression,1966,3,0,inform,I saw her dating with her ex-boyfriend again.,sadness,depression,0,False
"Sorry, Mr. Polly.",depression,887,6,1,inform,"Sorry, Mr. Polly.",sadness,depression,0,False
"At cars! You aren't thinking about buying a car, are you?",anger,1543,4,1,question,"At cars! You are not thinking about buying a car, are you?",anger,anger,3,False
"Umm, no, I've never heard of this song before. It's beautiful! Who sing it?",happiness,959,3,1,question,"Umm, no, I have never heard of this song before. It is beautiful! Who sing it?",happiness,happiness,8,False
Really? What kind of problems?,excitement,606,4,0,question,Really? What kind of problems?,surprise,excitement,10,False
How much is my stamp?,calm_neutral,800,2,0,question,How much is my stamp?,no emotion,calm_neutral,11,False
"Oh dear, we will miss our train.",depression,1531,10,0,inform,"Oh dear, we will miss our train. and it's affecting me deeply",sadness,depression,0,True
Which direction were you coming from? And which direction were you going?,calm_neutral,1958,8,1,question,Which direction were you coming from? And which direction were you going?,no emotion,calm_neutral,11,False
OK! I'll call security.,anxiety,1332,7,0,inform,OK! I will call security.,fear,anxiety,1,False
Yes. We can get what we need at the stands right by the lake. Who do you think will catch a big fish first?,happiness,266,10,1,commissive,Yes. We can get what we need at the stands right by the lake. Who do you think will catch a big fish first?,happiness,happiness,8,False
Oh! That's much hetter than I did.,happiness,1833,4,0,inform,Oh! That is much hetter than I did.,happiness,happiness,8,False
"I'm sorry, sir. I'm going to have to ask you to leave.",depression,698,0,1,directive,"I am sorry, sir. I am going to have to ask you to leave.",sadness,depression,0,False
"No, sir. Umm, I'm sorry you can't.",depression,774,4,1,commissive,"No, sir. Umm, I am sorry you cannot.",sadness,depression,0,False
I’m afraid I can’t because I’m a stranger here.,depression,1331,3,0,commissive,I am afraid I cannot because I am a stranger here.,sadness,depression,0,False
It's my girlfriend. I guess she's playing the army game.,depression,1966,1,0,inform,It is my girlfriend. I guess she is playing the army game.,sadness,depression,0,False
"Great idea! Peter, I could use the drink.",happiness,306,1,1,commissive,"Great idea! Peter, I could use the drink.",happiness,happiness,8,False
"Oh, poor Alan! His sister is the only one he has left since his parents died last year.",depression,2377,9,0,inform,"Oh, poor Alan! His sister is the only one he has left since his parents died last year.",sadness,depression,0,False
That's great! What time will it start at?,happiness,2165,5,1,directive,That is great! What time will it start at?,happiness,happiness,8,False
Congratulations to you.,happiness,428,4,1,inform,Congratulations to you.. This has been going on for a while,happiness,happiness,8,True
I had a great time. It’ll be good to see them again.,happiness,2022,8,0,inform,I had a great time. It will be good to see them again.,happiness,happiness,8,False
That's weird!,excitement,1402,10,1,inform,That is weird!,surprise,excitement,10,False
My computer just crashed again for the third time today!,anger,487,2,1,inform,My computer just crashed again for the third time today!,anger,anger,3,False
"I tried to introduce myself to them when they moved in, but they were so arrogant that I didin't want to ever talk to them again!",anger,127,4,0,inform,"I tried to introduce myself to them when they moved in, but they were so arrogant that I didin't want to ever talk to them again!",anger,anger,3,False
They soud like the neighbours from hell!,anger,127,7,1,inform,They soud like the neighbours from hell!,anger,anger,3,False
I'd like to have red cooked sea cucumber.,calm_neutral,2281,6,1,inform,I would like to have red cooked sea cucumber.,no emotion,calm_neutral,11,False
I can’t believe it! I thought the Cougars were going to win for sure.,anger,2222,4,0,inform,"Lately, i cannot believe it! i thought the cougars were going to win for sure.",anger,anger,3,True
That sounds like a good idea.,happiness,603,13,0,inform,That sounds like a good idea.,happiness,happiness,8,False
"I have asked for a talk again, but she refused and said she wanted to be quiet.",depression,1758,5,0,inform,"I have asked for a talk again, but she refused and said she wanted to be quiet.",sadness,depression,0,False
"Yes, I think that rice will go perfectly with my chicken!",happiness,758,8,0,commissive,"Yes, I think that rice will go perfectly with my chicken!",happiness,happiness,8,False
A bit? I'm extremely annoyed that she didn't phone me when he promised me that he would! She's such a liar.,anger,587,8,0,inform,A bit? I am extremely annoyed that she did not phone me when he promised me that he would! She is such a liar.,anger,anger,3,False
I would like to compliment you on your diligence.,happiness,1065,2,0,inform,I would like to compliment you on your diligence.,happiness,happiness,8,False
"I'm sorry, sir. Do you wish to try something else? That would be on the house, of course.",depression,178,4,1,directive,"I am sorry, sir. Do you wish to try something else? That would be on the house, of course.",sadness,depression,0,False
"What a find! So, how much does it cost?",excitement,2108,2,0,question,"What a find! So, how much does it cost?",surprise,excitement,10,False
"Yes, he used to be. But now he’s drifting off track.",anger,829,3,0,inform,"Yes, he used to be. But now he is drifting off track.",anger,anger,3,False
"I'd like the lasagna, please.",calm_neutral,1755,2,1,inform,"I would like the lasagna, please.",no emotion,calm_neutral,11,False
"Well, I like playing the violin.",calm_neutral,1519,1,1,inform,"Well, I like playing the violin.",no emotion,calm_neutral,11,False
Well I don’t think so. I don’t like it at all!,anger,1910,2,1,inform,Well I do not think so. I do not like it at all!,disgust,anger,3,False
What a great weekend that was!,happiness,931,0,0,inform,What a great weekend that was!,happiness,happiness,8,False
"Oh, sorry. I didn’t know.",depression,1499,1,1,inform,"Oh, sorry. I did not know.",sadness,depression,0,False
Nasty. You'd better not rub your eyes.,anger,998,3,0,directive,Nasty. You would better not rub your eyes.,disgust,anger,3,False
That's a wonderful choice.,happiness,860,1,0,inform,That is a wonderful choice.,happiness,happiness,8,False
That's outrageous! I just don't understand why they're not on top of this.,excitement,220,8,1,inform,That is outrageous! I just do not understand why they are not on top of this.,surprise,excitement,10,False
I went sky-diving!,happiness,559,5,0,inform,I went sky-diving!,happiness,happiness,8,False
Hey! Why don't I have any presents!,excitement,1822,8,0,inform,Hey! Why do not I have any presents!,surprise,excitement,10,False
Hey! Why don't I have any presents!,excitement,1822,8,0,inform,Hey! Why do not I have any presents!,surprise,excitement,10,False
Can you help me find a lotion for a problem I am having?,calm_neutral,938,0,0,directive,Can you help me find a lotion for a problem I am having?,no emotion,calm_neutral,11,False
You said the same thing three months ago.,anger,971,2,0,inform,You said the same thing three months ago.,anger,anger,3,False
"Wow, it's surprising. So what do I get?",excitement,750,6,0,question,"Wow, it is surprising. So what do I get?",surprise,excitement,10,False
But she did and made me disappointed.,depression,2030,5,0,inform,But she did and made me disappointed. and it's affecting me deeply,sadness,depression,0,True
"OK, we have tickets at hundred yuan and fifty yuan.",calm_neutral,471,7,1,inform,"OK, we have tickets at hundred yuan and fifty yuan.",no emotion,calm_neutral,11,False
What do you mean too late?,calm_neutral,2068,6,0,question,What do you mean too late?,no emotion,calm_neutral,11,False
I use those sites. Hey! Let's go check out a flea market later.,anxiety,500,4,0,directive,I use those sites. Hey! Let us go check out a flea market later.,fear,anxiety,1,False
"I'm so sorry, but rules are rules.",depression,2481,3,0,inform,"I am so sorry, but rules are rules.",sadness,depression,0,False
I really enjoy the beach in the summer.,happiness,1509,2,0,inform,I really enjoy the beach in the summer.,happiness,happiness,8,False
"Oh, yes, I would!",anger,704,8,0,inform,"Oh, yes, I would!",anger,anger,3,False
"Umm…. The last one is black and white, all the rest should need color.",calm_neutral,1064,4,1,inform,"Umm…. The last one is black and white, all the rest should need color.",no emotion,calm_neutral,11,False
"No, no, no. I'm just browsing. Thanks anyway.",happiness,2212,3,0,commissive,"No, no, no. I am just browsing. Thanks anyway.",happiness,happiness,8,False
How amazing!,excitement,1345,5,0,inform,How amazing!,surprise,excitement,10,False
Really? I heard in America you can return rental cars in different cities.,excitement,1487,5,0,question,Really? I heard in America you can return rental cars in different cities.,surprise,excitement,10,False
What's the weather forecast for tomorrow?,calm_neutral,1903,2,0,question,"Honestly, What is the weather forecast for tomorrow?",no emotion,calm_neutral,11,True
"Jennifer, would you like to have dinner with me?",happiness,2204,0,0,directive,"Jennifer, would you like to have dinner with me?",happiness,happiness,8,False
"He likes American Idol very much, and he always imitates the contestant at home. I can't believe he got on the stage himself.",excitement,583,9,1,inform,"He likes American Idol very much, and he always imitates the contestant at home. I cannot believe he got on the stage himself.",surprise,excitement,10,False
"And can I have some ketchup, please?",calm_neutral,1341,7,0,directive,"And can I have some ketchup, please?",no emotion,calm_neutral,11,False
"Yeah, I know, but it's too hard to do.",depression,1270,1,1,commissive,"Honestly, Yeah, I know, but it is too hard to do.",sadness,depression,0,True
"Umm, I'm afraid I have to return this sweater.",depression,1111,0,0,directive,"Umm, I am afraid I have to return this sweater.",sadness,depression,0,False
"Oh, my mother is a German, so I can speak German.",calm_neutral,844,3,1,inform,"Oh, my mother is a German, so I can speak German.",no emotion,calm_neutral,11,False
I got the message. I am quitting.,anger,971,6,0,inform,I got the message. I am quitting.,anger,anger,3,False
I'm afraid it is. So you will have to pay two yuan extra. The total charge is four yuan.,depression,922,9,1,inform,I am afraid it is. So you will have to pay two yuan extra. The total charge is four yuan.,sadness,depression,0,True
Cute? Hope so.,excitement,1402,5,0,question,Cute? Hope so.,surprise,excitement,10,True
Linda? Is that you? I haven't seen you in ages!,excitement,2436,0,0,question,Linda? Is that you? I have not seen you in ages!,surprise,excitement,10,False
"I'm fine. After ten years, you still look great!",happiness,1797,3,1,inform,"I am fine. After ten years, you still look great!",happiness,happiness,8,False
I wasn't happy with it.,anger,1209,5,0,inform,I was not happy with it.,disgust,anger,3,True
I think it is the worst one I have ever seen.,anger,113,4,1,inform,I think it is the worst one I have ever seen. and it's affecting me deeply,disgust,anger,3,True
Just two days ago it was thirty five. How can it be sixty?,excitement,701,13,0,question,Just two days ago it was thirty five. How can it be sixty?,surprise,excitement,10,False
Ta da! Let's go to the Ritz!,happiness,2221,6,0,inform,Ta da! Let us go to the Ritz!,happiness,happiness,8,False
Perhaps because of the dirty air.,calm_neutral,585,1,0,inform,Perhaps because of the dirty air.,no emotion,calm_neutral,11,False
Out in the suburbs. It's a long trip to work every day.,calm_neutral,1756,7,1,inform,Out in the suburbs. It is a long trip to work every day.,no emotion,calm_neutral,11,False
What? You did that?,excitement,734,6,0,question,What? You did that?. This has been going on for a while,surprise,excitement,10,True
I'm sorry. I must have made a mistake. I'll bring them for you at once.,depression,522,3,1,directive,I am sorry. I must have made a mistake. I will bring them for you at once.,sadness,depression,0,False
"Yes, can you tell me what's my responsibility in this position?",calm_neutral,2423,12,1,question,"Yes, can you tell me what is my responsibility in this position?",no emotion,calm_neutral,11,False
"Really? Oh, well, in that case we should play together some time. What's your handicap?",excitement,713,5,1,question,"Really? Oh, well, in that case we should play together some time. What is your handicap?",surprise,excitement,10,False
My hair looks hideous.,anger,1520,6,1,inform,"Honestly, My hair looks hideous.",anger,anger,3,True
Yes. But you must return it within thirty days.,calm_neutral,619,2,1,commissive,Yes. But you must return it within thirty days.,no emotion,calm_neutral,11,False
Good afternoon. Is there a vacant room here?,calm_neutral,1723,0,0,question,Good afternoon. Is there a vacant room here?,no emotion,calm_neutral,11,False
All right. I think I'll take it.,happiness,1998,5,0,directive,"Honestly, All right. I think I will take it.",happiness,happiness,8,True
What did you think you were doing?,anger,2090,2,1,question,What did you think you were doing?,anger,anger,3,False
"I hate the bus system in London! The bus drivers are rude, and the buses are never on time.",anger,1262,2,0,commissive,"I hate the bus system in London! The bus drivers are rude, and the buses are never on time.",disgust,anger,3,False
"May I see your ticket, please?",calm_neutral,862,0,0,directive,"May I see your ticket, please?",no emotion,calm_neutral,11,False
It gives me a lot of pressure and I feel depressed.,depression,458,13,1,inform,It gives me a lot of pressure and I feel depressed.,sadness,depression,0,False
"Oh, a cat? Come on.",excitement,160,5,0,inform,"Oh, a cat? Come on.",surprise,excitement,10,False
"No! Christmas without him is bad enough. So, honey, do you have cold feet yet?",depression,2538,2,0,question,"No! Christmas without him is bad enough. So, honey, do you have cold feet yet?",sadness,depression,0,False
Now he's looking over here! He's coming!,anxiety,1332,6,1,inform,I really feel now he is looking over here! he is coming!,fear,anxiety,1,True
"At cars! You aren't thinking about buying a car, are you?",anger,1543,4,1,question,"At cars! You are not thinking about buying a car, are you?",anger,anger,3,False
"I like painting, sailing, watching football and talking to you.",happiness,1816,5,0,inform,"I like painting, sailing, watching football and talking to you.",happiness,happiness,8,False
Really? That’s a lot of money to pay for one room.,excitement,528,5,0,inform,Really? That is a lot of money to pay for one room.,surprise,excitement,10,False
Did you see the car before it hit you?,calm_neutral,1958,2,1,question,Did you see the car before it hit you?,no emotion,calm_neutral,11,False
She made another white crack about my clothes.,anger,2323,3,0,inform,She made another white crack about my clothes.,anger,anger,3,False
Here is our number. Call us when you are ready to come.,calm_neutral,750,9,1,directive,Here is our number. Call us when you are ready to come.,no emotion,calm_neutral,11,False
Three days later.,calm_neutral,2412,5,0,inform,Three days later.,no emotion,calm_neutral,11,False
"Yes, they were horrible. We had to wear green every day!",anger,499,14,1,inform,"Yes, they were horrible. We had to wear green every day!",anger,anger,3,False
"Yes, we do. I don't have any small pads. I only have large ones. Do you want a pad?",calm_neutral,1361,3,1,question,"Yes, we do. I do not have any small pads. I only have large ones. Do you want a pad?",no emotion,calm_neutral,11,False
No. That price would hardly cover the cost.,depression,1282,9,1,commissive,No. That price would hardly cover the cost.,sadness,depression,0,False
Thank you very much.,anxiety,1783,11,0,commissive,Thank you very much.,fear,anxiety,1,False
Do you want to send it by air or by regular mail?,calm_neutral,2400,5,0,question,Do you want to send it by air or by regular mail?,no emotion,calm_neutral,11,False
That's not nice.,anger,1542,7,1,commissive,That is not nice.,anger,anger,3,False
"Jim, I heard you’ve bought a new computer.",happiness,1334,0,1,inform,"Jim, I heard you have bought a new computer. and it's affecting me deeply",happiness,happiness,8,True
"No, thank you.",anger,178,5,0,commissive,"No, thank you.",anger,anger,3,False
My hair looks hideous.,anger,1520,6,1,inform,"Honestly, My hair looks hideous.",anger,anger,3,True
Dance class! I don't know how.,excitement,432,12,0,commissive,Dance class! I do not know how.,surprise,excitement,10,False
"Yes, I’m also going to watch the triple jump and the high jump.",happiness,186,3,0,inform,"Lately, yes, i am also going to watch the triple jump and the high jump.",happiness,happiness,8,True
We waste a vacation.,anger,585,7,0,inform,We waste a vacation.,disgust,anger,3,False
You mean I'm among the people who have to go?,excitement,1212,5,0,question,You mean I am among the people who have to go?,surprise,excitement,10,False
"Oh, aren't you afraid?",excitement,2163,4,1,question,"Oh, are not you afraid?",surprise,excitement,10,False
Didn't tell me what? What?,excitement,784,3,1,question,Did not tell me what? What?,surprise,excitement,10,False
"Fine, thank you, and you?",happiness,2442,3,1,question,"Lately, fine, thank you, and you?",happiness,happiness,8,True
Couple times a week. How about you?,calm_neutral,2510,3,0,question,Couple times a week. How about you?,no emotion,calm_neutral,11,False
"Oh, my god.",depression,2255,4,0,inform,"Oh, my god.",sadness,depression,0,False
You can't be serious.,excitement,657,4,1,inform,You cannot be serious.,surprise,excitement,10,False
I want haircut and perm.,calm_neutral,1349,1,1,directive,I want haircut and perm.,no emotion,calm_neutral,11,False
Just one adult.,calm_neutral,117,7,0,inform,Just one adult.,no emotion,calm_neutral,11,False
"Oh, great. That's just my luck! I hate those arty movies.",anger,2369,3,0,inform,"Oh, great. That is just my luck! I hate those arty movies.",disgust,anger,3,False
Here it is.,happiness,537,4,1,inform,Here it is.,happiness,happiness,8,False
"Too bad. But, is there any other leather store nearby?",depression,1296,7,0,question,"Too bad. But, is there any other leather store nearby?",sadness,depression,0,False
I'm glad you like it.,happiness,408,4,1,inform,I am glad you like it.,happiness,happiness,8,False
Are these drinks on sale this weekend?,calm_neutral,128,2,1,question,Are these drinks on sale this weekend?,no emotion,calm_neutral,11,False
"Wow! No wonder people are so fat. Say, Carl, looks like you could be doing a bit more exercising.",excitement,739,10,1,inform,"Lately, wow! no wonder people are so fat. say, carl, looks like you could be doing a bit more exercising.",surprise,excitement,10,True
I saw her dating with her ex-boyfriend again.,depression,1966,3,0,inform,I saw her dating with her ex-boyfriend again.,sadness,depression,0,False
Not on your life! I know I'd break my leg,anxiety,1667,8,1,commissive,Not on your life! I know I would break my leg,fear,anxiety,1,False
OK! I'll call security.,anxiety,1332,7,0,inform,OK! I will call security.,fear,anxiety,1,False
I appreciate that.,happiness,190,8,0,inform,"Honestly, I appreciate that.",happiness,happiness,8,True
I was told my girlfriend was speaking ill of me. That’s a real let-down.,depression,2030,3,0,inform,I was told my girlfriend was speaking ill of me. That is a real let-down.,sadness,depression,0,False
"I am sorry, there are so many travelers that all our tables have been booked on that day.",depression,1316,2,1,commissive,"I am sorry, there are so many travelers that all our tables have been booked on that day.",sadness,depression,0,False
Have you made the decision yet?,depression,1936,13,0,question,Have you made the decision yet?,sadness,depression,0,False
That's terrible.,depression,2517,7,0,inform,That is terrible.,sadness,depression,0,False
"It's your turn, sir. I'm sorry that you had to wait. Saturday is a busy day for us.",depression,1935,0,1,inform,"It is your turn, sir. I am sorry that you had to wait. Saturday is a busy day for us.",sadness,depression,0,False
I am awfully sorry. I didn't think you would mind so much.,depression,2090,5,0,inform,I am awfully sorry. I did not think you would mind so much.,sadness,depression,0,False
Oooo... gross... you're sweating all over the place.,anger,1601,3,1,commissive,Oooo... gross... you are sweating all over the place.,disgust,anger,3,False
Is that right? We're very sorry.,depression,1241,3,1,question,Is that right? We are very sorry.,sadness,depression,0,False
That sounds absolutely disgusting!,anger,896,8,0,inform,That sounds absolutely disgusting!. This has been going on for a while,disgust,anger,3,True
"Oh, I'm sorry.",depression,197,4,1,inform,"Oh, I am sorry.",sadness,depression,0,False
"Yes, they are.",happiness,2038,13,0,inform,"Yes, they are.",happiness,happiness,8,False
"I can wait, but my toothache can't!",anger,1493,11,0,commissive,"I can wait, but my toothache cannot!",anger,anger,3,False
My pleasure. Welcome to our restaurant next time.,happiness,1167,8,0,inform,My pleasure. Welcome to our restaurant next time.,happiness,happiness,8,False
It's about an invoice which is wrong.,calm_neutral,516,11,0,inform,It is about an invoice which is wrong.. This has been going on for a while,no emotion,calm_neutral,11,True
"Two, I hope that by telling me about them you are planning on taking me!",excitement,1508,1,1,inform,"Two, I hope that by telling me about them you are planning on taking me!",surprise,excitement,10,False
I think it is the worst one I have ever seen.,anger,113,4,1,inform,I think it is the worst one I have ever seen.,disgust,anger,3,False
I don't know what to do about the people who live in the flat above me!,anger,127,0,0,inform,I do not know what to do about the people who live in the flat above me!,anger,anger,3,False
"Oh, really? Is it a good way?",excitement,1708,2,1,question,"Oh, really? Is it a good way?",surprise,excitement,10,False
"Then, why didn't you try to prevent it in the beginning?",anger,1754,2,0,question,"Then, why did not you try to prevent it in the beginning?",anger,anger,3,False
I am sorry. There is a speed limit.,depression,2255,3,1,commissive,I really feel i am sorry. there is a speed limit.,sadness,depression,0,True
That’s too bad. I’m sorry to hear that.,depression,1380,6,0,inform,That is too bad. I am sorry to hear that.,sadness,depression,0,False
"So sorry, I must have confused the orders. I'll check it.",depression,2075,3,0,inform,"So sorry, I must have confused the orders. I will check it.",sadness,depression,0,False
"Yes, it is. Hi, Tom! It's a real surprise to see you here.",excitement,2338,1,1,inform,"Yes, it is. Hi, Tom! It is a real surprise to see you here.",surprise,excitement,10,False
Certainly not.,depression,1246,3,1,commissive,Certainly not.,sadness,depression,0,False
Is that so? I'm glad you enjoyed it.,happiness,1143,4,1,question,Is that so? I am glad you enjoyed it.,happiness,happiness,8,False
You gossip! What's the basis of your opinion?,excitement,2334,1,0,question,You gossip! What is the basis of your opinion?,surprise,excitement,10,False
I'm afraid you can’t.,depression,367,1,0,commissive,I am afraid you cannot.,sadness,depression,0,False
"Right away, sir.",calm_neutral,1187,1,1,commissive,"Right away, sir.",no emotion,calm_neutral,11,False
I saw her dating with her ex-boyfriend again.,depression,1966,3,0,inform,I saw her dating with her ex-boyfriend again.,sadness,depression,0,False
I really feel sorry for that rhumba boy if he ever identifies himself.,depression,383,5,0,inform,I really feel sorry for that rhumba boy if he ever identifies himself.,sadness,depression,0,False
"Really? Oh, well, in that case we should play together some time. What's your handicap?",excitement,713,5,1,question,"I really feel really? oh, well, in that case we should play together some time. what is your handicap?",surprise,excitement,10,True
You're kidding me! that sounds really scary!,excitement,559,6,1,inform,You are kidding me! that sounds really scary!,surprise,excitement,10,False
Do you have regular bowel movements?,calm_neutral,613,10,0,question,Do you have regular bowel movements?,no emotion,calm_neutral,11,False
No kidding! We have only five bottles of beer.,excitement,1729,9,0,inform,No kidding! We have only five bottles of beer.,surprise,excitement,10,True
Working out is another good way to relieve anger.,calm_neutral,523,7,1,inform,Working out is another good way to relieve anger.,no emotion,calm_neutral,11,False
"I'm sorry, sir, but may I see your driver's licence and insurance policy, please? I have to give you a ticket.",depression,1569,4,1,directive,"I really feel i am sorry, sir, but may i see your driver's licence and insurance policy, please? i have to give you a ticket.",sadness,depression,0,True
I am from California in the United States. But I am now studying in England.,calm_neutral,1036,8,0,inform,I am from California in the United States. But I am now studying in England.,no emotion,calm_neutral,11,False
"Thanks. Let me see. Umm I think there's a mistake on the bill here. Would you mind checking, please?",happiness,324,2,1,directive,"Thanks. Let me see. Umm I think there is a mistake on the bill here. Would you mind checking, please?. This has been going on for a while",happiness,happiness,8,True
"Sorry, I'm afraid that I've got plans tonight.",calm_neutral,1024,1,0,inform,"Sorry, I am afraid that I have got plans tonight.",no emotion,calm_neutral,11,False
Cute? Hope so.,excitement,1402,5,0,question,Cute? Hope so.,surprise,excitement,10,False
"Really? Umm, does she live here in Seattle?",excitement,488,2,0,question,"Really? Umm, does she live here in Seattle?",surprise,excitement,10,False
Hong Kong again. I would like to go somewhere different for a change.,anger,1899,2,1,inform,"Lately, hong kong again. i would like to go somewhere different for a change.",disgust,anger,3,True
His name is not fat boy! You can be so rude sometimes.,anger,800,5,1,inform,His name is not fat boy! You can be so rude sometimes.,anger,anger,3,False
That's good. So I guess I'll have to make an appointment to see you.,happiness,2111,8,1,directive,That is good. So I guess I will have to make an appointment to see you.,happiness,happiness,8,False
Fifty dollars. That's too much.,excitement,1066,6,0,inform,Fifty dollars. That is too much.,surprise,excitement,10,False
We considered you very carefully but the other candidate has more experience.,calm_neutral,1964,4,1,inform,We considered you very carefully but the other candidate has more experience.,no emotion,calm_neutral,11,False
I dislike it most.,anger,1235,5,1,inform,I dislike it most.,disgust,anger,3,False
"Yes, in the Chinese style.",calm_neutral,858,9,0,inform,"Yes, in the Chinese style.",no emotion,calm_neutral,11,False
A barber shop?!,excitement,1140,8,0,inform,A barber shop?!,surprise,excitement,10,False
Sure. As many as you want.,happiness,766,12,0,commissive,Sure. As many as you want.,happiness,happiness,8,False
Is he really?,excitement,719,1,0,question,Is he really?,surprise,excitement,10,False
Perhaps. I'm dead tired.,depression,683,4,0,inform,Perhaps. I am dead tired.,sadness,depression,0,False
Peter! Pack them. Don't read them.,anger,326,5,1,directive,Peter! Pack them. Do not read them.,anger,anger,3,False
Maybe. But it still gets on my nerves.,depression,1966,5,0,inform,Maybe. But it still gets on my nerves.,sadness,depression,0,False
You've been promoted? when did that happen?,excitement,1745,5,0,question,You have been promoted? when did that happen?,surprise,excitement,10,False
That's not too far away. Umm do you think I'll get a visa?,calm_neutral,2384,7,1,question,That is not too far away. Umm do you think I will get a visa?,no emotion,calm_neutral,11,False
"I've made a tough decision, sir. Here's my resignation.",depression,623,2,1,directive,"I have made a tough decision, sir. Here is my resignation.",sadness,depression,0,False
It's almost ready. Can you set the table?,calm_neutral,449,1,1,directive,It is almost ready. Can you set the table?,no emotion,calm_neutral,11,False
"Me, too, I can’t stop scratching. They are everywhere! Sneaky little jerks.",anger,2388,1,1,inform,"Me, too, I cannot stop scratching. They are everywhere! Sneaky little jerks.",disgust,anger,3,False
Not as much as I'd like to. Usually just on holidays like Thanksgiving and Christmas.,calm_neutral,2402,13,1,inform,Not as much as I would like to. Usually just on holidays like Thanksgiving and Christmas.,no emotion,calm_neutral,11,False
"Oh, no! I'm leaving for Japan at eleven this morning.",excitement,1241,2,0,inform,"Oh, no! I am leaving for Japan at eleven this morning.",surprise,excitement,10,False
I'd like to call on you this weekend. I just want to drop in for a chat.,happiness,1101,8,0,directive,I would like to call on you this weekend. I just want to drop in for a chat.,happiness,happiness,8,False
How about a spicy tofu and vegetable stir-fry?,calm_neutral,224,12,0,commissive,How about a spicy tofu and vegetable stir-fry?,no emotion,calm_neutral,11,False
Would you like some of coffee?,calm_neutral,769,2,1,question,Would you like some of coffee?,no emotion,calm_neutral,11,False
I just don't like my hair.,anger,762,8,1,inform,I just do not like my hair.,disgust,anger,3,False
You're welcome.,happiness,2425,10,1,inform,You are welcome.,happiness,happiness,8,False
"We have Techne, and it is available in lotion or cream.",calm_neutral,2214,3,1,inform,"We have Techne, and it is available in lotion or cream.",no emotion,calm_neutral,11,False
OK. Let's get something to drink.,happiness,1770,8,0,directive,OK. Let us get something to drink.,happiness,happiness,8,False
Sorry. You can only pay in cash.,depression,479,5,0,inform,Sorry. You can only pay in cash.,sadness,depression,0,False
Oops! It's the landlord. I guess the tables have turned now. We're the noisy neighbors. Turn it down!,excitement,2288,5,1,directive,Oops! It is the landlord. I guess the tables have turned now. We are the noisy neighbors. Turn it down!,surprise,excitement,10,False
You mean that I won't get a raise until the recession ends?,anger,294,6,0,question,You mean that I will not get a raise until the recession ends?,disgust,anger,3,False
"My dear, it's five flights up!",excitement,2529,0,1,inform,"My dear, it is five flights up!",surprise,excitement,10,False
A crazy language? Why do you say that?,excitement,1426,5,0,question,A crazy language? Why do you say that?,surprise,excitement,10,False
I just don't like my hair.,anger,762,8,1,inform,I just do not like my hair.,disgust,anger,3,False
Oh! I hate rainy days!,anger,1222,2,0,inform,Oh! I hate rainy days!,disgust,anger,3,False
I had a bad day yesterday.,depression,1380,1,1,inform,I had a bad day yesterday.,sadness,depression,0,False
"No. Actually, I'm based in Shanghai. I'm just here for the conference. So, T&D eh...",calm_neutral,859,8,0,inform,"I really feel no. actually, i am based in shanghai. i am just here for the conference. so, t&d eh...",no emotion,calm_neutral,11,True
Really? Then just ask her to follow me.,excitement,1925,4,1,question,Really? Then just ask her to follow me.,surprise,excitement,10,False
Oh. My God! Are you serious?,excitement,799,3,1,question,Oh. My God! Are you serious?,surprise,excitement,10,False
I honestly think it looks great.,happiness,1695,6,1,inform,I honestly think it looks great.,happiness,happiness,8,True
How beautiful the flower is!,happiness,1915,0,0,inform,How beautiful the flower is!,happiness,happiness,8,False
You can say that again! He won't even let us check our personal email at work!,anger,1484,8,1,inform,You can say that again! He will not even let us check our personal email at work!,anger,anger,3,False
I'm frustrated.,depression,795,0,0,inform,I am frustrated.,sadness,depression,0,False
"Oh, that's too bad. Should I call a doctor ?",depression,883,2,0,question,"Oh, that is too bad. Should I call a doctor ?",sadness,depression,0,False
That's horrible. Was that the first time you'd shown up late to work?,anger,153,6,1,question,That is horrible. Was that the first time you would shown up late to work?,anger,anger,3,False
"Really, Mary, you’re horrible.",anger,703,6,0,inform,"Really, Mary, you are horrible.",anger,anger,3,False
He is not answering. You'd better check his pulse and breathing.,anxiety,433,3,0,directive,He is not answering. You would better check his pulse and breathing.,fear,anxiety,1,False
You're leaving so soon? I wish you stayed a little longer.,excitement,589,1,0,question,You are leaving so soon? I wish you stayed a little longer.,surprise,excitement,10,False
Rita. Nice to meet you.,calm_neutral,139,5,0,inform,Rita. Nice to meet you.,no emotion,calm_neutral,11,False
"You've just scratched my car. Oh, God, a paint was scratched off.",anger,2517,2,1,inform,"Honestly, You have just scratched my car. Oh, God, a paint was scratched off.",anger,anger,3,True
Come on. Don’t hesitate.,calm_neutral,1572,3,1,inform,Come on. Do not hesitate.,no emotion,calm_neutral,11,False
Stay away from me.,anger,28,1,0,inform,Stay away from me.,anger,anger,3,False
"Oh, this one is perfect.",anger,517,9,0,commissive,"Oh, this one is perfect.",anger,anger,3,False
Caterpillar fungus?! What the heck is that?,excitement,335,4,0,question,Caterpillar fungus?! What the heck is that?,surprise,excitement,10,False
Everything seems to be getting worse. I don't know what to do with it.,anger,974,1,0,inform,Everything seems to be getting worse. I do not know what to do with it.,disgust,anger,3,False
"You have a choice of vegetables, green peas, lima beans or spinach.",calm_neutral,1947,2,1,commissive,"Lately, you have a choice of vegetables, green peas, lima beans or spinach.",no emotion,calm_neutral,11,True
Ahahah! What is that thing on your couch! It just moved!,excitement,2409,0,0,question,Ahahah! What is that thing on your couch! It just moved!,surprise,excitement,10,False
"Oh, I'm very sorry about that. You can change it for another one if you prefer.",depression,857,3,0,inform,"Oh, I am very sorry about that. You can change it for another one if you prefer.",sadness,depression,0,False
"Oh, My God! So much!",anger,30,7,1,commissive,"Oh, My God! So much!",disgust,anger,3,False
I think I'm going to look for another job. I need to find a boss that is a bit more sensitive and optimistic.,calm_neutral,153,11,0,inform,I think I am going to look for another job. I need to find a boss that is a bit more sensitive and optimistic.,no emotion,calm_neutral,11,False
Is she really? I can’t believe it!,excitement,1347,1,1,question,Is she really? I cannot believe it!,surprise,excitement,10,False
Wow. That sounds like a lot of fun. I am sorry I missed it.,depression,1663,6,1,inform,Wow. That sounds like a lot of fun. I am sorry I missed it.,sadness,depression,0,False
"Thank you, Joe. What would you like to drink with your meal? I can offer you wine, mango juice, or water.",happiness,758,1,1,inform,"Thank you, Joe. What would you like to drink with your meal? I can offer you wine, mango juice, or water.",happiness,happiness,8,False
You can't be serious.,excitement,657,4,1,inform,"Honestly, You cannot be serious.",surprise,excitement,10,True
"No, we got no receipt, but we paid on the spot.",anger,2540,6,0,inform,"No, we got no receipt, but we paid on the spot.",anger,anger,3,False
"Yes, me too. I think I’ve lost some important clients recently because of this train!",anger,560,3,1,inform,"Yes, me too. I think I have lost some important clients recently because of this train!",anger,anger,3,False
It is on Spring Avenue.,calm_neutral,2236,6,0,inform,It is on Spring Avenue.,no emotion,calm_neutral,11,False
"Hello, I hope to get a room for the night.",calm_neutral,270,0,1,directive,"Hello, I hope to get a room for the night.",no emotion,calm_neutral,11,False
Umm why don't you just stick a gun in my ribs and take everything I have?,anger,642,8,0,directive,Umm why do not you just stick a gun in my ribs and take everything I have?,anger,anger,3,False
No problem.,happiness,443,13,0,commissive,No problem.,happiness,happiness,8,False
"By the way, I'd like to change some US. dollars to pounds and I want to know today's exchange rate.",calm_neutral,1191,9,0,directive,"By the way, I would like to change some US. dollars to pounds and I want to know today's exchange rate.",no emotion,calm_neutral,11,False
"Yes, he used to be. But now he’s drifting off track.",anger,829,3,0,inform,"Honestly, Yes, he used to be. But now he is drifting off track.",anger,anger,3,True
How about at the subway entrance.,happiness,1115,7,0,directive,How about at the subway entrance.,happiness,happiness,8,False
I'm afraid not. The church is booked until the year two thousan one.,depression,2538,6,0,commissive,I am afraid not. The church is booked until the year two thousan one.,sadness,depression,0,False
"We'll have beer and snacks, but if you want to bring a bottle of wine, that'd be great.",calm_neutral,1798,14,0,directive,"We will have beer and snacks, but if you want to bring a bottle of wine, that would be great.",no emotion,calm_neutral,11,False
That sounds pretty good. Let's watch that.,happiness,1115,5,0,commissive,"Honestly, That sounds pretty good. Let us watch that.",happiness,happiness,8,True
"Wow! That's cool. So, let me give you some details about the deck I want.",excitement,1474,9,1,directive,"Wow! That is cool. So, let me give you some details about the deck I want.",surprise,excitement,10,False
Is that right? This sure beats the old one?,excitement,2073,2,1,question,Is that right? This sure beats the old one?,surprise,excitement,10,False
That'll be fine. Here you are.,happiness,204,10,0,commissive,That will be fine. Here you are.,happiness,happiness,8,False
It is extremely beautiful. This is the very thing I've been dreaming of. Please put in a gift box for me.,happiness,1644,7,1,inform,It is extremely beautiful. This is the very thing I have been dreaming of. Please put in a gift box for me.,happiness,happiness,8,False
"Umm to be honest, I'm a bit fed up.",anger,587,2,0,inform,"Umm to be honest, I am a bit fed up.",anger,anger,3,False
"Because I'm the wrong sex, of course!",anger,1549,6,1,inform,"Because I am the wrong sex, of course!",anger,anger,3,True
"I've been so tired recently. I've been trying, but I don't think I'm up to this job.",depression,2312,0,0,inform,"I have been so tired recently. I have been trying, but I do not think I am up to this job.",sadness,depression,0,False
Unbelievable! I could never do that.,excitement,1617,9,1,inform,Unbelievable! I could never do that.,surprise,excitement,10,False
"Oh, yes, indeed. Umm I've run out of steam. To be honest, I want to be in a different environment.",depression,2312,2,0,inform,"Oh, yes, indeed. Umm I have run out of steam. To be honest, I want to be in a different environment.",sadness,depression,0,False
I've said that I've got a problem with the circus. I'm not kidding.,anger,1402,9,0,inform,I have said that I have got a problem with the circus. I am not kidding.,anger,anger,3,False
Really? Is he married?,excitement,458,6,0,question,Really? Is he married?,surprise,excitement,10,False
But that’ll affect the national economy.,calm_neutral,2224,4,1,inform,But that will affect the national economy.,no emotion,calm_neutral,11,False
The heat is driving crazy and I hate my new hat.,anger,638,4,0,inform,The heat is driving crazy and I hate my new hat.,disgust,anger,3,False
I don't want to argue anymore. Please get out of my life!,anger,1754,4,0,inform,I do not want to argue anymore. Please get out of my life!,anger,anger,3,False
I should be done by Friday. I’ll give it to you after I am done reading,calm_neutral,2531,15,1,directive,I should be done by Friday. I will give it to you after I am done reading,no emotion,calm_neutral,11,False
Did you check the internet for next week's weather forecast?,calm_neutral,1206,0,0,question,Did you check the internet for next week's weather forecast?,no emotion,calm_neutral,11,False
You gossip! What's the basis of your opinion?,excitement,2334,1,0,question,You gossip! What is the basis of your opinion?,surprise,excitement,10,False
Vanilla with toppings is my favorite.,happiness,721,2,0,inform,"Lately, vanilla with toppings is my favorite.",happiness,happiness,8,True
"Are you kidding? The meter says fifteen dollars, doesn't it?",excitement,1817,4,1,question,"Are you kidding? The meter says fifteen dollars, does not it?",surprise,excitement,10,False
I have cockroaches crawling in my room.,calm_neutral,856,2,0,inform,I have cockroaches crawling in my room.,no emotion,calm_neutral,11,False
Are you sure? I don't want to inconvenience you.,happiness,1608,4,0,question,Are you sure? I do not want to inconvenience you.,happiness,happiness,8,False
Let's line up. The steak is very inviting. I'll have it.,happiness,1102,2,1,inform,Let us line up. The steak is very inviting. I will have it.,happiness,happiness,8,False
It must be a haunted house. Are you frightened?,anxiety,2435,11,0,question,It must be a haunted house. Are you frightened?,fear,anxiety,1,False
Really? Have you ever tried Moroccan?,excitement,373,2,0,question,Really? Have you ever tried Moroccan?,surprise,excitement,10,False
"Oh, dear. That’s terrible. Umm, not at all what I expected.",anger,491,3,0,commissive,"Oh, dear. That is terrible. Umm, not at all what I expected.. This has been going on for a while",disgust,anger,3,True
"That sounds like a lot of fun. Did you go swimming, too?",happiness,2445,2,1,question,"I really feel that sounds like a lot of fun. did you go swimming, too?",happiness,happiness,8,True
But I am told that you dance wonderfully well.,happiness,357,5,1,inform,But I am told that you dance wonderfully well.,happiness,happiness,8,False
I use those sites. Hey! Let's go check out a flea market later.,anxiety,500,4,0,directive,I use those sites. Hey! Let us go check out a flea market later.,fear,anxiety,1,False
It must be a haunted house. Are you frightened?,anxiety,2435,11,0,question,It must be a haunted house. Are you frightened?,fear,anxiety,1,False
"I've made a tough decision, sir. Here's my resignation.",depression,623,2,1,directive,"I have made a tough decision, sir. Here is my resignation.",sadness,depression,0,False
"Something awful happened. We went to the Portobello Road, and someone stole my handbag.",depression,343,1,1,inform,"Something awful happened. We went to the Portobello Road, and someone stole my handbag.",sadness,depression,0,True
I like NBA very much.,happiness,908,0,0,inform,I like NBA very much.,happiness,happiness,8,False
My boss has been breathing down my neck all day. I can't wait for the weekend!,anger,1484,6,1,inform,My boss has been breathing down my neck all day. I cannot wait for the weekend!,anger,anger,3,False
"Yes, actually. I don't really know anyone, but it's a nice place. Are you having a good time?",happiness,859,1,1,question,"Yes, actually. I do not really know anyone, but it is a nice place. Are you having a good time?",happiness,happiness,8,False
Well I don’t think so. I don’t like it at all!,anger,1910,2,1,inform,Well I do not think so. I do not like it at all!,disgust,anger,3,False
Damn it! I think I'm going to miss the plane.,anger,1171,4,1,inform,Damn it! I think I am going to miss the plane.,anger,anger,3,True
You said the same thing three months ago.,anger,294,4,0,inform,You said the same thing three months ago.,anger,anger,3,False
"Good morning, Felix Wasserman Associates. Beth Jennings speaking.",calm_neutral,814,0,1,inform,"Good morning, Felix Wasserman Associates. Beth Jennings speaking.",no emotion,calm_neutral,11,False
"Yes, it will take about four hours. We can leave about noon and get there by supper time.",happiness,1429,1,1,commissive,"Yes, it will take about four hours. We can leave about noon and get there by supper time.",happiness,happiness,8,False
"Hey, buddy. Umm are the fish biting today?",calm_neutral,685,0,0,question,"Hey, buddy. Umm are the fish biting today?",no emotion,calm_neutral,11,False
"Too bad. But, is there any other leather store nearby?",depression,1296,7,0,question,"Too bad. But, is there any other leather store nearby?",sadness,depression,0,False
Oooo. This sounds serious.,depression,1521,6,0,inform,Oooo. This sounds serious.,sadness,depression,0,False
They both just talk about how great they are all the time.,anger,127,6,0,inform,They both just talk about how great they are all the time.,anger,anger,3,False
All right. Um but it'll be difficult to buy tickets I suppose.,calm_neutral,536,3,1,commissive,All right. Um but it will be difficult to buy tickets I suppose.,no emotion,calm_neutral,11,False
I feel very nervous about it.,anxiety,855,5,1,inform,I feel very nervous about it.,fear,anxiety,1,False
"I've made a tough decision, sir. Here's my resignation.",depression,623,2,1,directive,"I have made a tough decision, sir. Here is my resignation.",sadness,depression,0,False
What? You did that?,excitement,734,6,0,question,What? You did that?,surprise,excitement,10,False
You’re kidding. It can’t be true.,excitement,798,2,0,inform,You are kidding. It cannot be true.,surprise,excitement,10,False
It is in the hotel ballroom down the street.,calm_neutral,1725,2,1,inform,It is in the hotel ballroom down the street.,no emotion,calm_neutral,11,False
"Ok, here are your tickets in Row thirteen.",happiness,572,3,1,commissive,"Ok, here are your tickets in Row thirteen.",happiness,happiness,8,False
They soud like the neighbours from hell!,anger,127,7,1,inform,They soud like the neighbours from hell!,anger,anger,3,False
Really? We have only one chance every year.,excitement,1897,7,1,inform,Really? We have only one chance every year.,surprise,excitement,10,False
Everything seems to be getting worse. I don't know what to do with it.,anger,974,1,0,inform,"Honestly, Everything seems to be getting worse. I do not know what to do with it.",disgust,anger,3,True
It seems to me like I may have caught a bug.,depression,1546,9,1,inform,It seems to me like I may have caught a bug.,sadness,depression,0,False
When did you buy your new computer?,calm_neutral,1674,2,1,question,When did you buy your new computer?. This has been going on for a while,no emotion,calm_neutral,11,True
"I can wait, but my toothache can't!",anger,1493,11,0,commissive,"I can wait, but my toothache cannot!. This has been going on for a while",anger,anger,3,True
"Yes, and please be more careful in the future!",anger,756,8,0,inform,"Yes, and please be more careful in the future! and it's affecting me deeply",anger,anger,3,True
You said the same thing three months ago.,anger,294,4,0,inform,You said the same thing three months ago.,anger,anger,3,False
I'm worried that everything will be chaotic!,anxiety,658,3,1,inform,I am worried that everything will be chaotic!,fear,anxiety,1,False
That sounds great. I'll bring a bottle of wine then.,happiness,1717,7,1,inform,That sounds great. I will bring a bottle of wine then.,happiness,happiness,8,False
"Did I? Well, anyway, you will get your raise when the economy starts picking up.",excitement,294,5,1,directive,"Did I? Well, anyway, you will get your raise when the economy starts picking up.",surprise,excitement,10,False
You’re kidding.,excitement,1347,5,1,inform,You are kidding.,surprise,excitement,10,False
"Sure! Look, it suits you well.",excitement,436,6,1,inform,"Sure! Look, it suits you well.",surprise,excitement,10,False
I don't think you really want to hear about it.,anger,269,1,1,inform,I do not think you really want to hear about it.,anger,anger,3,False
So what? It is not fresh and I'm not happy about it.,anger,178,3,0,inform,So what? It is not fresh and I am not happy about it.,anger,anger,3,False
You did? How? Did you wear red underwear again this year?,excitement,734,2,0,question,You did? How? Did you wear red underwear again this year?,surprise,excitement,10,False
Are you kidding? It's winter. Why would I open it?,excitement,2099,4,0,question,Are you kidding? It is winter. Why would I open it?,surprise,excitement,10,False
"Oh, man! I can't believe it. A slam dunk!",excitement,2131,12,1,inform,"Oh, man! I cannot believe it. A slam dunk!",surprise,excitement,10,False
There are nine cockroaches in my room. I don't have time for your disbelief!,anger,2070,6,0,commissive,There are nine cockroaches in my room. I do not have time for your disbelief!,anger,anger,3,False
"I can not stop coughing, and I can not stop sneezing. I vomited blood last night. Sorry, I am coughing again.",depression,1811,11,1,inform,"I can not stop coughing, and I can not stop sneezing. I vomited blood last night. Sorry, I am coughing again.",sadness,depression,0,False
I'm very sorry to have caused you this trouble.,depression,756,7,1,inform,I am very sorry to have caused you this trouble.,sadness,depression,0,True
Let's get a soft drink.,happiness,611,2,1,directive,Let us get a soft drink.,happiness,happiness,8,False
"Uh, you're kidding!",excitement,1528,3,1,inform,"Uh, you are kidding!",surprise,excitement,10,False
"Oh, really? so you just took home a stray cat?",excitement,160,11,0,question,"Oh, really? so you just took home a stray cat?",surprise,excitement,10,False
Umm I'm fine. I'm just so touched by the sad story.,depression,1157,1,0,inform,Umm I am fine. I am just so touched by the sad story.,sadness,depression,0,False
OK! I'll call security.,anxiety,1332,7,0,inform,OK! I will call security.,fear,anxiety,1,False
Perhaps. I'm dead tired.,depression,683,4,0,inform,Perhaps. I am dead tired.,sadness,depression,0,False
I'm really sorry I let you down. I'll make it up to you somehow.,depression,1550,5,0,inform,I am really sorry I let you down. I will make it up to you somehow.,sadness,depression,0,True
Umm….About four years now.,happiness,1092,4,1,inform,Umm….About four years now.,happiness,happiness,8,False
That's sheer robbery!,anger,1282,4,0,inform,That is sheer robbery!,anger,anger,3,False
"Yes, me too. I think I’ve lost some important clients recently because of this train!",anger,560,3,1,inform,"Yes, me too. I think I have lost some important clients recently because of this train!",anger,anger,3,False
"What? Are you serious? Oh, my gosh! There will be guys everywhere.",excitement,368,7,1,inform,"What? Are you serious? Oh, my gosh! There will be guys everywhere.",surprise,excitement,10,True
Can I help you?,calm_neutral,8,0,0,question,Can I help you?,no emotion,calm_neutral,11,False
I know I know. I'm really sorry. I lost my bag.,depression,2220,2,1,inform,I know I know. I am really sorry. I lost my bag.,sadness,depression,0,False
"I'm sorry, madam, there’s a limit to the speed.",depression,1171,3,0,commissive,"I am sorry, madam, there is a limit to the speed.",sadness,depression,0,False
Are you crazy? You made the mistake and now you're charging me for your mistake?,anger,642,6,0,commissive,Are you crazy? You made the mistake and now you are charging me for your mistake?,anger,anger,3,False
I am assuming that the dress is casual.,happiness,928,7,0,inform,I am assuming that the dress is casual.,happiness,happiness,8,False
That's good. We eat Chinese food only at the Chinese restaurant.,happiness,781,3,0,inform,That is good. We eat Chinese food only at the Chinese restaurant.,happiness,happiness,8,False
What time is your appointment?,calm_neutral,1149,3,0,question,What time is your appointment?,no emotion,calm_neutral,11,False
"No, I’m sorry. I'm going to meet some friends tomorrow evening. And I'm in a hurry now.",depression,727,6,1,commissive,"No, I am sorry. I am going to meet some friends tomorrow evening. And I am in a hurry now. and it's affecting me deeply",sadness,depression,0,True
Because an intellectual mind can only be a beneficial thing in life.,calm_neutral,1699,5,1,inform,Because an intellectual mind can only be a beneficial thing in life.,no emotion,calm_neutral,11,False
Why do they go there?,calm_neutral,1562,4,0,question,Why do they go there?,no emotion,calm_neutral,11,False
That's too bad. They're such good company.,depression,1354,15,0,inform,That is too bad. They are such good company.,sadness,depression,0,False
"I really don't want to go into the world, I feel afraid of it.",calm_neutral,243,3,0,inform,"Honestly, I really do not want to go into the world, I feel afraid of it.",no emotion,calm_neutral,11,True
Why should I wear a skirt? Or a dress?,anger,1549,16,1,question,Why should I wear a skirt? Or a dress?,anger,anger,3,False
"OK, let me check availability. I'm sorry. Tickets for that flight are sold out.",calm_neutral,2198,10,0,commissive,"OK, let me check availability. I am sorry. Tickets for that flight are sold out.",no emotion,calm_neutral,11,True
Excuse me! I don't have time to waste. I've been here almost one full hour!,anger,732,0,1,inform,Excuse me! I do not have time to waste. I have been here almost one full hour!,anger,anger,3,False
"Now, move the couch around and turn it upside down.",calm_neutral,1089,5,1,directive,"Now, move the couch around and turn it upside down.",no emotion,calm_neutral,11,False
"Sorry, we're sold out right now. Please come back next week.",depression,31,3,1,commissive,"Sorry, we are sold out right now. Please come back next week.",sadness,depression,0,False
"Oh, no. He is not breathing and there’s no pulse. Call 911.",excitement,433,4,1,directive,"Oh, no. He is not breathing and there is no pulse. Call .",surprise,excitement,10,False
"Umm no, I don’t want to eat anything.",depression,2319,1,1,inform,"Umm no, I do not want to eat anything.",sadness,depression,0,False
No way. I will be scared out of my wits.,anxiety,1454,3,0,commissive,No way. I will be scared out of my wits.,fear,anxiety,1,False
Hi! Fiona? I almost didn't recognize you. You are much thinner since I last saw you.,excitement,385,0,0,inform,Hi! Fiona? I almost did not recognize you. You are much thinner since I last saw you.,surprise,excitement,10,False
Oh. really? I saw it two years ago. It's worth seeing and it's thought-provoking.,excitement,1168,4,0,question,Oh. really? I saw it two years ago. It is worth seeing and it is thought-provoking.,surprise,excitement,10,False
"Yes. Oh, dear, I can’t find my hairbrushes. Can you help me?",excitement,252,3,0,directive,"Yes. Oh, dear, I cannot find my hairbrushes. Can you help me?",surprise,excitement,10,False
I'd love it. Working out is more fun with a friend.,happiness,541,3,1,commissive,I would love it. Working out is more fun with a friend.,happiness,happiness,8,False
I can’t believe it!,excitement,2222,0,0,inform,I cannot believe it!,surprise,excitement,10,False
"Sorry, Becky can’t come to the phone right now.",depression,1845,3,1,commissive,"Sorry, Becky cannot come to the phone right now.",sadness,depression,0,False
"I've been so tired recently. I've been trying, but I don't think I'm up to this job.",depression,2312,0,0,inform,"I have been so tired recently. I have been trying, but I do not think I am up to this job.",sadness,depression,0,False
I think that would be horrible!,anger,721,8,0,inform,I think that would be horrible!,disgust,anger,3,False
What a thrilling trip!,anxiety,1221,8,1,inform,What a thrilling trip!,fear,anxiety,1,False
So cool. Someone gave me this flier at the exit. What's it about?,happiness,1804,2,0,question,So cool. Someone gave me this flier at the exit. What is it about?,happiness,happiness,8,False
I'm serious.,happiness,1709,4,1,inform,I am serious.,happiness,happiness,8,False
"To be honest, it was horrible! My manager is such a pain in the neck!",anger,269,3,1,inform,"To be honest, it was horrible! My manager is such a pain in the neck!",anger,anger,3,False
"Oh, I'm sorry.",depression,2411,4,0,inform,"Oh, I am sorry.",sadness,depression,0,False
I apologize for that. But the space is too small.,depression,2517,9,0,commissive,I apologize for that. But the space is too small.,sadness,depression,0,False
Are you serious?,excitement,1502,5,0,question,Are you serious?,surprise,excitement,10,False
How about night vision? Can you use it in the dark?,calm_neutral,1624,11,0,question,How about night vision? Can you use it in the dark?,no emotion,calm_neutral,11,False
Thank you very much.,anxiety,1783,11,0,commissive,Thank you very much.,fear,anxiety,1,False
"Oh, I'm sorry.",depression,667,6,1,inform,"Oh, I am sorry.",sadness,depression,0,False
Would you like a window seat or an aisle seat?,calm_neutral,682,6,0,question,Would you like a window seat or an aisle seat?,no emotion,calm_neutral,11,False
Didn't tell me what? What?,excitement,784,3,1,question,Did not tell me what? What?,surprise,excitement,10,False
Trust you! You can't even handle simple plane reservations!,anger,2327,11,1,commissive,Trust you! You cannot even handle simple plane reservations!,anger,anger,3,False
"Uh, thank you.",happiness,105,4,1,commissive,"Uh, thank you.",happiness,happiness,8,False
I see. I'd like to reserve a table for two.,happiness,1623,3,0,directive,I see. I would like to reserve a table for two. and it's affecting me deeply,happiness,happiness,8,True
"Well, oh my God, there is another problem, I'm afraid. There is still a stain on the shirt.",excitement,1446,6,0,commissive,"Well, oh my God, there is another problem, I am afraid. There is still a stain on the shirt.",surprise,excitement,10,False
Do you have all types of seafood here?,calm_neutral,675,0,0,question,Do you have all types of seafood here?,no emotion,calm_neutral,11,False
"Yes, I'll have another cocktail.",happiness,606,13,1,commissive,"Lately, yes, i will have another cocktail.",happiness,happiness,8,True
Umm no. The Hills? Who filed for divorce first?,excitement,2473,4,0,question,Umm no. The Hills? Who filed for divorce first?,surprise,excitement,10,False
"Of course, here you are. I'm sorry the pajamas didn't work out for you.",depression,2014,7,0,inform,"Of course, here you are. I am sorry the pajamas did not work out for you.",sadness,depression,0,False
There are nine cockroaches in my room. I don't have time for your disbelief!,anger,2070,6,0,commissive,There are nine cockroaches in my room. I do not have time for your disbelief!,anger,anger,3,False
"It's R, O, S, E, D, A, L, E.",calm_neutral,516,9,0,inform,"It is R, O, S, E, D, A, L, E.",no emotion,calm_neutral,11,False
"May I have a look at your room card, Mr. Black?",calm_neutral,284,9,1,directive,"May I have a look at your room card, Mr. Black?",no emotion,calm_neutral,11,False
A crazy language? Why do you say that?,excitement,1426,5,0,question,"Honestly, A crazy language? Why do you say that?",surprise,excitement,10,True
"I am on Route eighty, a few miles east of the University of Utah.",calm_neutral,39,2,0,inform,"Honestly, I am on Route eighty, a few miles east of the University of Utah.",no emotion,calm_neutral,11,True
"Well, my girlfriend was supposed to call me last night, but she never did.",anger,587,4,0,inform,"Well, my girlfriend was supposed to call me last night, but she never did.",anger,anger,3,False
I use those sites. Hey! Let's go check out a flea market later.,anxiety,500,4,0,directive,I use those sites. Hey! Let us go check out a flea market later.,fear,anxiety,1,False
The Giants?,calm_neutral,1468,9,0,question,"Honestly, The Giants?",no emotion,calm_neutral,11,True
"Well, I just saw a horror movie last night. It almost frightened me to death.",anxiety,1902,1,0,commissive,"Well, I just saw a horror movie last night. It almost frightened me to death.",fear,anxiety,1,False
But that still sounds expensive.,depression,1374,8,1,inform,But that still sounds expensive.,sadness,depression,0,False
All right. I understand now. Do you think I should leave a margin on every page wide enough for notes and amendments?,calm_neutral,2500,9,1,question,All right. I understand now. Do you think I should leave a margin on every page wide enough for notes and amendments?,no emotion,calm_neutral,11,False
That's the cutest little doll I've ever seen in my life!,excitement,1891,2,0,inform,That is the cutest little doll I have ever seen in my life!,surprise,excitement,10,False
What a thrilling trip!,anxiety,1221,8,1,inform,What a thrilling trip!,fear,anxiety,1,False
Not on your life! I know I'd break my leg,anxiety,1667,8,1,commissive,Not on your life! I know I would break my leg,fear,anxiety,1,False
"Oh, lilies of the valley. No, I am sorry. We are all out of them right now.",depression,2038,8,1,commissive,"Oh, lilies of the valley. No, I am sorry. We are all out of them right now.",sadness,depression,0,False
"In my opinion, orange is very nice.",calm_neutral,1122,4,0,inform,"In my opinion, orange is very nice.",no emotion,calm_neutral,11,False
That's great! Congratulations.,happiness,415,1,0,inform,That is great! Congratulations.,happiness,happiness,8,True
Umm two hamburgers and French fries.,calm_neutral,1341,1,0,inform,Umm two hamburgers and French fries.,no emotion,calm_neutral,11,False
Really? Good luck for them.,excitement,1215,7,0,inform,Really? Good luck for them.,surprise,excitement,10,False
I don't want coffee. I'd like some orange juice.,calm_neutral,2363,2,0,inform,I do not want coffee. I would like some orange juice.,no emotion,calm_neutral,11,True
The nation is switching to digital TV.,calm_neutral,2347,4,0,inform,The nation is switching to digital TV.,no emotion,calm_neutral,11,False
"OK, and when shall I bring it here?",calm_neutral,1575,4,1,question,"OK, and when shall I bring it here?",no emotion,calm_neutral,11,False
"Sorry, fifteen dollars is the lowest I can go.",depression,706,5,0,commissive,"Sorry, fifteen dollars is the lowest I can go.",sadness,depression,0,False
"Never! He’s over eighty, isn’t he?",excitement,1541,1,1,question,"Never! He is over eighty, is not he?",surprise,excitement,10,False
How dreadful!,anger,491,1,0,inform,How dreadful!,disgust,anger,3,True
And you didn't think to leave them my cell phone?,anger,2327,7,1,question,And you did not think to leave them my cell phone?,anger,anger,3,False
Everything seems to be getting worse. I don't know what to do with it.,anger,974,1,0,inform,Everything seems to be getting worse. I do not know what to do with it.,disgust,anger,3,False
It's much better than my old one. My new boss is great.,happiness,1421,7,1,inform,I really feel it is much better than my old one. my new boss is great.,happiness,happiness,8,True
And you'd look so cool!,calm_neutral,1846,6,1,inform,And you would look so cool!,no emotion,calm_neutral,11,False
You did? How? Did you wear red underwear again this year?,excitement,734,2,0,question,You did? How? Did you wear red underwear again this year? and it's affecting me deeply,surprise,excitement,10,True
"Yes, and please be more careful in the future!",anger,756,8,0,inform,"Yes, and please be more careful in the future!",anger,anger,3,False
"Peter, how often do you exercise?",calm_neutral,2383,0,1,question,"Peter, how often do you exercise?",no emotion,calm_neutral,11,False
Don't be so modest. I'm sure you can do it very well. Then I'll meet you at six. Is that at all right?,happiness,357,14,0,directive,Do not be so modest. I am sure you can do it very well. Then I will meet you at six. Is that at all right?,happiness,happiness,8,False
"I may have done a lot, but none is to my satisfaction.",depression,683,2,0,inform,"I may have done a lot, but none is to my satisfaction.",sadness,depression,0,False
It's the fourth one this year. Isn't it horrible.,anger,15,1,1,question,It is the fourth one this year. Is not it horrible.,disgust,anger,3,False
Bummer. I guess we're both out of luck.,depression,895,5,0,inform,Bummer. I guess we are both out of luck.,sadness,depression,0,False
"You can keep the cat, but you should keep it away from me.",anger,1297,5,0,directive,"You can keep the cat, but you should keep it away from me.",disgust,anger,3,False
We'll get to go fishing at the river. I hate fish.,depression,1950,7,1,inform,We will get to go fishing at the river. I hate fish.,sadness,depression,0,False
This is an exclusive design by marco! It’s a bargain at that price.,calm_neutral,240,6,0,commissive,This is an exclusive design by marco! It is a bargain at that price.,no emotion,calm_neutral,11,False
No kidding! We have only five bottles of beer.,excitement,1729,9,0,inform,No kidding! We have only five bottles of beer.,surprise,excitement,10,False
Can you sing the song ?,calm_neutral,981,3,1,question,Can you sing the song ?,no emotion,calm_neutral,11,False
I had a terrible quarrel with my neighbor yesterday.,depression,246,1,0,inform,I had a terrible quarrel with my neighbor yesterday.,sadness,depression,0,False
"Now I came back to the hotel and try to show it to my friend, the pen is broken, I am afraid.",calm_neutral,1700,2,0,inform,"Now I came back to the hotel and try to show it to my friend, the pen is broken, I am afraid.",no emotion,calm_neutral,11,False
Are you sure?,excitement,2177,2,1,question,Are you sure?,surprise,excitement,10,False
Umm we should choose from the backups.,calm_neutral,1737,4,1,inform,Umm we should choose from the backups.,no emotion,calm_neutral,11,False
It's your fault for mixing the two broths!,anger,1601,4,0,directive,It is your fault for mixing the two broths!,anger,anger,3,False
"I'm sorry, Dad.",depression,2538,9,1,inform,"I am sorry, Dad.",sadness,depression,0,False
"Yes, I did.",happiness,2490,16,0,inform,"Yes, I did.",happiness,happiness,8,False
"Uh, sorry, I dialed the wrong number.",depression,2416,4,1,inform,"Uh, sorry, I dialed the wrong number.",sadness,depression,0,False
It's been a long time! What's new?,happiness,2338,2,0,question,It is been a long time! What is new?,happiness,happiness,8,False
"I will. Thank you, dad.",happiness,1884,7,1,commissive,"I will. Thank you, dad.",happiness,happiness,8,False
"He's lazy. I tried being a good host, but if you give him an inch, he'll take a mile.",anger,1967,7,1,inform,"He is lazy. I tried being a good host, but if you give him an inch, he will take a mile.",disgust,anger,3,False
Certainly. Who should I say is calling?,calm_neutral,55,2,1,question,Certainly. Who should I say is calling?,no emotion,calm_neutral,11,False
But I still love you.,depression,1936,7,0,inform,But I still love you.,sadness,depression,0,False
I hate computer games.,anger,2207,0,0,inform,I hate computer games.,disgust,anger,3,False
"No, I'm sorry we don't. We accept credit cards and cash.",depression,1167,4,0,inform,"Lately, no, i am sorry we do not. we accept credit cards and cash.",sadness,depression,0,True
Oh. I made a mistake. I thought the guy on the right was Peckham.,depression,1928,10,1,inform,Oh. I made a mistake. I thought the guy on the right was Peckham.,sadness,depression,0,False
I don't know. A friend of mine said I should try it.,calm_neutral,373,4,0,inform,I do not know. A friend of mine said I should try it. and it's affecting me deeply,no emotion,calm_neutral,11,True
"Sorry, we're sold out right now. Please come back next week.",depression,31,3,1,commissive,"Sorry, we are sold out right now. Please come back next week.",sadness,depression,0,False
"I can wait, but my toothache can't!",anger,1493,11,0,commissive,"I can wait, but my toothache cannot!",anger,anger,3,False
"At cars! You aren't thinking about buying a car, are you?",anger,1543,4,1,question,"At cars! You are not thinking about buying a car, are you?",anger,anger,3,False
How about Joining our summer camp next week?,happiness,1128,8,1,directive,How about Joining our summer camp next week?,happiness,happiness,8,False
Do you like the Chinese traditional silk?,calm_neutral,1169,12,0,question,Do you like the Chinese traditional silk?,no emotion,calm_neutral,11,False
I am awfully sorry. Please tell us about the stains before the dry-cleaning next time.,depression,1446,11,1,directive,I am awfully sorry. Please tell us about the stains before the dry-cleaning next time.,sadness,depression,0,False
"Wow! That's cool. So, let me give you some details about the deck I want.",excitement,1474,9,1,directive,"Wow! That is cool. So, let me give you some details about the deck I want.",surprise,excitement,10,False
"Oh, this one is perfect.",anger,517,9,0,commissive,"Oh, this one is perfect.",anger,anger,3,False
"Seat thirty B is right here, sir. You may take your seat. I'll put your bag in the above compartment.",calm_neutral,907,0,1,directive,"Seat thirty B is right here, sir. You may take your seat. I will put your bag in the above compartment.",no emotion,calm_neutral,11,False
Thank you. How is the light now?,calm_neutral,2399,4,0,question,Thank you. How is the light now?. This has been going on for a while,no emotion,calm_neutral,11,True
Sure. You look like you're all black and blue.,anger,137,2,0,inform,Sure. You look like you are all black and blue.,anger,anger,3,False
Would you please bring us the check?,calm_neutral,1465,0,0,directive,"Honestly, Would you please bring us the check?",no emotion,calm_neutral,11,True
They are in the basement already.,calm_neutral,1981,6,0,inform,They are in the basement already.,no emotion,calm_neutral,11,False
Really? that’s very good. What about French?,excitement,1285,6,0,question,Really? that is very good. What about French?,surprise,excitement,10,False
"Thanks for saying so, but my wife thinks otherwise.",happiness,755,3,0,inform,"Thanks for saying so, but my wife thinks otherwise.",happiness,happiness,8,False
Really? I've been smoking for over a year now.,excitement,170,6,1,question,Really? I have been smoking for over a year now.,surprise,excitement,10,False
I wasn't happy with it.,anger,1209,5,0,inform,I was not happy with it.,disgust,anger,3,False
Really? How often do you go there?,excitement,470,2,0,question,Really? How often do you go there?,surprise,excitement,10,False
But she did and made me disappointed.,depression,2030,5,0,inform,But she did and made me disappointed.,sadness,depression,0,False
"Yes, sir. It is Jane. It was given by my English professor when I was at the university.",calm_neutral,2093,5,1,inform,"Yes, sir. It is Jane. It was given by my English professor when I was at the university.",no emotion,calm_neutral,11,True
"Hello, Ann! Is that you?",excitement,2338,0,0,question,"Hello, Ann! Is that you?",surprise,excitement,10,False
I love going to live gigs. Are there any good local bands playing around here that you'd recommend?,calm_neutral,2044,9,0,question,I love going to live gigs. Are there any good local bands playing around here that you would recommend?,no emotion,calm_neutral,11,False
"I'll give you five more minutes, then I'm going on without you!",anger,704,6,0,directive,"I will give you five more minutes, then I am going on without you!",anger,anger,3,False
Really? I am glad to meet you.,excitement,1713,5,1,question,Really? I am glad to meet you.. This has been going on for a while,surprise,excitement,10,True
You've got it.,calm_neutral,590,6,1,commissive,You have got it.,no emotion,calm_neutral,11,False
It must be a haunted house. Are you frightened?,anxiety,2435,11,0,question,It must be a haunted house. Are you frightened?,fear,anxiety,1,False
Yes. But why do I have to fill out a form anyway? This is the emergency room.,anger,1669,14,0,question,Yes. But why do I have to fill out a form anyway? This is the emergency room.,anger,anger,3,False
I really don't think it's any of your business.,anger,1542,6,0,directive,"Lately, i really do not think it is any of your business.",anger,anger,3,True
Good idea. I will think it over.,happiness,231,13,1,commissive,Good idea. I will think it over.,happiness,happiness,8,False
"Good heavens, am I really? I'm so sorry, I didn't notice.",depression,1034,5,0,question,"Good heavens, am I really? I am so sorry, I did not notice.",sadness,depression,0,False
"Duh... That's the point. The people in the ads are wearing what's in. Plus, there are articles on new trends...",calm_neutral,1721,5,1,inform,"Duh... That is the point. The people in the ads are wearing what is in. Plus, there are articles on new trends...",no emotion,calm_neutral,11,False
Too bad. I really like it.,anxiety,2202,2,0,inform,Too bad. I really like it.,fear,anxiety,1,False
Why are you being so nice to me? Don't think for a second that I trust you.,anger,28,5,0,inform,Why are you being so nice to me? Do not think for a second that I trust you.,anger,anger,3,False
That’s very kind of you. Thanks a lot.,happiness,1135,14,0,commissive,That is very kind of you. Thanks a lot.,happiness,happiness,8,False
Umm they may unless we get a half-price ticket for you.,calm_neutral,1348,4,1,inform,Umm they may unless we get a half-price ticket for you.,no emotion,calm_neutral,11,False
Good idea. Do you want a wash or a massage? Massage is especially good when you are tired.,happiness,854,4,0,directive,Good idea. Do you want a wash or a massage? Massage is especially good when you are tired.,happiness,happiness,8,False
My boss has been breathing down my neck all day. I can't wait for the weekend!,anger,1484,6,1,inform,My boss has been breathing down my neck all day. I cannot wait for the weekend!,anger,anger,3,False
I'm afraid you've made a mistake. This isn't what I ordered.,depression,2075,2,1,inform,I am afraid you have made a mistake. This is not what I ordered.,sadness,depression,0,False
"Well, I just saw a horror movie last night. It almost frightened me to death.",anxiety,1902,1,0,commissive,"Well, I just saw a horror movie last night. It almost frightened me to death.",fear,anxiety,1,False
Sorry. I didn't know.,depression,1778,1,1,commissive,Sorry. I did not know.,sadness,depression,0,False
I'm afraid that's the best we can do.,depression,1303,10,0,commissive,I am afraid that is the best we can do.,sadness,depression,0,False
Come on! I'll pay you back on Tuesday.,anger,1440,2,1,directive,Come on! I will pay you back on Tuesday.,anger,anger,3,False
"Too bad. But, is there any other leather store nearby?",depression,1296,7,0,question,"Too bad. But, is there any other leather store nearby?",sadness,depression,0,False
"Oh, I see him now. Wait! That's...",excitement,863,6,1,inform,"Oh, I see him now. Wait! That is...",surprise,excitement,10,False
Umm why don't you just stick a gun in my ribs and take everything I have?,anger,642,8,0,directive,Umm why do not you just stick a gun in my ribs and take everything I have?,anger,anger,3,False
"Good, I am sure it will work if you can persist.",happiness,2478,6,0,inform,"Good, I am sure it will work if you can persist.",happiness,happiness,8,False
"Oh, My God! So much!",anger,30,7,1,commissive,"Lately, oh, my god! so much!",disgust,anger,3,True
True? The food is terrible.,anger,2243,5,0,question,True? The food is terrible.,disgust,anger,3,False
"I'm serious, Zina. Back off. I have a bottle of pepper spray in my pocket.",anger,28,3,0,inform,"I am serious, Zina. Back off. I have a bottle of pepper spray in my pocket.",anger,anger,3,False
"It is a long story. Basically, she thought I had laughed at her while I didn't.",depression,246,3,0,inform,"It is a long story. Basically, she thought I had laughed at her while I did not.",sadness,depression,0,False
"Yes, I know, sir. Umm I'm sorry.",depression,804,3,1,inform,"Yes, I know, sir. Umm I am sorry.",sadness,depression,0,False
But she did and made me disappointed.,depression,2030,5,0,inform,But she did and made me disappointed.,sadness,depression,0,False
"Yes, my friends like to get along with me well.",happiness,417,1,0,inform,"Yes, my friends like to get along with me well.. This has been going on for a while",happiness,happiness,8,True
A really dreadful accident and many people were killed.,depression,423,1,1,inform,A really dreadful accident and many people were killed.,sadness,depression,0,False
"Have a nice day, and thank you for shopping here.",happiness,1309,13,1,inform,"Have a nice day, and thank you for shopping here.",happiness,happiness,8,False
"Uh, the goods in the yard sale are really cheap. I will take it.",happiness,1793,4,1,directive,"Uh, the goods in the yard sale are really cheap. I will take it.",happiness,happiness,8,False
"Sorry, we can’t come down any more.",depression,1374,9,0,inform,"Sorry, we cannot come down any more.",sadness,depression,0,False
My stress level is pretty much what is usually is.,depression,1546,7,1,inform,My stress level is pretty much what is usually is.,sadness,depression,0,False
Umm I am sorry. I am very tired. I'm going to bed early.,depression,727,4,1,commissive,Umm I am sorry. I am very tired. I am going to bed early.,sadness,depression,0,False
"At cars! You aren't thinking about buying a car, are you?",anger,1543,4,1,question,"At cars! You are not thinking about buying a car, are you?",anger,anger,3,False
"We don't know, but he's going to the doctor tomorrow.",calm_neutral,1420,3,1,inform,"I really feel we do not know, but he is going to the doctor tomorrow.",no emotion,calm_neutral,11,True
"Yes, Bill Smith in Room seven thirteen.",calm_neutral,129,11,0,inform,"Honestly, Yes, Bill Smith in Room seven thirteen.",no emotion,calm_neutral,11,True
What are you talking about?! He’s passed every drug test he’s taken!,excitement,1836,2,0,inform,What are you talking about?! He is passed every drug test he is taken!,surprise,excitement,10,False
I needed you to be done and finished an hour ago.,calm_neutral,1960,2,1,directive,I needed you to be done and finished an hour ago.,no emotion,calm_neutral,11,False
May i please see ID?,calm_neutral,1751,7,1,directive,May i please see ID?,no emotion,calm_neutral,11,True
"OK, let’s do that then!",happiness,2392,6,0,commissive,"OK, let us do that then!",happiness,happiness,8,False
All the parts work.,calm_neutral,1707,6,1,inform,All the parts work.,no emotion,calm_neutral,11,False
I didn't really like it.,anger,1209,1,0,inform,I did not really like it.,disgust,anger,3,False
She never cares about others.,anger,406,3,1,inform,She never cares about others.,disgust,anger,3,False
What a thrilling trip!,anxiety,1221,8,1,inform,What a thrilling trip!,fear,anxiety,1,False
Can you also show me this one?,calm_neutral,984,2,0,directive,Can you also show me this one?,no emotion,calm_neutral,11,False
I hate this kind of weather!,anger,2216,0,0,inform,I hate this kind of weather!,disgust,anger,3,False
"Umm the food station was as crowded as usual. I waited for twenty minutes for my sandwich, and when I finally got it the chicken was underdone.",anger,808,3,0,inform,"Umm the food station was as crowded as usual. I waited for twenty minutes for my sandwich, and when I finally got it the chicken was underdone.",disgust,anger,3,False
"Really? Me, too. I work for an accountancy company, T&D. Maybe you've heard of them.",excitement,859,5,1,inform,"Lately, really? me, too. i work for an accountancy company, t&d. maybe you have heard of them.",surprise,excitement,10,True
Thanks a lot.,happiness,595,18,1,inform,Thanks a lot.,happiness,happiness,8,False
All photography shops carry them.,calm_neutral,978,9,1,inform,All photography shops carry them.,no emotion,calm_neutral,11,False
"Yes, I know. I appreciate your invitation.",happiness,1604,7,1,inform,"Yes, I know. I appreciate your invitation.",happiness,happiness,8,False
"I can wait, but my toothache can't!",anger,1493,11,0,commissive,"I can wait, but my toothache cannot!",anger,anger,3,False
I won't be paying you for this.,anger,762,10,1,inform,I will not be paying you for this.,anger,anger,3,False
Football? Sounds dangerous. Maybe I'll just be a cheerleader.,excitement,76,2,1,question,Football? Sounds dangerous. Maybe I will just be a cheerleader.,surprise,excitement,10,False
"Oh, it's love at first sight. Umm, when will you see each other again?",calm_neutral,986,6,0,question,"Oh, it is love at first sight. Umm, when will you see each other again?",no emotion,calm_neutral,11,False
"It's your turn, sir. Sorry to keep you waiting.",depression,1802,0,1,directive,"It is your turn, sir. Sorry to keep you waiting.",sadness,depression,0,False
"I enjoyed myself, too.",happiness,179,1,0,inform,"I enjoyed myself, too.",happiness,happiness,8,False
Where was the break-in?,calm_neutral,2511,4,1,question,I really feel where was the break-in?,no emotion,calm_neutral,11,True
Is there anything that you’ve done to your tooth that might have caused the pain?,calm_neutral,2398,4,0,question,Is there anything that you have done to your tooth that might have caused the pain?,no emotion,calm_neutral,11,False
What's this? Essential oil? Wow! This stuff is expensive.,excitement,2368,2,1,question,What is this? Essential oil? Wow! This stuff is expensive.,surprise,excitement,10,False
I went to the library and lost my bag.,depression,1380,3,1,inform,"Honestly, I went to the library and lost my bag.",sadness,depression,0,True
"Ur, you really let me down.",anger,2013,6,0,inform,"You Are, you really let me down.",anger,anger,3,False
I didn't really like it.,anger,1209,1,0,inform,I did not really like it.,disgust,anger,3,False
I really hope that you didn't expect me to pay you for this.,anger,1520,10,1,directive,I really hope that you did not expect me to pay you for this.,anger,anger,3,False
Oh really what’s happening?,excitement,2041,1,0,question,Oh really what is happening?,surprise,excitement,10,False
It is stupid to say so.,anger,2245,5,0,inform,It is stupid to say so.,anger,anger,3,False
Do you like flowers?,happiness,1971,0,1,question,Do you like flowers?,happiness,happiness,8,False
"Oh, no. That's bad news.",depression,926,7,1,inform,"Oh, no. That is bad news.",sadness,depression,0,False
It's leap my mind. I really feel terrible about it.,depression,1550,3,0,inform,It is leap my mind. I really feel terrible about it.,sadness,depression,0,False
"Yes, some countries may use some of the unnecessary health rules to exclude foreign food.",calm_neutral,34,9,0,inform,"Yes, some countries may use some of the unnecessary health rules to exclude foreign food.",no emotion,calm_neutral,11,False
"Don't laugh at me, please. I'm serious. I've never been required to write this kind of report before, I only do the research reports.",depression,924,3,0,inform,"Do not laugh at me, please. I am serious. I have never been required to write this kind of report before, I only do the research reports.",sadness,depression,0,False
Peak periods always entail hours of queuing. At least you got a nice tan though!,happiness,2307,2,0,inform,Peak periods always entail hours of queuing. At least you got a nice tan though!,happiness,happiness,8,False
"Well, I hate to have to say this, but I'm not happy with my room.",anger,1881,2,0,inform,"Well, I hate to have to say this, but I am not happy with my room.",disgust,anger,3,False
"Oh, they have? I didn't know. I haven't seen Tom lately.",excitement,1866,5,1,question,"Oh, they have? I did not know. I have not seen Tom lately.",surprise,excitement,10,False
Not at all.,happiness,684,4,0,inform,Not at all.,happiness,happiness,8,False
Really? Umm tell me about it. What's it like?,excitement,2532,2,0,question,I really feel really? umm tell me about it. what is it like?,surprise,excitement,10,True
Thank you for your help.,happiness,2244,4,1,inform,Thank you for your help.,happiness,happiness,8,False
"Oh, really? That sounds interesting, what kinds of book do you publish?",excitement,2534,2,1,question,"Oh, really? That sounds interesting, what kinds of book do you publish?",surprise,excitement,10,False
No way. I will be scared out of my wits.,anxiety,1454,3,0,commissive,No way. I will be scared out of my wits.,fear,anxiety,1,False
"Actually, I don't know exactly. Umm do you have anything recommended?",calm_neutral,287,3,0,question,"Actually, I do not know exactly. Umm do you have anything recommended?",no emotion,calm_neutral,11,False
What? How could you forget to reserve the concert tickets?,excitement,1550,0,1,question,What? How could you forget to reserve the concert tickets?,surprise,excitement,10,False
Really? Umm do you mean that you are leaving?,excitement,53,1,0,question,Really? Umm do you mean that you are leaving?,surprise,excitement,10,False
"Perhaps, but I haven’t felt well for a few days now.",depression,1546,5,1,inform,"Perhaps, but I have not felt well for a few days now.",sadness,depression,0,False
"Oh, my god. I am so heavy now. I gain ten kilos.",excitement,1163,0,1,inform,"Oh, my god. I am so heavy now. I gain ten kilos.",surprise,excitement,10,False
"oh, I'm sorry to bother you.",depression,1878,4,1,inform,"oh, I am sorry to bother you.",sadness,depression,0,False
OK. Do you have your ID card on you?,calm_neutral,738,9,1,question,OK. Do you have your ID card on you?,no emotion,calm_neutral,11,False
"Yes, and hurry up!",anger,756,2,0,inform,"Yes, and hurry up!",anger,anger,3,False
"He's lazy. I tried being a good host, but if you give him an inch, he'll take a mile.",anger,1967,7,1,inform,"He is lazy. I tried being a good host, but if you give him an inch, he will take a mile.. This has been going on for a while",disgust,anger,3,True
I'm sorry I couldn't help you.,depression,2481,5,0,inform,I am sorry I could not help you.,sadness,depression,0,False
"Whenever you're ready to check out, I'll be ready, sir.",calm_neutral,899,1,1,commissive,"Whenever you are ready to check out, I will be ready, sir.",no emotion,calm_neutral,11,False
Good idea. Let's go,happiness,1861,10,0,commissive,Good idea. Let us go,happiness,happiness,8,False
Here. How do you like this one?,calm_neutral,37,5,0,question,Here. How do you like this one?,no emotion,calm_neutral,11,False
I can’t believe it!,excitement,2222,0,0,inform,I cannot believe it!,surprise,excitement,10,True
Then shall we keep pure friendship?,depression,1936,15,0,directive,Then shall we keep pure friendship?,sadness,depression,0,False
Now he's looking over here! He's coming!,anxiety,1332,6,1,inform,I really feel now he is looking over here! he is coming!,fear,anxiety,1,True
Forget it! It was a bitter pill for me to swallow.,anger,94,3,1,inform,Forget it! It was a bitter pill for me to swallow.. This has been going on for a while,anger,anger,3,True
You're kidding. The story and acting were outstanding.,excitement,1743,6,0,inform,You are kidding. The story and acting were outstanding.,surprise,excitement,10,True
They said that they did. I've been so busy...,depression,2327,6,0,inform,They said that they did. I have been so busy...,sadness,depression,0,False
I use those sites. Hey! Let's go check out a flea market later.,anxiety,500,4,0,directive,I use those sites. Hey! Let us go check out a flea market later.,fear,anxiety,1,False
And why are you yarning now? Are you bored?,anger,2514,4,0,question,And why are you yarning now? Are you bored?,anger,anger,3,False
"I'm sorry, sir, but I'll have to give you a ticket.",depression,1034,6,1,inform,"I am sorry, sir, but I will have to give you a ticket.",sadness,depression,0,True
"I'm serious, Zina. Back off. I have a bottle of pepper spray in my pocket.",anger,28,3,0,inform,"I am serious, Zina. Back off. I have a bottle of pepper spray in my pocket.",anger,anger,3,False
Slide your card through the card ID pad and punch in your PIN.,calm_neutral,1778,4,0,directive,Slide your card through the card ID pad and punch in your PIN.,no emotion,calm_neutral,11,False
You did? I thought you must feel right at home here as we get as many fast food restaurants as you do in America.,excitement,808,9,0,question,You did? I thought you must feel right at home here as we get as many fast food restaurants as you do in America.,surprise,excitement,10,False
All right. They’re due back next Wednesday.,calm_neutral,608,6,1,commissive,All right. They are due back next Wednesday.,no emotion,calm_neutral,11,False
I think I'm too clumsy. I can do nothing well.,depression,2319,7,1,inform,I think I am too clumsy. I can do nothing well.,sadness,depression,0,False
"Oh, wow! It's really him! Who is that woman he's with?",excitement,863,8,1,question,"Oh, wow! It is really him! Who is that woman he is with?",surprise,excitement,10,False
What are you waiting for? Rip‘em open!,happiness,964,1,1,question,What are you waiting for? Rip‘them open!,happiness,happiness,8,True
You are saying he will be promoted to the general manager?,excitement,2177,0,1,question,You are saying he will be promoted to the general manager?,surprise,excitement,10,False
I am sorry to say this but I seem to have lost the key to the safe.,depression,1639,0,1,inform,I am sorry to say this but I seem to have lost the key to the safe.,sadness,depression,0,False
"Oh, what exactly is problem?",excitement,1881,3,1,question,"Oh, what exactly is problem?",surprise,excitement,10,False
Circle or stalls?,calm_neutral,1291,5,1,question,Circle or stalls?,no emotion,calm_neutral,11,False
"I'll give you five more minutes, then I'm going on without you!",anger,704,6,0,directive,"I will give you five more minutes, then I am going on without you!",anger,anger,3,False
Really? I thought you hated shopping?,excitement,504,3,1,question,Really? I thought you hated shopping?,surprise,excitement,10,False
We’re in the same boat! I’ve eaten fast food the whole week. I hate it now.,anger,1910,5,0,inform,We are in the same boat! I have eaten fast food the whole week. I hate it now.,anger,anger,3,True
I think he had water on the brain. This is bad.,anger,2216,2,0,inform,I think he had water on the brain. This is bad.,disgust,anger,3,False
You didn't show up to my performance last night! Some kind of friend you are!,anger,137,0,0,inform,You did not show up to my performance last night! Some kind of friend you are!,anger,anger,3,False
Sure. The local train. It stops at every station.,calm_neutral,1614,4,0,commissive,Sure. The local train. It stops at every station.,no emotion,calm_neutral,11,False
Another piece of meat pie?,happiness,916,6,0,directive,Another piece of meat pie?,happiness,happiness,8,False
Thank you. Welcome to call again. Goodbye.,happiness,1048,5,1,commissive,Thank you. Welcome to call again. Goodbye.,happiness,happiness,8,False
Umm your Rose is a fool.,anger,703,5,1,inform,I really feel umm your rose is a fool.,disgust,anger,3,True
"Oh, my god!",excitement,1891,0,0,inform,"Oh, my god!",surprise,excitement,10,False
Alright. I'll meet you there at one o'clock.,happiness,1115,8,1,commissive,Alright. I will meet you there at one of the clock.,happiness,happiness,8,False
I have been accepted by Oxford University on PhD.,happiness,393,4,0,inform,I have been accepted by Oxford University on PhD.,happiness,happiness,8,True
It's fourty two dollars! That's expensive!,excitement,1005,7,1,inform,It is fourty two dollars! That is expensive!,surprise,excitement,10,False
Twenty two hundred dollars.,calm_neutral,2129,12,1,inform,Twenty two hundred dollars.,no emotion,calm_neutral,11,False
"He treats everyone pretty poorly, but the way he treats me really takes the cake!",anger,269,9,1,inform,"He treats everyone pretty poorly, but the way he treats me really takes the cake!",anger,anger,3,False
But she means a lot to me.,depression,2030,7,0,commissive,But she means a lot to me.,sadness,depression,0,False
I was told my girlfriend was speaking ill of me. That’s a real let-down.,depression,2030,3,0,inform,I was told my girlfriend was speaking ill of me. That is a real let-down.,sadness,depression,0,False
Thanks. I'm flattered.,happiness,1181,16,0,inform,Thanks. I am flattered.,happiness,happiness,8,False
What are we waiting for? It's already seven p.m. now. Let's buy some drinks and desserts now.,happiness,830,7,0,directive,What are we waiting for? It is already seven p.m. now. Let us buy some drinks and desserts now.,happiness,happiness,8,False
This is a pity!,depression,2329,6,0,inform,This is a pity!,sadness,depression,0,False
"Science? What are you talking about? Forget about your science, OK? It's a picnic!",excitement,1475,12,0,directive,"Science? What are you talking about? Forget about your science, OK? It is a picnic!",surprise,excitement,10,False
"Ok, I will. You have said that many times.",happiness,1425,3,0,commissive,"Ok, I will. You have said that many times.",happiness,happiness,8,False
Why? Did tom pop the question?,excitement,1176,1,1,question,Why? Did tom pop the question?,surprise,excitement,10,False
Thanks and you too.,happiness,2359,13,0,inform,Thanks and you too.,happiness,happiness,8,False
Really? I thought you hated shopping?,excitement,504,3,1,question,Really? I thought you hated shopping?,surprise,excitement,10,False
"Thanks, Sophie.",happiness,326,8,0,inform,"Thanks, Sophie.",happiness,happiness,8,False
Oh! How could I forget such an important holiday?,excitement,236,3,0,inform,Oh! How could I forget such an important holiday?,surprise,excitement,10,True
I've said that I've got a problem with the circus. I'm not kidding.,anger,1402,9,0,inform,I have said that I have got a problem with the circus. I am not kidding.,anger,anger,3,False
A really dreadful accident and many people were killed.,depression,423,1,1,inform,A really dreadful accident and many people were killed.,sadness,depression,0,False
I simply can't bear your barbaric behavior.,anger,791,4,1,inform,I simply cannot bear your barbaric behavior.,anger,anger,3,False
"Really? Oh, well, in that case we should play together some time. What's your handicap?",excitement,713,5,1,question,"Really? Oh, well, in that case we should play together some time. What is your handicap?",surprise,excitement,10,False
"Oh, this one is perfect.",anger,517,9,0,commissive,"Oh, this one is perfect.",anger,anger,3,False
At the Gate.,calm_neutral,1705,3,0,inform,At the Gate.,no emotion,calm_neutral,11,False
That might be a little too cold for some people.,happiness,1826,3,0,commissive,That might be a little too cold for some people.,happiness,happiness,8,False
"Oh, I'm sorry.",depression,197,4,1,inform,"Oh, I am sorry. and it's affecting me deeply",sadness,depression,0,True
It must be a haunted house. Are you frightened?,anxiety,2435,11,0,question,It must be a haunted house. Are you frightened?,fear,anxiety,1,False
"Hmm, that's good. Can you use cedar or redwood to build it?",happiness,1474,17,1,directive,"I really feel hmm, that is good. can you use cedar or redwood to build it?",happiness,happiness,8,True
What a thrilling trip!,anxiety,1221,8,1,inform,I really feel what a thrilling trip!,fear,anxiety,1,True
"No, we got no receipt, but we paid on the spot.",anger,2540,6,0,inform,"No, we got no receipt, but we paid on the spot.",anger,anger,3,False
I'm afraid we can't return it by eleven o'clock.,depression,1241,5,1,commissive,I am afraid we cannot return it by eleven of the clock.,sadness,depression,0,False
What a thrilling trip!,anxiety,1221,8,1,inform,What a thrilling trip!,fear,anxiety,1,False
What size do you wear? These shoes are on sale.,calm_neutral,1153,2,0,question,What size do you wear? These shoes are on sale.,no emotion,calm_neutral,11,False
It's my new radio earphone.,excitement,2375,2,1,inform,It is my new radio earphone.,surprise,excitement,10,False
Umm why don't you just stick a gun in my ribs and take everything I have?,anger,642,8,0,directive,Umm why do not you just stick a gun in my ribs and take everything I have?,anger,anger,3,False
You should feel shameful for your behavior.,anger,791,6,1,inform,You should feel shameful for your behavior.,anger,anger,3,False
"What? Are you serious? Oh, my gosh! There will be guys everywhere.",excitement,368,7,1,inform,"What? Are you serious? Oh, my gosh! There will be guys everywhere.",surprise,excitement,10,False
You can't be serious. How dare you not tell me you are going to marry her?,anger,1911,8,1,question,You cannot be serious. How dare you not tell me you are going to marry her?,anger,anger,3,False
There is no need. Thanks.,happiness,2274,4,0,commissive,There is no need. Thanks.,happiness,happiness,8,False
No! Umm my tour bus got a speeding ticket not ten minutes ago. Now my engine is on fire!,depression,2351,1,0,inform,No! Umm my tour bus got a speeding ticket not ten minutes ago. Now my engine is on fire!,sadness,depression,0,False
"Well, thank you, Mr. Smith. But I was just doing my job.",happiness,1065,3,1,inform,"Well, thank you, Mr. Smith. But I was just doing my job.",happiness,happiness,8,False
What a thrilling trip!,anxiety,1221,8,1,inform,What a thrilling trip!,fear,anxiety,1,False
Didn't they announce that our flight was delayed?,excitement,1245,3,1,question,Did not they announce that our flight was delayed?,surprise,excitement,10,False
No. I’d better not.,calm_neutral,2229,7,0,commissive,No. I would better not.,no emotion,calm_neutral,11,False
Do you think so? I don't like it very much. I found it rather uncomfortable.,anger,2294,6,1,question,Do you think so? I do not like it very much. I found it rather uncomfortable.,disgust,anger,3,False
"Umm yes, that was probably it! It isn't fair.",anger,1549,8,1,inform,"Umm yes, that was probably it! It is not fair.",anger,anger,3,False
What is that?,calm_neutral,722,2,0,question,"Lately, what is that?",no emotion,calm_neutral,11,True
Five five five seven six five eight.,calm_neutral,1194,8,0,inform,Five five five seven six five eight.,no emotion,calm_neutral,11,False
Really? He is my type.,excitement,2031,2,1,question,Really? He is my type.,surprise,excitement,10,False
"What's wrong, Jerry? You look so upset.",calm_neutral,839,0,1,question,"Honestly, What is wrong, Jerry? You look so upset.",no emotion,calm_neutral,11,True
Linda? Is that you? I haven't seen you in ages!,excitement,2436,0,0,question,Linda? Is that you? I have not seen you in ages!,surprise,excitement,10,False
"Really? Oh, well, in that case we should play together some time. What's your handicap?",excitement,713,5,1,question,"I really feel really? oh, well, in that case we should play together some time. what is your handicap?",surprise,excitement,10,True
I'm very sorry to have caused you this trouble.,depression,756,7,1,inform,I am very sorry to have caused you this trouble.,sadness,depression,0,False
Umm I have made a reservation for my breakfast last night. But I still haven't got it. I am so hungry now.,anger,1696,2,0,directive,Umm I have made a reservation for my breakfast last night. But I still have not got it. I am so hungry now.,anger,anger,3,False
I would like to go skating. Feel like going with me?,calm_neutral,2087,4,1,directive,I would like to go skating. Feel like going with me?,no emotion,calm_neutral,11,False
Thanks a lot.,happiness,846,4,0,inform,Thanks a lot.,happiness,happiness,8,False
"Oh, I can't believe it. He looks very young.",excitement,1581,2,1,inform,"Oh, I cannot believe it. He looks very young.",surprise,excitement,10,False
Really? Umm do you mean that you are leaving?,excitement,53,1,0,question,Really? Umm do you mean that you are leaving?,surprise,excitement,10,False
I don't know. Where did you leave it?,calm_neutral,1978,1,0,question,I do not know. Where did you leave it?,no emotion,calm_neutral,11,False
"I am sorry for damaging your car, sir.",depression,2322,0,1,inform,"I am sorry for damaging your car, sir.",sadness,depression,0,False
At least I enjoy my lunch! What's in your bag?,anger,945,5,1,question,At least I enjoy my lunch! What is in your bag?,anger,anger,3,False
"Thanks. It's a lot better than mine, and it's new.",happiness,1976,1,1,inform,"Thanks. It is a lot better than mine, and it is new.",happiness,happiness,8,False
Thanks a lot.,happiness,819,10,0,inform,Thanks a lot.,happiness,happiness,8,False
I didn't think of it. Thank you. And I do apologize for being late.,depression,2220,4,1,commissive,I did not think of it. Thank you. And I do apologize for being late.,sadness,depression,0,False
It was so kind of you.,happiness,2482,5,1,inform,It was so kind of you.,happiness,happiness,8,False
"Well, I think I like it. I appreciate the snow very much.",happiness,790,2,0,inform,"Well, I think I like it. I appreciate the snow very much.",happiness,happiness,8,False
We'll get to go fishing at the river. I hate fish.,depression,1950,7,1,inform,We will get to go fishing at the river. I hate fish.,sadness,depression,0,False
Sorry. We mustn't stop here.,depression,2259,9,1,commissive,Sorry. We must not stop here.,sadness,depression,0,False
Please do that. I can't wait to come back again. The performance must be really amazing.,happiness,1804,14,0,commissive,Please do that. I cannot wait to come back again. The performance must be really amazing.,happiness,happiness,8,False
"Sis, why did you ask me to come to this bargain market? It's so crowded, and you can't find anything that you really want.",excitement,2344,0,0,question,"Sis, why did you ask me to come to this bargain market? It is so crowded, and you cannot find anything that you really want.",surprise,excitement,10,False
Six fifty Yuan! You must be kidding! I can subscribe for evening newspapers for ten years with that much!,excitement,2059,12,1,inform,Six fifty Yuan! You must be kidding! I can subscribe for evening newspapers for ten years with that much! and it's affecting me deeply,surprise,excitement,10,True
"Mike, these flowers are just gorgeous.",happiness,1391,0,1,inform,"Mike, these flowers are just gorgeous.",happiness,happiness,8,False
Really? I’m surprised.,excitement,798,4,0,question,Really? I am surprised.,surprise,excitement,10,False
It's a quiet beach just about an hour outside of the city.,happiness,746,8,1,inform,It is a quiet beach just about an hour outside of the city.,happiness,happiness,8,False
Who started the modern Olympics?,calm_neutral,407,9,0,question,Who started the modern Olympics?,no emotion,calm_neutral,11,False
I wasn't happy with it.,anger,1209,5,0,inform,I was not happy with it.,disgust,anger,3,False
Oh. I made a mistake. I thought the guy on the right was Peckham.,depression,1928,10,1,inform,Oh. I made a mistake. I thought the guy on the right was Peckham.,sadness,depression,0,False
"I'm sorry, but we don't allow returns on sale items.",depression,1386,8,0,commissive,"I am sorry, but we do not allow returns on sale items. and it's affecting me deeply",sadness,depression,0,True
"Oh, a cat? Come on.",excitement,160,5,0,inform,"Oh, a cat? Come on.",surprise,excitement,10,False
I'll be here for about a year.,calm_neutral,2320,11,0,inform,"Lately, i will be here for about a year.",no emotion,calm_neutral,11,True
"If you want full coverage insurance, it will be eight dollars per day. It includes collision damage waiver and personal accident insurance.",calm_neutral,2029,8,1,directive,"If you want full coverage insurance, it will be eight dollars per day. It includes collision damage waiver and personal accident insurance.",no emotion,calm_neutral,11,False
So that we can sit down together and listen to some music.,anger,1246,6,0,inform,So that we can sit down together and listen to some music.,anger,anger,3,False
John's father got married again.,calm_neutral,1026,0,0,inform,John's father got married again.,no emotion,calm_neutral,11,False
"Sorry, Mr. Polly.",depression,887,6,1,inform,"Sorry, Mr. Polly.",sadness,depression,0,False
Where's the peeler?,calm_neutral,26,12,1,question,Where is the peeler?,no emotion,calm_neutral,11,False
I was told my girlfriend was speaking ill of me. That’s a real let-down.,depression,2030,3,0,inform,I was told my girlfriend was speaking ill of me. That is a real let-down.,sadness,depression,0,False
"Oh, really? Give me a clam soup.",excitement,522,10,0,directive,"Oh, really? Give me a clam soup. and it's affecting me deeply",surprise,excitement,10,True
You're welcome.,happiness,195,4,0,inform,"Lately, you are welcome.",happiness,happiness,8,True
All right! Thank you.,happiness,2236,17,1,inform,All right! Thank you.,happiness,happiness,8,False
What a thrilling trip!,anxiety,1221,8,1,inform,What a thrilling trip!,fear,anxiety,1,False
Forget it! It was a bitter pill for me to swallow.,anger,94,3,1,inform,Forget it! It was a bitter pill for me to swallow.,anger,anger,3,False
"No, ties. And there's a tie store. Let's go!",happiness,1586,6,1,commissive,"No, ties. And there is a tie store. Let us go!",happiness,happiness,8,False
We should come here more often.,happiness,931,4,0,inform,We should come here more often.,happiness,happiness,8,False
Thanks. You can also seek job information on the Internet.,happiness,231,12,0,directive,Thanks. You can also seek job information on the Internet.,happiness,happiness,8,False
"Umm sorry, you're right. I think you'll be a good politician.",calm_neutral,1827,5,1,inform,"Umm sorry, you are right. I think you will be a good politician.",no emotion,calm_neutral,11,False
I haven't read a book like that for as long as I can remember.,happiness,59,2,0,inform,I have not read a book like that for as long as I can remember.,happiness,happiness,8,False
What? You're overcharging me!,anger,347,2,1,inform,What? You are overcharging me!,anger,anger,3,False
You have a very good taste. It's our best seller.,happiness,436,4,1,commissive,You have a very good taste. It is our best seller.,happiness,happiness,8,False
I hate computer games.,anger,2207,0,0,inform,I hate computer games.,disgust,anger,3,False
"If so, I'd better try another store.",depression,1303,11,1,inform,"If so, I would better try another store.",sadness,depression,0,False
That doesn’t make any sense.,depression,825,11,1,inform,That does not make any sense.,sadness,depression,0,False
I am really sorry. I'll face the music.,depression,2456,4,1,inform,I am really sorry. I will face the music.,sadness,depression,0,False
What do you think of the local accent here? Has it been causing you any problems?,calm_neutral,1704,5,0,question,What do you think of the local accent here? Has it been causing you any problems?,no emotion,calm_neutral,11,False
"Yeah, I know, but it's too hard to do.",depression,1270,1,1,commissive,"Honestly, Yeah, I know, but it is too hard to do.",sadness,depression,0,True
It's raining heavily.,calm_neutral,281,0,1,inform,It is raining heavily.,no emotion,calm_neutral,11,False
"Last name, Rodgers?",calm_neutral,1554,2,1,question,"Last name, Rodgers?. This has been going on for a while",no emotion,calm_neutral,11,True
"OK, but don't tell anyone what I said.",calm_neutral,2525,6,1,directive,"OK, but do not tell anyone what I said.",no emotion,calm_neutral,11,False
"Sure, follow me.",calm_neutral,78,4,1,commissive,"Sure, follow me.",no emotion,calm_neutral,11,False
How many do you want to buy?,calm_neutral,656,11,0,question,How many do you want to buy?,no emotion,calm_neutral,11,False
I had a bad day yesterday.,depression,1380,1,1,inform,I had a bad day yesterday.,sadness,depression,0,False
And why are you yarning now? Are you bored?,anger,2514,4,0,question,And why are you yarning now? Are you bored?,anger,anger,3,False
I use those sites. Hey! Let's go check out a flea market later.,anxiety,500,4,0,directive,I use those sites. Hey! Let us go check out a flea market later.,fear,anxiety,1,False
"Oh, my God! What do I do now? Bone head.",depression,1561,9,0,question,"Oh, my God! What do I do now? Bone head.",sadness,depression,0,False
What do you mean?,calm_neutral,2345,1,1,question,What do you mean?,no emotion,calm_neutral,11,False
I would like to buy a new fridge.,calm_neutral,2496,1,0,inform,"Lately, i would like to buy a new fridge.",no emotion,calm_neutral,11,True
I knew this would happen some day...,depression,1936,9,0,commissive,I knew this would happen some day...,sadness,depression,0,False
Really? Tell me without delay.,excitement,2032,4,0,directive,Really? Tell me without delay.,surprise,excitement,10,False
One that won't grow up too big.,calm_neutral,2223,5,1,inform,One that will not grow up too big.,no emotion,calm_neutral,11,False
You? Play badminton? That's unbelievable! You are shorter than a racket.,excitement,1701,4,0,question,You? Play badminton? That is unbelievable! You are shorter than a racket.,surprise,excitement,10,False
"I'm afraid not, sir. Generally we can, but you know how it is in the rush hour now.",depression,1702,5,1,inform,"I am afraid not, sir. Generally we can, but you know how it is in the rush hour now.",sadness,depression,0,False
"The pants are on sale for fourty dollars, and the belt is twenty five dollars.",calm_neutral,676,10,0,inform,"The pants are on sale for fourty dollars, and the belt is twenty five dollars.",no emotion,calm_neutral,11,False
Really? It's very nice of you.,excitement,356,5,0,question,Really? It is very nice of you.,surprise,excitement,10,False
Easy. Dial the area code for Connecticut; then dial your friend's number.,calm_neutral,831,7,1,inform,Easy. Dial the area code for Connecticut; then dial your friend's number.,no emotion,calm_neutral,11,False
"Yes, you're right.",happiness,1399,9,1,inform,"Yes, you are right.",happiness,happiness,8,False
How in the world did you guess that? Did someone tell you already?,excitement,1950,2,0,question,How in the world did you guess that? Did someone tell you already?,surprise,excitement,10,False
"Well, he made quite a few mistakes on the monthly report and when his supervisor found them, my manager blamed them on me!",anger,269,5,1,inform,"Well, he made quite a few mistakes on the monthly report and when his supervisor found them, my manager blamed them on me!",anger,anger,3,False
"I'm not sure, perhaps around eight p.m.",happiness,1623,5,0,inform,"I am not sure, perhaps around eight p.m.",happiness,happiness,8,False
OK! I'll call security.,anxiety,1332,7,0,inform,OK! I will call security.,fear,anxiety,1,False
Are you crazy? You made the mistake and now you're charging me for your mistake?,anger,642,6,0,commissive,Are you crazy? You made the mistake and now you are charging me for your mistake?,anger,anger,3,False
That's very unbelievable. Is it fake?,excitement,287,17,0,question,That is very unbelievable. Is it fake?,surprise,excitement,10,False
"Hello? Yes, someone has passed out at Dongle Avenue. and second street. He isn't breathing and doesn't have a pulse. Yes, my friend is performing CPR. Ok, thank you. They are sending an ambulance. Here, let me help.",anxiety,433,5,0,commissive,"Hello? Yes, someone has passed out at Dongle Avenue. and second street. He is not breathing and does not have a pulse. Yes, my friend is performing CPR. Ok, thank you. They are sending an ambulance. Here, let me help.",fear,anxiety,1,False
That's sheer robbery!,anger,1282,4,0,inform,That is sheer robbery!,anger,anger,3,False
No. I'm afraid the price is too low.,depression,2453,5,0,inform,No. I am afraid the price is too low.,sadness,depression,0,False
I went to the library and lost my bag.,depression,1380,3,1,inform,I went to the library and lost my bag.,sadness,depression,0,False
"Yes, please.",calm_neutral,2198,13,1,commissive,"Lately, yes, please.",no emotion,calm_neutral,11,True
Not much. What a surprise to see you here.,excitement,812,2,1,inform,Not much. What a surprise to see you here.,surprise,excitement,10,False
"I heard about it, but I don't have any clothes made from silk.",calm_neutral,1169,13,1,inform,"I heard about it, but I do not have any clothes made from silk.",no emotion,calm_neutral,11,False
Surprise me.,calm_neutral,2084,5,1,inform,Surprise me.,no emotion,calm_neutral,11,False
"Thank you, you too.",happiness,1194,12,0,inform,"Thank you, you too.",happiness,happiness,8,False
I am afraid I'm not interested in fashion.,depression,1142,9,0,inform,I am afraid I am not interested in fashion.,sadness,depression,0,False
Umm let me show you to the cashier's. It's nine-o-five yuan in total.,calm_neutral,442,2,0,directive,Umm let me show you to the cashier's. It is nine-o-five yuan in total.,no emotion,calm_neutral,11,False
What? You did that?,excitement,734,6,0,question,What? You did that?. This has been going on for a while,surprise,excitement,10,True
Forget it! It was a bitter pill for me to swallow.,anger,94,3,1,inform,Forget it! It was a bitter pill for me to swallow.. This has been going on for a while,anger,anger,3,True
"Yeah, too cool. How much did they sell you for?",happiness,1641,6,1,question,"Yeah, too cool. How much did they sell you for?",happiness,happiness,8,False
That sounds ridiculous. Why?,excitement,975,4,0,question,That sounds ridiculous. Why?,surprise,excitement,10,False
"Then I will send it by air, thank you.",happiness,2188,10,0,inform,"Then I will send it by air, thank you.",happiness,happiness,8,False
Really? Umm tell me about it. What's it like?,excitement,2532,2,0,question,Really? Umm tell me about it. What is it like?,surprise,excitement,10,False
I’ve just found a mouse in the house!,excitement,1089,0,0,inform,I have just found a mouse in the house!,surprise,excitement,10,False
That's a waltz. Would you like to try it?,happiness,2192,11,0,directive,That is a waltz. Would you like to try it?,happiness,happiness,8,False
Sounds like an interesting film. Let's meet at five o'clock on Saturday.,happiness,573,5,1,commissive,"Lately, sounds like an interesting film. let us meet at five of the clock on saturday.",happiness,happiness,8,True
"Sunny-side up, please.",calm_neutral,1592,1,1,inform,"Sunny-side up, please.",no emotion,calm_neutral,11,False
"You've just scratched my car. Oh, God, a paint was scratched off.",anger,2517,2,1,inform,"You have just scratched my car. Oh, God, a paint was scratched off.",anger,anger,3,False
Umm really?,excitement,1777,1,1,question,Umm really?,surprise,excitement,10,False
It’s not the same. It’s completely different.,calm_neutral,539,3,1,commissive,It is not the same. It is completely different.,no emotion,calm_neutral,11,False
You didn't have to do that!,excitement,2520,3,0,inform,You did not have to do that!,surprise,excitement,10,True
Where does it go wrong?,calm_neutral,116,2,1,question,Where does it go wrong?,no emotion,calm_neutral,11,False
I can't afford to move right now.,anger,127,14,0,inform,I cannot afford to move right now.,disgust,anger,3,False
"Sure. Hey, I'm sorry, but I've got to get going.",depression,1024,13,0,commissive,"Sure. Hey, I am sorry, but I have got to get going.",sadness,depression,0,False
"Yes. Oh, dear, I can’t find my hairbrushes. Can you help me?",excitement,252,3,0,directive,"Yes. Oh, dear, I cannot find my hairbrushes. Can you help me?",surprise,excitement,10,False
How about Thursday?,happiness,2460,4,0,directive,How about Thursday?,happiness,happiness,8,False
I'm very sorry to have caused you this trouble.,depression,756,7,1,inform,I am very sorry to have caused you this trouble.,sadness,depression,0,False
"Sorry, I am not sure, can I take a message?",depression,2082,4,1,directive,"Sorry, I am not sure, can I take a message?",sadness,depression,0,False
Nothing. I just feel very lonely in this city. I miss my family.,depression,861,3,1,inform,Nothing. I just feel very lonely in this city. I miss my family.,sadness,depression,0,False
I was on a diet and exercised daily.,calm_neutral,2149,5,0,inform,I was on a diet and exercised daily.,no emotion,calm_neutral,11,False
My boss has been breathing down my neck all day. I can't wait for the weekend!,anger,1484,6,1,inform,My boss has been breathing down my neck all day. I cannot wait for the weekend!,anger,anger,3,False
How do you like the play?,calm_neutral,1880,0,0,question,How do you like the play?,no emotion,calm_neutral,11,False
"Sure, I will. How can I miss that?",happiness,1200,3,0,commissive,"Sure, I will. How can I miss that?",happiness,happiness,8,False
Oh really? I’ll come along with you if that’s OK.,excitement,235,4,0,directive,Oh really? I will come along with you if that is OK.,surprise,excitement,10,False
"Well, it's straight, but it's upside down I'm afraid.",calm_neutral,1443,7,1,inform,"Well, it is straight, but it is upside down I am afraid.",no emotion,calm_neutral,11,False
Dress casually and bring your bathing suit!,happiness,928,8,1,inform,Dress casually and bring your bathing suit!,happiness,happiness,8,False
Have you bought another handset?,excitement,556,0,0,question,Have you bought another handset?,surprise,excitement,10,False
What's the matter?,calm_neutral,1056,0,1,question,What is the matter?,no emotion,calm_neutral,11,False
We’re in the same boat! I’ve eaten fast food the whole week. I hate it now.,anger,1910,5,0,inform,We are in the same boat! I have eaten fast food the whole week. I hate it now.,anger,anger,3,False
"Umm I'll pick you up at about nine o'clock, will it do?",happiness,2063,6,1,directive,"Umm I will pick you up at about nine of the clock, will it do?",happiness,happiness,8,False
Yes. We charge fifty cents for iced water.,calm_neutral,260,1,1,inform,Yes. We charge fifty cents for iced water.,no emotion,calm_neutral,11,False
I'm leaving on Sunday. We're going to Canada.,excitement,2176,3,0,inform,I am leaving on Sunday. We are going to Canada.,surprise,excitement,10,False
I'm sorry to have bothered you.,depression,1555,10,0,inform,I am sorry to have bothered you.,sadness,depression,0,False
"I've never been to such a dirty restaurant, and never seen such slow service.",anger,355,7,0,inform,"I have never been to such a dirty restaurant, and never seen such slow service.",anger,anger,3,False
I think there's more you need to do.,anger,762,4,1,inform,I think there is more you need to do.,disgust,anger,3,False
"It's your turn, sir. I'm sorry that you had to wait. Saturday is a busy day for us.",depression,1935,0,1,inform,"It is your turn, sir. I am sorry that you had to wait. Saturday is a busy day for us.",sadness,depression,0,False
You’re kidding! How did that happen?,excitement,1785,12,1,question,You are kidding! How did that happen?,surprise,excitement,10,False
That's horrible. Was that the first time you'd shown up late to work?,anger,153,6,1,question,That is horrible. Was that the first time you would shown up late to work?,anger,anger,3,False
"Oh, don't mention it. It was terrible.",anger,808,1,0,inform,"Oh, do not mention it. It was terrible.",disgust,anger,3,False
"I'm sorry, sir. I'm going to have to ask you to leave.",depression,698,0,1,directive,"I am sorry, sir. I am going to have to ask you to leave.",sadness,depression,0,False
"Oh dear, that sounds terrible.",depression,884,4,1,inform,"Oh dear, that sounds terrible.",sadness,depression,0,False
"No, the steak was recommended, but it is not very fresh.",anger,178,1,0,inform,"No, the steak was recommended, but it is not very fresh.",anger,anger,3,False
"I want to see some of the famous places like Eiffel Tower, the Seine River...",calm_neutral,363,2,0,inform,"I want to see some of the famous places like Eiffel Tower, the Seine River...",no emotion,calm_neutral,11,False
"Hi, Linda. Umm I have two concert complimentary tickets. Will you go with me tonight?",calm_neutral,446,1,0,directive,"Hi, Linda. Umm I have two concert complimentary tickets. Will you go with me tonight?",no emotion,calm_neutral,11,False
Not on your life! I know I'd break my leg,anxiety,1667,8,1,commissive,Not on your life! I know I would break my leg,fear,anxiety,1,False
"Oh, my God! That's my husband, Benjamin.",excitement,583,7,1,inform,"Oh, my God! That is my husband, Benjamin.",surprise,excitement,10,False
"That's great, congratulations!",happiness,2111,6,1,inform,"That is great, congratulations!",happiness,happiness,8,False
You don't know what you are asking!,anger,212,1,0,commissive,You do not know what you are asking!,anger,anger,3,False
"Hello, Ann! Is that you?",excitement,2338,0,0,question,"Hello, Ann! Is that you?",surprise,excitement,10,False
Where are we going?,calm_neutral,1981,1,1,question,Where are we going?,no emotion,calm_neutral,11,False
What a pity!,depression,1803,7,1,inform,What a pity!,sadness,depression,0,False
"Well, he made quite a few mistakes on the monthly report and when his supervisor found them, my manager blamed them on me!",anger,269,5,1,inform,"Well, he made quite a few mistakes on the monthly report and when his supervisor found them, my manager blamed them on me!",anger,anger,3,False
I never watch foreign films. They're too boring.,calm_neutral,318,0,0,inform,I never watch foreign films. They are too boring.,no emotion,calm_neutral,11,False
I'm afraid i can't dance well.,calm_neutral,1688,7,0,commissive,I am afraid i cannot dance well.,no emotion,calm_neutral,11,False
So that we can sit down together and listen to some music.,anger,1246,6,0,inform,So that we can sit down together and listen to some music.,anger,anger,3,False
Do some children go on to university?,calm_neutral,1894,6,0,question,"Honestly, Do some children go on to university?",no emotion,calm_neutral,11,True
"Let me see. Ah, yes, I've been to England, France, Germany, Italy and now I've been in Spain.",happiness,1752,7,1,inform,"Let me see. Ah, yes, I have been to England, France, Germany, Italy and now I have been in Spain.",happiness,happiness,8,False
I use those sites. Hey! Let's go check out a flea market later.,anxiety,500,4,0,directive,I use those sites. Hey! Let us go check out a flea market later.,fear,anxiety,1,False
"I'm so sorry, but rules are rules.",depression,2481,3,0,inform,"I am so sorry, but rules are rules.",sadness,depression,0,False
Five hundred feet! I would never be able to do that.,excitement,319,8,1,inform,Five hundred feet! I would never be able to do that.,surprise,excitement,10,False
"Sorry, you can only pay cash.",depression,1633,3,1,commissive,"I really feel sorry, you can only pay cash.",sadness,depression,0,True
Please accept this tip.,happiness,411,15,0,directive,Please accept this tip.,happiness,happiness,8,False
"I'm so surprised, Jane. Umm why did you decide to end your marriage suddenly?",excitement,45,2,0,question,"I am so surprised, Jane. Umm why did you decide to end your marriage suddenly?",surprise,excitement,10,False
Sounds good. What should we see?,happiness,573,1,1,question,Sounds good. What should we see?,happiness,happiness,8,False
Look! they've taken your fur coat too.,excitement,2268,4,0,inform,Look! they have taken your fur coat too.,surprise,excitement,10,False
What's the address?,calm_neutral,1748,16,1,question,What is the address?,no emotion,calm_neutral,11,False
"I'm sorry, but you got on the wrong bus.",depression,327,2,0,inform,"I am sorry, but you got on the wrong bus.",sadness,depression,0,False
Football? Sounds dangerous. Maybe I'll just be a cheerleader.,excitement,76,2,1,question,Football? Sounds dangerous. Maybe I will just be a cheerleader.,surprise,excitement,10,False
"Point taken. Hopefully one day, we'll live in an interplanetary society.",happiness,880,16,0,inform,"Point taken. Hopefully one day, we will live in an interplanetary society.",happiness,happiness,8,False
"If you insist, I can show you the brown sets. I'll have to warn you that they're very ordinary, though.",calm_neutral,1078,6,0,inform,"Honestly, If you insist, I can show you the brown sets. I will have to warn you that they are very ordinary, though.",no emotion,calm_neutral,11,True
"Never mind, dear.",calm_neutral,2519,6,0,inform,"Never mind, dear.",no emotion,calm_neutral,11,False
So what? It is not fresh and I'm not happy about it.,anger,178,3,0,inform,So what? It is not fresh and I am not happy about it.,anger,anger,3,False
"Umm the food station was as crowded as usual. I waited for twenty minutes for my sandwich, and when I finally got it the chicken was underdone.",anger,808,3,0,inform,"Umm the food station was as crowded as usual. I waited for twenty minutes for my sandwich, and when I finally got it the chicken was underdone.",disgust,anger,3,False
"Really, it's so beautiful.",anxiety,1909,1,1,inform,"Lately, really, it is so beautiful.",fear,anxiety,1,True
Oh! Sorry to hear that. This is quite unusual as we have steak from the market every day.,depression,178,2,1,inform,Oh! Sorry to hear that. This is quite unusual as we have steak from the market every day.,sadness,depression,0,False
Unbelievable! Parking in this city is such a nightmare!,excitement,732,2,1,inform,Unbelievable! Parking in this city is such a nightmare!,surprise,excitement,10,False
Really? I'm not much of an outdoor person. What do you like about it?,excitement,1128,2,1,question,Really? I am not much of an outdoor person. What do you like about it?,surprise,excitement,10,False
My computer just crashed again for the third time today!,anger,487,2,1,inform,My computer just crashed again for the third time today!,anger,anger,3,False
"No, I want to come back to China.",calm_neutral,2384,13,1,inform,"No, I want to come back to China.",no emotion,calm_neutral,11,False
What? Beg your pardon.,excitement,1979,2,0,question,What? Beg your pardon.,surprise,excitement,10,False
Too bad. I really like it.,anxiety,2202,2,0,inform,Too bad. I really like it.,fear,anxiety,1,False
Take it easy. The time for slow dance is the middle part of the party.,happiness,609,6,0,inform,"Honestly, Take it easy. The time for slow dance is the middle part of the party.",happiness,happiness,8,True
"Oh, I’m so sorry.",depression,586,4,1,inform,"Oh, I am so sorry.",sadness,depression,0,False
I just cann't believe my ears!,excitement,1979,4,0,inform,I just cann't believe my ears!,surprise,excitement,10,False
I feel very nervous about it.,anxiety,855,5,1,inform,I feel very nervous about it.,fear,anxiety,1,False
Not on your life! I know I'd break my leg,anxiety,1667,8,1,commissive,Not on your life! I know I would break my leg,fear,anxiety,1,False
I can't even imagine you snorkeling!,excitement,1813,0,1,inform,I cannot even imagine you snorkeling!,surprise,excitement,10,False
I just watched a movie and I'm scared.,anxiety,1649,3,0,inform,I just watched a movie and I am scared.,fear,anxiety,1,False
That sounds really convenient. Do you pay extra money to enjoy this service?,happiness,40,9,1,question,That sounds really convenient. Do you pay extra money to enjoy this service?,happiness,happiness,8,False
That's amazing!,excitement,1719,4,0,inform,That is amazing!,surprise,excitement,10,False
"Well, I just saw a horror movie last night. It almost frightened me to death.",anxiety,1902,1,0,commissive,"Well, I just saw a horror movie last night. It almost frightened me to death.",fear,anxiety,1,False
I'm worried that everything will be chaotic!,anxiety,658,3,1,inform,I am worried that everything will be chaotic!,fear,anxiety,1,False
Good. I think I'll get too nervous to look at myself in the mirror!,happiness,1200,4,1,inform,Good. I think I will get too nervous to look at myself in the mirror!,happiness,happiness,8,False
"Sir, wait!! I need your address!",calm_neutral,1742,8,1,directive,"Sir, wait!! I need your address! and it's affecting me deeply",no emotion,calm_neutral,11,True
Really? Is he married?,excitement,458,6,0,question,Really? Is he married?,surprise,excitement,10,False
Linda? Is that you? I haven't seen you in ages!,excitement,2436,0,0,question,Linda? Is that you? I have not seen you in ages!,surprise,excitement,10,False
What's this? Essential oil? Wow! This stuff is expensive.,excitement,2368,2,1,question,What is this? Essential oil? Wow! This stuff is expensive.,surprise,excitement,10,False
"No, I'm afraid we'll have to cancel the order. I'm not sure whether it agrees with me.",depression,20,1,1,inform,"No, I am afraid we will have to cancel the order. I am not sure whether it agrees with me.",sadness,depression,0,False
"Oh, I'm sorry.",depression,633,1,0,inform,"Oh, I am sorry.. This has been going on for a while",sadness,depression,0,True
Are you sure you're finished?,anger,1960,4,1,question,Are you sure you are finished?,anger,anger,3,False
Umm it's the new neighbor. I hate her guts.,anger,2323,1,0,inform,Umm it is the new neighbor. I hate her guts.,anger,anger,3,False
Thanks. I feel like celebrating. Let's go have a beer. It's on me.,happiness,1607,6,1,directive,Thanks. I feel like celebrating. Let us go have a beer. It is on me.,happiness,happiness,8,False
"Yes, of course.",happiness,1772,3,1,commissive,"I really feel yes, of course.",happiness,happiness,8,True
I fell down and hurt my arm.,depression,12,2,1,inform,I fell down and hurt my arm.,sadness,depression,0,False
"Morning, Bob. Fancy meeting you here!",excitement,1022,0,1,inform,"Morning, Bob. Fancy meeting you here!",surprise,excitement,10,False
"Oh, don't mention it. It was terrible.",anger,808,1,0,inform,"Oh, do not mention it. It was terrible.",disgust,anger,3,False
I am sorry. Mr. Doff is out right now.,depression,54,2,1,commissive,I am sorry. Mr. Doff is out right now.,sadness,depression,0,False
OK. I'll take it.,happiness,2058,11,1,commissive,OK. I will take it.,happiness,happiness,8,True
Now he's looking over here! He's coming!,anxiety,1332,6,1,inform,I really feel now he is looking over here! he is coming!,fear,anxiety,1,True
Later this month. I can't wait!,happiness,1019,4,0,inform,Later this month. I cannot wait!,happiness,happiness,8,False
I couldn't agree with you more.,happiness,931,3,1,inform,I could not agree with you more. and it's affecting me deeply,happiness,happiness,8,True
I'm afraid that's the best we can do.,depression,1303,10,0,commissive,I am afraid that is the best we can do.,sadness,depression,0,False
Joe? I don't know what you mean.,excitement,2008,1,1,question,Joe? I do not know what you mean.,surprise,excitement,10,False
OK. Look! It’s just near your foot.,excitement,149,7,0,directive,OK. Look! It is just near your foot.,surprise,excitement,10,False
OK. I think I'll be awake by then.,calm_neutral,2317,6,0,inform,OK. I think I will be awake by then.,no emotion,calm_neutral,11,False
"Yeah, he tackled him so hard his helmet came off.",happiness,1468,5,0,inform,"Yeah, he tackled him so hard his helmet came off.",happiness,happiness,8,True
You know that my father is irritable.,depression,440,5,1,inform,You know that my father is irritable.,sadness,depression,0,False
Thank you very much.,happiness,1061,9,0,commissive,"Honestly, Thank you very much.",happiness,happiness,8,True
"They are! Besides being loud and arrogant, they're also terrible gossips. They're always talking about everybody else in the apartment.",anger,127,8,0,inform,"They are! Besides being loud and arrogant, they are also terrible gossips. They are always talking about everybody else in the apartment.",anger,anger,3,False
What’s wrong? I want a break from this horrible job.,anger,887,1,0,inform,What is wrong? I want a break from this horrible job.,anger,anger,3,False
What part of the country do you come from?,calm_neutral,1906,2,1,question,What part of the country do you come from?,no emotion,calm_neutral,11,False
Just two days ago it was thirty five. How can it be sixty?,excitement,701,13,0,question,Just two days ago it was thirty five. How can it be sixty?,surprise,excitement,10,False
"Well, how about the Museum of Modern Art?",calm_neutral,73,3,0,directive,"Well, how about the Museum of Modern Art?",no emotion,calm_neutral,11,False
"Well, I just saw a horror movie last night. It almost frightened me to death.",anxiety,1902,1,0,commissive,"Well, I just saw a horror movie last night. It almost frightened me to death.",fear,anxiety,1,False
"That's not a problem. Just give me your name, phone number, and date of visit.",calm_neutral,2169,1,1,directive,"That is not a problem. Just give me your name, phone number, and date of visit.",no emotion,calm_neutral,11,False
Really? You must be...,excitement,987,11,0,question,Really? You must be...,surprise,excitement,10,False
"Something awful happened. We went to the Portobello Road, and someone stole my handbag.",depression,343,1,1,inform,"Something awful happened. We went to the Portobello Road, and someone stole my handbag.",sadness,depression,0,False
Yeah. It's so nice of you to comfort me.,happiness,246,5,0,commissive,Yeah. It is so nice of you to comfort me.,happiness,happiness,8,False
It's huge!,excitement,1707,3,0,inform,It is huge!,surprise,excitement,10,False
How dare you be so inconsiderate? That's wrong.,anger,2090,4,1,question,How dare you be so inconsiderate? That is wrong.,anger,anger,3,False
"I've never been to such a dirty restaurant, and never seen such slow service.",anger,355,7,0,inform,"I have never been to such a dirty restaurant, and never seen such slow service.",anger,anger,3,False
There will be a parents' meeting in our class this Saturday and I am worried about it.,depression,440,1,1,inform,There will be a parents' meeting in our class this Saturday and I am worried about it.,sadness,depression,0,False
I got carried away. I made such a fool of myself. They were both laughing at me!,anger,1456,2,0,inform,I got carried away. I made such a fool of myself. They were both laughing at me!,anger,anger,3,False
"Sorry, we can’t come down any more.",depression,1374,9,0,inform,"Sorry, we cannot come down any more.",sadness,depression,0,False
"Really? I've seen that movie, too.",excitement,1743,2,0,question,"Really? I have seen that movie, too.",surprise,excitement,10,True
"They are! Besides being loud and arrogant, they're also terrible gossips. They're always talking about everybody else in the apartment.",anger,127,8,0,inform,"They are! Besides being loud and arrogant, they are also terrible gossips. They are always talking about everybody else in the apartment. and it's affecting me deeply",anger,anger,3,True
There will be another sandstorm here tomorrow.,anger,15,0,0,inform,There will be another sandstorm here tomorrow.,disgust,anger,3,False
Can you say it again slowly?,calm_neutral,1573,1,1,directive,Can you say it again slowly?,no emotion,calm_neutral,11,False
"I just started, but the job market is very bad right now. I'm not optimistic about it.",depression,1738,3,0,inform,"I just started, but the job market is very bad right now. I am not optimistic about it.. This has been going on for a while",sadness,depression,0,True
I saw her dating with her ex-boyfriend again.,depression,1966,3,0,inform,I saw her dating with her ex-boyfriend again.,sadness,depression,0,False
Why should I do that? I'm good at my job! That's the only important thing!,anger,1549,18,1,inform,Why should I do that? I am good at my job! That is the only important thing!,anger,anger,3,False
Do you have a return ticket?,calm_neutral,2128,10,0,question,I really feel do you have a return ticket?,no emotion,calm_neutral,11,True
"Sorry, sir. That table has been reserved. This way, please. How about this one, sir?",depression,1691,4,1,directive,"Sorry, sir. That table has been reserved. This way, please. How about this one, sir?",sadness,depression,0,False
"Good.Red suits me very well. It's a cheerful color, isn't it?",happiness,1126,5,1,question,"Good.Red suits me very well. It is a cheerful color, is not it?",happiness,happiness,8,False
"OK, follow me.",happiness,609,8,0,commissive,"OK, follow me.",happiness,happiness,8,False
I'm very sorry to have caused you this trouble.,depression,756,7,1,inform,I am very sorry to have caused you this trouble.,sadness,depression,0,False
"No, I’m afraid not.",depression,1499,3,1,inform,"I really feel no, i am afraid not.",sadness,depression,0,True
"Oh, sorry. I didn’t know.",depression,1499,1,1,inform,"Oh, sorry. I did not know.",sadness,depression,0,False
"The thing is, this isn't the first time she's promised to do something and then didn't.",anger,587,6,0,inform,"The thing is, this is not the first time she is promised to do something and then did not.",anger,anger,3,False
"Oh, that's too bad! I am sorry to hear that!",depression,1437,4,0,inform,"Oh, that is too bad! I am sorry to hear that!",sadness,depression,0,False
"Again, I do apologize for the inconvenience.",depression,1032,7,0,inform,"Again, I do apologize for the inconvenience.",sadness,depression,0,False
"Of course, here you are. I'm sorry the pajamas didn't work out for you.",depression,2014,7,0,inform,"Of course, here you are. I am sorry the pajamas did not work out for you.",sadness,depression,0,False
Thanks. We should be ourselves. There are so many fashion victims out there.,happiness,2469,12,0,inform,Thanks. We should be ourselves. There are so many fashion victims out there.,happiness,happiness,8,False
Really? You are so kind.,excitement,1272,7,1,question,Really? You are so kind.,surprise,excitement,10,False
I just watched a movie and I'm scared.,anxiety,1649,3,0,inform,I just watched a movie and I am scared.,fear,anxiety,1,False
What are we going to do? I can't get the car out of this ditch. I'm stuck!,anger,788,0,0,question,What are we going to do? I cannot get the car out of this ditch. I am stuck!,anger,anger,3,False
"One in English, please.",calm_neutral,881,4,1,inform,"One in English, please.",no emotion,calm_neutral,11,False
OK. Thanks. I’ll let you know what I find.,calm_neutral,198,6,1,commissive,OK. Thanks. I will let you know what I find.,no emotion,calm_neutral,11,False
I'd like reading books best.,calm_neutral,2167,1,1,inform,"Honestly, I would like reading books best.",no emotion,calm_neutral,11,True
"A table for two, please.",calm_neutral,273,0,0,directive,"A table for two, please.",no emotion,calm_neutral,11,False
"Yes, the one in the R and D team. Is that a problem?",calm_neutral,2451,4,0,question,"Yes, the one in the R and D team. Is that a problem?",no emotion,calm_neutral,11,False
Umm but it's Saturday!,excitement,268,4,0,inform,Umm but it is Saturday!,surprise,excitement,10,False
"Oh, my bread!",excitement,1000,1,1,inform,"Oh, my bread!",surprise,excitement,10,False
( Pointing ) This one here.,calm_neutral,1594,2,1,inform,( Pointing ) This one here.,no emotion,calm_neutral,11,False
"Yes, he's breathing, but he's not conscious! Oh, please hurry!",calm_neutral,108,7,1,inform,"Yes, he is breathing, but he is not conscious! Oh, please hurry!",no emotion,calm_neutral,11,False
You’re kidding.,excitement,1347,5,1,inform,You are kidding.,surprise,excitement,10,False
Sure. What kind of room do you like?,calm_neutral,77,2,1,question,Sure. What kind of room do you like?,no emotion,calm_neutral,11,False
"That bad egg, who took the low road since he was a boy.",anger,1071,3,1,inform,"That bad egg, who took the low road since he was a boy.",disgust,anger,3,False
I've been chosen to plan the next family reunion.,happiness,303,0,0,inform,I have been chosen to plan the next family reunion.,happiness,happiness,8,False
"Not from this brand, I'm afraid.",depression,1023,8,0,inform,"Not from this brand, I am afraid.",sadness,depression,0,False
Just look! In six short weeks I've put on thirty pounds of pure muscle.,anger,1638,9,0,inform,"Honestly, Just look! In six short weeks I have put on thirty pounds of pure muscle.",anger,anger,3,True
"Umm I am sorry, but you need a receipt for a refund.",depression,669,3,0,commissive,"Umm I am sorry, but you need a receipt for a refund.",sadness,depression,0,False
"I'm sorry, sir, but I'll have to give you a ticket.",depression,1034,6,1,inform,"I am sorry, sir, but I will have to give you a ticket.",sadness,depression,0,False
I see. Thank you.,happiness,1364,4,0,commissive,I see. Thank you.,happiness,happiness,8,False
"Hi, Linda. I haven't seen you for ages.",happiness,2346,0,0,inform,"Hi, Linda. I have not seen you for ages.",happiness,happiness,8,False
Yes it is. Residents can queen up in the lines to my right.,calm_neutral,2320,2,1,inform,Yes it is. Residents can queen up in the lines to my right.,no emotion,calm_neutral,11,False
How dare you be so inconsiderate? That's wrong.,anger,2090,4,1,question,How dare you be so inconsiderate? That is wrong.,anger,anger,3,False
Spring will come soon. And we will have some pleasant weather then.,happiness,535,9,1,inform,Spring will come soon. And we will have some pleasant weather then.,happiness,happiness,8,False
"Really, it's so beautiful.",anxiety,1909,1,1,inform,"Really, it is so beautiful.",fear,anxiety,1,False
"Oh, I don't care about that.",calm_neutral,1142,5,0,inform,"Oh, I do not care about that.",no emotion,calm_neutral,11,False
Get out of it! It wasn't as good as you think.,anger,52,13,1,inform,Get out of it! It was not as good as you think.,anger,anger,3,False
My brother in-law just dropped in from the states.,anger,1967,3,1,inform,My brother in-law just dropped in from the states.,disgust,anger,3,False
You don't know what you are asking!,anger,212,1,0,commissive,You do not know what you are asking!,anger,anger,3,True
Look! Who is that guy on the stage?,excitement,583,6,0,question,Look! Who is that guy on the stage?,surprise,excitement,10,False
"Oh, I'm sorry.",depression,633,1,0,inform,"Oh, I am sorry.",sadness,depression,0,False
What? Cars? Umm are you serious?,excitement,312,4,0,question,What? Cars? Umm are you serious?,surprise,excitement,10,False
Yes. I found a very good job down here.,happiness,1757,1,1,inform,Yes. I found a very good job down here.. This has been going on for a while,happiness,happiness,8,True
"Hi, Tom. Want a cup of coffee?",calm_neutral,874,1,1,directive,"Hi, Tom. Want a cup of coffee?",no emotion,calm_neutral,11,False
Cool! That's a great idea. What did you have in mind?,happiness,1586,3,0,question,Cool! That is a great idea. What did you have in mind?,happiness,happiness,8,False
"Hey, How did you know I came from America?",excitement,287,5,0,question,"Hey, How did you know I came from America?",surprise,excitement,10,False
Sounds fascinating. Where is your new house located?,happiness,2191,6,1,question,Sounds fascinating. Where is your new house located?,happiness,happiness,8,False
"Umm yes, let's do it.",happiness,1617,13,1,commissive,"Umm yes, let us do it.",happiness,happiness,8,False
"Great. I forgot to ask you, though. How long did you want the place?",happiness,1302,3,0,question,"Great. I forgot to ask you, though. How long did you want the place?",happiness,happiness,8,False
How on earth can you miss several buses?,excitement,1378,4,1,question,How on earth can you miss several buses?,surprise,excitement,10,False
Shall I pay extra charge?,calm_neutral,2279,6,0,question,Shall I pay extra charge?,no emotion,calm_neutral,11,False
"Thanks, but I have to admit I am really good at bluffing!",happiness,1082,4,1,inform,"Thanks, but I have to admit I am really good at bluffing!",happiness,happiness,8,False
Beautifully done.,happiness,459,7,1,inform,Beautifully done.,happiness,happiness,8,False
I have never seen so many flavors of ice cream in one place!,happiness,721,0,0,inform,"Lately, i have never seen so many flavors of ice cream in one place!",happiness,happiness,8,True
"Well, congratulations. Umm when is the big date?",happiness,1177,4,0,question,"Well, congratulations. Umm when is the big date? and it's affecting me deeply",happiness,happiness,8,True
Umm…. It shouldn't be a problem.,calm_neutral,1032,10,1,directive,Umm…. It should not be a problem.,no emotion,calm_neutral,11,False
"Excuse me, umm, is this seat taken?",calm_neutral,302,0,1,question,"Lately, excuse me, umm, is this seat taken?",no emotion,calm_neutral,11,True
I won't be paying you for this.,anger,762,10,1,inform,I will not be paying you for this.,anger,anger,3,False
What a pity.,depression,1375,2,0,inform,What a pity.,sadness,depression,0,False
How about this sunday?,calm_neutral,443,10,1,directive,How about this sunday?,no emotion,calm_neutral,11,False
"No, I’m afraid not.",depression,1499,3,1,inform,"No, I am afraid not.",sadness,depression,0,False
"Yes, I'll have a steak, please.",calm_neutral,494,1,0,inform,"Yes, I will have a steak, please.",no emotion,calm_neutral,11,False
I'm very sorry to have caused you this trouble.,depression,756,7,1,inform,I am very sorry to have caused you this trouble.,sadness,depression,0,False
Really? I'm not much of an outdoor person. What do you like about it?,excitement,1128,2,1,question,"Lately, really? i am not much of an outdoor person. what do you like about it?",surprise,excitement,10,True
Didn't they announce that our flight was delayed?,excitement,1245,3,1,question,Did not they announce that our flight was delayed?,surprise,excitement,10,False
I just watched a movie and I'm scared.,anxiety,1649,3,0,inform,I just watched a movie and I am scared.,fear,anxiety,1,False
"It’s awful, isn’t it?",anger,491,4,1,inform,"It is awful, is not it?",disgust,anger,3,False
"Oh, my! Really? I never thought he would be like that.",excitement,1438,8,1,question,"I really feel oh, my! really? i never thought he would be like that.",surprise,excitement,10,True
I'd like to try a new hair-style. Could you show me some pictures of hair styles?,calm_neutral,459,3,1,directive,I would like to try a new hair-style. Could you show me some pictures of hair styles?,no emotion,calm_neutral,11,False
"Only twenty one hundred dollars? OK, let me have one.",excitement,253,6,0,question,"Lately, only twenty one hundred dollars? ok, let me have one.",surprise,excitement,10,True
It's my girlfriend. I guess she's playing the army game.,depression,1966,1,0,inform,It is my girlfriend. I guess she is playing the army game.,sadness,depression,0,False
I've said that I've got a problem with the circus. I'm not kidding.,anger,1402,9,0,inform,I have said that I have got a problem with the circus. I am not kidding.,anger,anger,3,False
"Umm, what about this one?",calm_neutral,2370,2,0,directive,"Umm, what about this one?. This has been going on for a while",no emotion,calm_neutral,11,True
Really? Umm what makes you say that?,excitement,606,7,1,question,Really? Umm what makes you say that?,surprise,excitement,10,False
I can't believe it. My parents never beat me.,excitement,440,4,0,inform,I cannot believe it. My parents never beat me.,surprise,excitement,10,False
What? You did that?,excitement,734,6,0,question,What? You did that?. This has been going on for a while,surprise,excitement,10,True
"I'm sorry, but the price is final.",depression,657,11,0,inform,"I am sorry, but the price is final.",sadness,depression,0,False
I'm sorry. I forget all about it.,depression,1550,1,0,inform,I am sorry. I forget all about it.,sadness,depression,0,False
I am sorry. Mr. Doff is out right now.,depression,54,2,1,commissive,I am sorry. Mr. Doff is out right now.,sadness,depression,0,False
"We'd like to invite you for our dress party tomorrow evening, are you free?",happiness,311,2,1,directive,"We would like to invite you for our dress party tomorrow evening, are you free?",happiness,happiness,8,False
Really? Thank you.,excitement,2379,4,1,question,Really? Thank you. and it's affecting me deeply,surprise,excitement,10,True
"Did you? I didn't notice that. But still you should know it, for you have seen it with Laura before.",excitement,1157,5,0,inform,"Did you? I did not notice that. But still you should know it, for you have seen it with Laura before.",surprise,excitement,10,False
What a pity!,depression,1434,7,0,inform,What a pity!,sadness,depression,0,False
"OK, but they better tag lightly!",calm_neutral,76,6,1,inform,"Honestly, OK, but they better tag lightly!",no emotion,calm_neutral,11,True
"I've seen it so many times in books, but I never imagined I'd get to see it in person.",happiness,207,4,0,inform,"I have seen it so many times in books, but I never imagined I would get to see it in person.",happiness,happiness,8,False
I think it is the worst one I have ever seen.,anger,113,4,1,inform,I think it is the worst one I have ever seen. and it's affecting me deeply,disgust,anger,3,True
Did someone meet you at the airport here?,calm_neutral,1917,9,0,question,Did someone meet you at the airport here?,no emotion,calm_neutral,11,False
Are you crazy? You made the mistake and now you're charging me for your mistake?,anger,642,6,0,commissive,Are you crazy? You made the mistake and now you are charging me for your mistake?,anger,anger,3,False
And a storm blew our roof away.,depression,12,8,1,inform,And a storm blew our roof away.,sadness,depression,0,False
"Really, it's so beautiful.",anxiety,1909,1,1,inform,"Really, it is so beautiful.",fear,anxiety,1,False
What about you?,calm_neutral,1993,6,0,question,What about you?,no emotion,calm_neutral,11,False
"He's lazy. I tried being a good host, but if you give him an inch, he'll take a mile.",anger,1967,7,1,inform,"He is lazy. I tried being a good host, but if you give him an inch, he will take a mile.",disgust,anger,3,False
He told me to stay in bed for ten days.,calm_neutral,1409,6,0,inform,He told me to stay in bed for ten days.,no emotion,calm_neutral,11,False
What’s your name?,calm_neutral,1489,3,0,question,What is your name?,no emotion,calm_neutral,11,False
Oh. really? I saw it two years ago. It's worth seeing and it's thought-provoking.,excitement,1168,4,0,question,Oh. really? I saw it two years ago. It is worth seeing and it is thought-provoking.,surprise,excitement,10,False
"You went out and bought khakis, too!",anger,271,4,1,inform,"You went out and bought khakis, too!",anger,anger,3,False
Wow! All because of Super Bulk-Up.,calm_neutral,1638,10,1,inform,I really feel wow! all because of super bulk-up.,no emotion,calm_neutral,11,True
Sure. What's playing?,happiness,2141,1,1,question,Sure. What is playing?,happiness,happiness,8,False
I'm sorry. Something is wrong with my taxi.,depression,116,1,0,inform,I am sorry. Something is wrong with my taxi.,sadness,depression,0,False
Congratulations! I had no idea.,happiness,1898,7,0,inform,Congratulations! I had no idea. and it's affecting me deeply,happiness,happiness,8,True
That doesn’t make any sense.,depression,825,11,1,inform,That does not make any sense.,sadness,depression,0,False
Go ahead. It will be safe with me.,calm_neutral,832,5,0,commissive,Go ahead. It will be safe with me.,no emotion,calm_neutral,11,False
All right. I'll take it.,calm_neutral,97,4,0,commissive,All right. I will take it.. This has been going on for a while,no emotion,calm_neutral,11,True
Next time lunch is on me.,happiness,1709,2,1,directive,Next time lunch is on me.,happiness,happiness,8,False
"I've made a tough decision, sir. Here's my resignation.",depression,623,2,1,directive,"I have made a tough decision, sir. Here is my resignation.",sadness,depression,0,False
"I'm really sorry, I'll bring you a hot one right away.",depression,2075,5,0,commissive,"I am really sorry, I will bring you a hot one right away.",sadness,depression,0,False
Really? I haven't heard of it.,excitement,1454,12,1,question,Really? I have not heard of it.,surprise,excitement,10,False
You should feel shameful for your behavior.,anger,791,6,1,inform,You should feel shameful for your behavior.,anger,anger,3,False
"I'm really sorry, I'll bring you a hot one right away.",depression,2075,5,0,commissive,"I am really sorry, I will bring you a hot one right away.",sadness,depression,0,False
Don't you dare tell me that...,anger,2327,3,1,inform,Do not you dare tell me that...,anger,anger,3,False
That sounds crazy. But they can't just change their mind about things like that.,excitement,880,7,1,inform,That sounds crazy. But they cannot just change their mind about things like that.,surprise,excitement,10,False
"With the cut I'll give you, we will minimize a lot of that.",calm_neutral,2464,5,1,inform,"With the cut I will give you, we will minimize a lot of that.",no emotion,calm_neutral,11,False
"I just started, but the job market is very bad right now. I'm not optimistic about it.",depression,1738,3,0,inform,"I just started, but the job market is very bad right now. I am not optimistic about it.. This has been going on for a while",sadness,depression,0,True
You don't know what you are asking!,anger,212,1,0,commissive,You do not know what you are asking!,anger,anger,3,True
It’s a felony charge.,calm_neutral,1313,5,0,inform,It is a felony charge.,no emotion,calm_neutral,11,False
OK. I'll be happy to join you.,happiness,157,5,0,commissive,OK. I will be happy to join you.,happiness,happiness,8,False
Thank you. Anything else?,happiness,1373,14,0,inform,Thank you. Anything else?. This has been going on for a while,happiness,happiness,8,True
A really dreadful accident and many people were killed.,depression,423,1,1,inform,A really dreadful accident and many people were killed.,sadness,depression,0,False
Guess who I saw just now?,calm_neutral,1071,0,0,question,Guess who I saw just now?,no emotion,calm_neutral,11,False
Yeah. I'm lucky to be his wife.,happiness,2203,3,1,inform,Yeah. I am lucky to be his wife.,happiness,happiness,8,False
You dance beautifully too.,happiness,1809,6,0,inform,You dance beautifully too. and it's affecting me deeply,happiness,happiness,8,True
What a thrilling trip!,anxiety,1221,8,1,inform,What a thrilling trip!,fear,anxiety,1,False
It's too expensive.,depression,1098,3,1,inform,I really feel it is too expensive.,sadness,depression,0,True
"Oh, my bread!",excitement,1000,1,1,inform,"Oh, my bread!",surprise,excitement,10,False
Yes. I have lost about ten kilos.,calm_neutral,385,1,1,inform,Yes. I have lost about ten kilos.. This has been going on for a while,no emotion,calm_neutral,11,True
"Umm that's a secret. Here, let me help you with your coat, and we'll be on our way.  ( at the dance ) That band is playing good music. Shall we dance?",happiness,2271,2,0,inform,"Umm that is a secret. Here, let me help you with your coat, and we will be on our way. ( at the dance ) That band is playing good music. Shall we dance?. This has been going on for a while",happiness,happiness,8,True
Four hundred yuan.,calm_neutral,2292,4,1,inform,Four hundred yuan.,no emotion,calm_neutral,11,False
What do you like to drink?,calm_neutral,64,6,0,question,What do you like to drink?,no emotion,calm_neutral,11,False
"Oh, no. He is not breathing and there’s no pulse. Call 911.",excitement,433,4,1,directive,"Oh, no. He is not breathing and there is no pulse. Call .",surprise,excitement,10,False
What do you usually do with them?,happiness,417,4,1,question,What do you usually do with them?,happiness,happiness,8,False
"Sorry, you have the wrong number. There's no Brian here.",depression,586,1,0,commissive,"Sorry, you have the wrong number. There is no Brian here.",sadness,depression,0,False
"To be honest, umm I was just dumped.",depression,839,1,0,inform,"To be honest, umm I was just dumped.",sadness,depression,0,False
Sorry. The road is too crowded.,depression,2259,5,1,commissive,Sorry. The road is too crowded.,sadness,depression,0,False
The ancient Olympics originated in ancient Greece.,calm_neutral,407,6,1,inform,The ancient Olympics originated in ancient Greece.,no emotion,calm_neutral,11,False
"What are you talking about, we've tried everything!",excitement,1873,4,0,commissive,"What are you talking about, we have tried everything!",surprise,excitement,10,False
You did? I thought you must feel right at home here as we get as many fast food restaurants as you do in America.,excitement,808,9,0,question,You did? I thought you must feel right at home here as we get as many fast food restaurants as you do in America.,surprise,excitement,10,False
"And lightweight, too. It'll play for twenty hours on two AA batteries!",happiness,1939,0,1,inform,"And lightweight, too. It will play for twenty hours on two AA batteries!",happiness,happiness,8,False
You’re welcome.,happiness,2391,14,1,inform,You are welcome.,happiness,happiness,8,False
He is not answering. You'd better check his pulse and breathing.,anxiety,433,3,0,directive,He is not answering. You would better check his pulse and breathing.,fear,anxiety,1,False
That sounds ridiculous. Why?,excitement,975,4,0,question,That sounds ridiculous. Why?,surprise,excitement,10,False
Thank you. I have an appointment with an important client at ten.,happiness,1654,3,0,directive,Thank you. I have an appointment with an important client at ten.,happiness,happiness,8,False
"Wow! Oh, no!",excitement,932,5,1,commissive,"Wow! Oh, no!",surprise,excitement,10,False
That's terrible.,depression,2517,7,0,inform,That is terrible.,sadness,depression,0,False
I just broke up with a girl. Why didn't she understand that I loved her?,depression,1758,1,0,question,"Lately, i just broke up with a girl. why did not she understand that i loved her?",sadness,depression,0,True
You didn't tell me she was married!,anger,1456,0,0,inform,You did not tell me she was married!,anger,anger,3,False
Me? I'm in the car business.,calm_neutral,1769,9,1,inform,Me? I am in the car business.,no emotion,calm_neutral,11,False
I want my money back for the delivery.,anger,1032,8,1,directive,I want my money back for the delivery.,anger,anger,3,False
That's all right. But why were you so rude to me at lunch?,anger,2514,2,0,question,That is all right. But why were you so rude to me at lunch?,anger,anger,3,False
I'm sorry.,depression,2372,2,1,inform,I am sorry.,sadness,depression,0,False
That sounds dreadful!,anger,2044,17,0,inform,That sounds dreadful!,disgust,anger,3,False
It is the Colorado River. You can go down the river in a boat if you wish.,happiness,1750,3,1,directive,It is the Colorado River. You can go down the river in a boat if you wish.,happiness,happiness,8,False
"Thank you, and have a great day.",happiness,115,15,0,inform,"Thank you, and have a great day.",happiness,happiness,8,False
Unbelievable! I could never do that.,excitement,1617,9,1,inform,Unbelievable! I could never do that.,surprise,excitement,10,False
"OK, here you are. You look really attractive in that gown.",happiness,1423,3,1,commissive,"OK, here you are. You look really attractive in that gown.",happiness,happiness,8,False
Charles Dickens?,calm_neutral,1675,3,0,question,Charles Dickens?,no emotion,calm_neutral,11,False
"Wow, that should be really exciting, especially with so many famous athletes there.",happiness,186,2,1,inform,"Wow, that should be really exciting, especially with so many famous athletes there.",happiness,happiness,8,False
I won't be paying you for this.,anger,762,10,1,inform,I will not be paying you for this.,anger,anger,3,False
The dog bit the delivery boy.,depression,12,6,1,inform,The dog bit the delivery boy.,sadness,depression,0,False
Cute? Hope so.,excitement,1402,5,0,question,Cute? Hope so.,surprise,excitement,10,False
That's weird!,excitement,1402,10,1,inform,That is weird!,surprise,excitement,10,False
"Oh my gosh, how exciting!",happiness,1200,1,0,inform,"Oh my gosh, how exciting!",happiness,happiness,8,False
Oh really what’s happening?,excitement,2041,1,0,question,Oh really what is happening?. This has been going on for a while,surprise,excitement,10,True
"She's my daughter and it's her birthday. They're singing "" Happy Birthday "".",calm_neutral,1166,3,0,inform,"She is my daughter and it is her birthday. They are singing "" Happy Birthday "".",no emotion,calm_neutral,11,False
I am sorry to say this but I seem to have lost the key to the safe.,depression,1639,0,1,inform,I am sorry to say this but I seem to have lost the key to the safe.,sadness,depression,0,False
"Maybe so, but do you have any idea how much this one is worth?",happiness,207,6,0,question,"Maybe so, but do you have any idea how much this one is worth?",happiness,happiness,8,False
It was horrible! It was just one thing after another.,depression,1785,7,0,inform,It was horrible! It was just one thing after another.,sadness,depression,0,False
"I am sorry, uh, we will change yours for a new one.",depression,1589,4,0,inform,"I am sorry, uh, we will change yours for a new one.",sadness,depression,0,False
"Yes, sure. Have a sweet dream!",happiness,1584,6,0,commissive,"Yes, sure. Have a sweet dream!",happiness,happiness,8,False
"Sis, why did you ask me to come to this bargain market? It's so crowded, and you can't find anything that you really want.",excitement,2344,0,0,question,"Sis, why did you ask me to come to this bargain market? It is so crowded, and you cannot find anything that you really want.",surprise,excitement,10,False
"No problem, sir.",happiness,191,4,1,commissive,"No problem, sir.",happiness,happiness,8,False
I think so. Have you got all that?,calm_neutral,710,14,0,question,I think so. Have you got all that?,no emotion,calm_neutral,11,False
I'd like to call on you this weekend. I just want to drop in for a chat.,happiness,1101,8,0,directive,"Honestly, I would like to call on you this weekend. I just want to drop in for a chat.",happiness,happiness,8,True
"Good morning, madam.",calm_neutral,957,0,0,inform,"Good morning, madam.",no emotion,calm_neutral,11,False
I’ll be very glad if you would help.,happiness,171,3,0,inform,I will be very glad if you would help.,happiness,happiness,8,False
You're leaving so soon? I wish you stayed a little longer.,excitement,589,1,0,question,You are leaving so soon? I wish you stayed a little longer.,surprise,excitement,10,False
I went to the library and lost my bag.,depression,1380,3,1,inform,"Honestly, I went to the library and lost my bag.",sadness,depression,0,True
"That bad egg, who took the low road since he was a boy.",anger,1071,3,1,inform,"That bad egg, who took the low road since he was a boy.",disgust,anger,3,False
"Let me guess, Mocha, Mandheling, and Santos!",happiness,1290,3,1,inform,"Let me guess, Mocha, Mandheling, and Santos!. This has been going on for a while",happiness,happiness,8,True
Oh? What happened?,excitement,2377,5,0,question,Oh? What happened?,surprise,excitement,10,False
"Oh, of course. How silly of me to forget.",excitement,1679,4,1,inform,"Oh, of course. How silly of me to forget.",surprise,excitement,10,False
No way. I will be scared out of my wits.,anxiety,1454,3,0,commissive,No way. I will be scared out of my wits.,fear,anxiety,1,False
Well I don’t think so. I don’t like it at all!,anger,1910,2,1,inform,Well I do not think so. I do not like it at all!,disgust,anger,3,False
"Wow! No wonder people are so fat. Say, Carl, looks like you could be doing a bit more exercising.",excitement,739,10,1,inform,"Lately, wow! no wonder people are so fat. say, carl, looks like you could be doing a bit more exercising.",surprise,excitement,10,True
What a thrilling trip!,anxiety,1221,8,1,inform,I really feel what a thrilling trip!,fear,anxiety,1,True
Don't be silly. I'll take you anywhere you wanna go.,calm_neutral,356,6,1,directive,I really feel do not be silly. i will take you anywhere you want to go.,no emotion,calm_neutral,11,True
"Well, I am afraid you have made a mistake. Would you check it again, please?",calm_neutral,387,2,0,directive,"Well, I am afraid you have made a mistake. Would you check it again, please?",no emotion,calm_neutral,11,False
We'll see how much fun it is after they take all your money!,anger,390,2,1,inform,We will see how much fun it is after they take all your money!,anger,anger,3,False
"My invitation? No, I haven't. My invitation to what?",excitement,1866,1,1,question,"My invitation? No, I have not. My invitation to what?",surprise,excitement,10,False
"Oh dear, we will miss our train.",depression,1531,10,0,inform,"Oh dear, we will miss our train.",sadness,depression,0,False
"Oh, really? No wonder that she looks quite depressed recently.",excitement,1840,1,1,inform,"Oh, really? No wonder that she looks quite depressed recently.",surprise,excitement,10,False
"Wait! Look at that board, what's on it?",excitement,2110,1,1,question,"Wait! Look at that board, what is on it?",surprise,excitement,10,False
Anne! I haven't seen you for ages. How've you been?,excitement,869,1,0,question,Anne! I have not seen you for ages. How've you been?,surprise,excitement,10,False
"Yes, that was surprising. I heard that they got into a fight and then decided not to go.",excitement,910,2,1,inform,"Yes, that was surprising. I heard that they got into a fight and then decided not to go.",surprise,excitement,10,False
I see. Thanks a lot.,happiness,2505,6,1,inform,I see. Thanks a lot.,happiness,happiness,8,False
Thank you very much.,anxiety,1783,11,0,commissive,Thank you very much.,fear,anxiety,1,False
"Aaaaahh, aaaaahh.",calm_neutral,2083,9,0,inform,"Aaaaahh, aaaaahh.",no emotion,calm_neutral,11,False
My manager jumped on me for my mistake today.,depression,2319,5,1,inform,I really feel my manager jumped on me for my mistake today.,sadness,depression,0,True
"Oh, so heavy! What have you put in there?",excitement,1475,7,1,question,"Oh, so heavy! What have you put in there?",surprise,excitement,10,False
Don't you have a garage?,excitement,483,4,0,question,Do not you have a garage?,surprise,excitement,10,False
"Oh, so heavy! What have you put in there?",excitement,1475,7,1,question,"Oh, so heavy! What have you put in there?",surprise,excitement,10,False
Everything seems to be getting worse. I don't know what to do with it.,anger,974,1,0,inform,"Honestly, Everything seems to be getting worse. I do not know what to do with it.",disgust,anger,3,True
The price tag says ninety nine-ninety nine dollars.,excitement,1679,2,1,question,The price tag says ninety nine-ninety nine dollars.,surprise,excitement,10,False
That sounds great.,happiness,1667,6,1,inform,That sounds great.,happiness,happiness,8,False
I haven't ever cared for that myself.,calm_neutral,896,6,0,inform,I have not ever cared for that myself.,no emotion,calm_neutral,11,False
Did I do something wrong?,depression,1212,7,0,question,Did I do something wrong?,sadness,depression,0,False
I will take your advice.,calm_neutral,2441,4,0,commissive,I will take your advice.,no emotion,calm_neutral,11,True
"Yes, I took off four kilos. I am glad you notice it.",happiness,2470,2,0,inform,"Yes, I took off four kilos. I am glad you notice it.",happiness,happiness,8,False
I use those sites. Hey! Let's go check out a flea market later.,anxiety,500,4,0,directive,I use those sites. Hey! Let us go check out a flea market later.,fear,anxiety,1,False
"Sorry, I am not sure, can I take a message?",depression,2082,4,1,directive,"Sorry, I am not sure, can I take a message?",sadness,depression,0,False
"You can pick it up in half an hour. By the way, how are you going to pay, cash or credit?",calm_neutral,1335,3,1,question,"I really feel you can pick it up in half an hour. by the way, how are you going to pay, cash or credit?",no emotion,calm_neutral,11,True
Then I did my laundry.,calm_neutral,508,4,1,inform,"Lately, then i did my laundry.",no emotion,calm_neutral,11,True
I'm frustrated.,depression,795,0,0,inform,I am frustrated.,sadness,depression,0,False
It's my girlfriend. I guess she's playing the army game.,depression,1966,1,0,inform,It is my girlfriend. I guess she is playing the army game.,sadness,depression,0,False
Really? How long did it take you to find a spot yesterday?,excitement,1432,2,1,question,Really? How long did it take you to find a spot yesterday?,surprise,excitement,10,True
"Oh, I'm sorry I bothered you. I'm really sorry.",depression,1924,7,1,inform,"Oh, I am sorry I bothered you. I am really sorry.",sadness,depression,0,False
"I know. I'm a little nervous, but it's pretty exciting.",happiness,603,6,1,inform,"Honestly, I know. I am a little nervous, but it is pretty exciting.",happiness,happiness,8,True
"Yes, I have two brothers who live in New York and a sister who lives in Boston.",calm_neutral,2402,11,1,inform,"Yes, I have two brothers who live in New York and a sister who lives in Boston.",no emotion,calm_neutral,11,False
Really? I've been smoking for over a year now.,excitement,170,6,1,question,Really? I have been smoking for over a year now.,surprise,excitement,10,False
Why? You said I was hot when smoking.,excitement,255,1,0,question,I really feel why? you said i was hot when smoking.,surprise,excitement,10,True
"Oh, yes. It is a fantastic city. And I like German food as well.",happiness,1036,6,0,inform,"Oh, yes. It is a fantastic city. And I like German food as well.",happiness,happiness,8,False
lt's a TV palace! I'm glad I brought my platinum card.,happiness,2081,1,0,inform,lt's a TV palace! I am glad I brought my platinum card.,happiness,happiness,8,True
How could you? I reminded you just this morning.,anger,1550,2,1,question,How could you? I reminded you just this morning.,anger,anger,3,False
"Sorry, but I'm on my way out now. Could you come back in an hour?",depression,1727,5,0,directive,"Sorry, but I am on my way out now. Could you come back in an hour?",sadness,depression,0,False
We waste a vacation.,anger,585,7,0,inform,We waste a vacation.,disgust,anger,3,False
"I'm sorry, sir, but may I see your driver's licence and insurance policy, please? I have to give you a ticket.",depression,1569,4,1,directive,"I am sorry, sir, but may I see your driver's licence and insurance policy, please? I have to give you a ticket.",sadness,depression,0,False
Umm that's right.,calm_neutral,1728,5,0,commissive,Umm that is right.,no emotion,calm_neutral,11,False
"That's great. Will that be cash, check, or credit card?",happiness,253,7,1,question,"That is great. Will that be cash, check, or credit card?",happiness,happiness,8,False
"Watsup, ladies! Y'll looking fine tonight. May I have this dance?",calm_neutral,715,0,0,directive,"Watsup, ladies! Y'll looking fine tonight. May I have this dance?",no emotion,calm_neutral,11,False
"Umm, no. I’ve not had the pleasure of meeting her yet.",happiness,375,1,0,inform,"Umm, no. I have not had the pleasure of meeting her yet.",happiness,happiness,8,False
One hard-boiled egg with toast and orange juice to follow.,calm_neutral,816,10,1,question,One hard-boiled egg with toast and orange juice to follow.,no emotion,calm_neutral,11,False
I hate landing in the sand trap! Now I'm probably going to waste strokes getting it out.,anger,660,0,0,inform,I hate landing in the sand trap! Now I am probably going to waste strokes getting it out.,disgust,anger,3,False
It must be a haunted house. Are you frightened?,anxiety,2435,11,0,question,It must be a haunted house. Are you frightened?,fear,anxiety,1,False
"Thanks, next time I'll make chicken soup for us.",happiness,1322,12,1,inform,"Thanks, next time I will make chicken soup for us.",happiness,happiness,8,False
A crazy language? Why do you say that?,excitement,1426,5,0,question,"Honestly, A crazy language? Why do you say that?",surprise,excitement,10,True
"I really can't work overtime. Because my husband has been ill recently, I must take care of him.",depression,2130,4,1,directive,"I really cannot work overtime. Because my husband has been ill recently, I must take care of him.",sadness,depression,0,False
Are there many things online?,calm_neutral,941,2,1,question,Are there many things online?,no emotion,calm_neutral,11,False
Too bad. I really like it.,anxiety,2202,2,0,inform,Too bad. I really like it.,fear,anxiety,1,False
"Sorry, Becky can’t come to the phone right now.",depression,1193,3,1,inform,"Sorry, Becky cannot come to the phone right now.",sadness,depression,0,False
Don’t mention it.,happiness,2482,6,0,inform,I really feel do not mention it.,happiness,happiness,8,True
I wasn't happy with it.,anger,1209,5,0,inform,I was not happy with it.,disgust,anger,3,False
"Oh dear, I’m late. I have to be in the office by eight a.m..",depression,2041,0,1,inform,"Honestly, Oh dear, I am late. I have to be in the office by eight a.m..",sadness,depression,0,True
Really? Umm what makes you say that?,excitement,606,7,1,question,Really? Umm what makes you say that?,surprise,excitement,10,False
"Sorry, sir. That table has been booked.",depression,2274,1,1,commissive,"Sorry, sir. That table has been booked.",sadness,depression,0,False
"Really? That's unusual for October, isn't it?",excitement,2159,3,0,question,"Really? That is unusual for October, is not it?",surprise,excitement,10,False
Thanks. What shall I do then?,calm_neutral,960,9,0,question,Thanks. What shall I do then?,no emotion,calm_neutral,11,False
What a thrilling trip!,anxiety,1221,8,1,inform,I really feel what a thrilling trip!,fear,anxiety,1,True
"I'd like to see the menu, please.",calm_neutral,2475,1,0,directive,"I would like to see the menu, please.",no emotion,calm_neutral,11,False
"Oh, My God! So much!",anger,30,7,1,commissive,"Lately, oh, my god! so much!",disgust,anger,3,True
"Wow, let me try. It tastes nice. How did you make it?",calm_neutral,159,3,1,question,"Wow, let me try. It tastes nice. How did you make it?",no emotion,calm_neutral,11,False
I'm terribly sorry. You know we are so busy today and we forget to sew the button back on. Please wait a moment. It will be ready soon.,depression,1446,3,1,directive,I am terribly sorry. You know we are so busy today and we forget to sew the button back on. Please wait a moment. It will be ready soon.,sadness,depression,0,False
You said the same thing three months ago.,anger,971,2,0,inform,You said the same thing three months ago.,anger,anger,3,False
This is a pity!,depression,2329,6,0,inform,This is a pity!,sadness,depression,0,False
Thank you. Umm please get some soap for us.,calm_neutral,2171,5,0,directive,Thank you. Umm please get some soap for us.,no emotion,calm_neutral,11,False
"Oh, you're lucky, there are just two tickets left. Do you want to take them?",happiness,852,6,0,question,"Oh, you are lucky, there are just two tickets left. Do you want to take them?",happiness,happiness,8,False
Could I order dinner?,calm_neutral,663,0,0,directive,"Lately, could i order dinner?",no emotion,calm_neutral,11,True
Forgotten about it? How could you?,excitement,2158,6,0,question,Forgotten about it? How could you?,surprise,excitement,10,False
I think it's high time we had lunch.,happiness,1029,0,1,directive,I think it is high time we had lunch.,happiness,happiness,8,False
"Hello? Yes, someone has passed out at Dongle Avenue. and second street. He isn't breathing and doesn't have a pulse. Yes, my friend is performing CPR. Ok, thank you. They are sending an ambulance. Here, let me help.",anxiety,433,5,0,commissive,"Hello? Yes, someone has passed out at Dongle Avenue. and second street. He is not breathing and does not have a pulse. Yes, my friend is performing CPR. Ok, thank you. They are sending an ambulance. Here, let me help.",fear,anxiety,1,False
It looks pretty good. I think I'll take it.,happiness,1179,4,0,inform,It looks pretty good. I think I will take it.,happiness,happiness,8,False
Stones? I know many people collecting coins and stamps but stones?,excitement,751,4,0,question,Stones? I know many people collecting coins and stamps but stones? and it's affecting me deeply,surprise,excitement,10,True
There will be a parents' meeting in our class this Saturday and I am worried about it.,depression,440,1,1,inform,There will be a parents' meeting in our class this Saturday and I am worried about it.,sadness,depression,0,False
"Yes, it is. Are you here on business?",happiness,1205,1,1,question,"Yes, it is. Are you here on business?",happiness,happiness,8,False
You have to pay a fine.,calm_neutral,2372,5,0,inform,You have to pay a fine.,no emotion,calm_neutral,11,False
I'm really sick of you.,anger,791,8,1,inform,I am really sick of you.,disgust,anger,3,False
They soud like the neighbours from hell!,anger,127,7,1,inform,They soud like the neighbours from hell!,anger,anger,3,False
"No, you haven’t. You just don’t care about me. You’re an indifferent wife",anger,2013,8,0,commissive,"No, you have not. You just do not care about me. You are an indifferent wife",anger,anger,3,False
You can't be serious. How dare you not tell me you are going to marry her?,anger,1911,8,1,question,You cannot be serious. How dare you not tell me you are going to marry her?,anger,anger,3,False
I just watched a movie and I'm scared.,anxiety,1649,3,0,inform,I just watched a movie and I am scared.,fear,anxiety,1,False
"It’s awful, isn’t it?",anger,491,4,1,inform,"It is awful, is not it?",disgust,anger,3,False
Why not? it's so cool.,calm_neutral,2479,8,1,inform,Why not? it is so cool.,no emotion,calm_neutral,11,False
Really? I’m surprised.,excitement,1347,7,1,inform,Really? I am surprised.,surprise,excitement,10,False
Look! The iron is still on.,excitement,2519,2,0,inform,Look! The iron is still on.,surprise,excitement,10,False
"Oh, Tom! They sound fantastic. I really like all those things.",happiness,2304,3,1,inform,"Oh, Tom! They sound fantastic. I really like all those things.",happiness,happiness,8,False
Have you graduated from college?,calm_neutral,2346,3,1,question,Have you graduated from college?,no emotion,calm_neutral,11,False
"Wow, it all looks so good. I’m not sure what to choose.",happiness,702,0,1,inform,"Wow, it all looks so good. I am not sure what to choose.",happiness,happiness,8,False
Oh I don't know. Titanic?,calm_neutral,1274,3,1,question,Oh I do not know. Titanic?,no emotion,calm_neutral,11,False
"No, I’m afraid not.",depression,1499,3,1,inform,"I really feel no, i am afraid not.",sadness,depression,0,True
Great. I look forward to meeting you.,happiness,956,5,0,commissive,Great. I look forward to meeting you.,happiness,happiness,8,False
Are you kidding me? How could he behave like that?,excitement,2451,10,0,directive,Are you kidding me? How could he behave like that?,surprise,excitement,10,False
That's amazing! Really? How could it change so much in two days?,excitement,701,15,0,inform,That is amazing! Really? How could it change so much in two days?,surprise,excitement,10,False
Forget it! It was a bitter pill for me to swallow.,anger,94,3,1,inform,Forget it! It was a bitter pill for me to swallow.,anger,anger,3,False
You want to be a politician? Yuck.,excitement,1827,3,1,question,You want to be a politician? Yuck.,surprise,excitement,10,False
Excuse me! I don't have time to waste. I've been here almost one full hour!,anger,732,0,1,inform,Excuse me! I do not have time to waste. I have been here almost one full hour!,anger,anger,3,False
I don't know. But this is definitely the last straw.,depression,1970,8,0,inform,I do not know. But this is definitely the last straw.,sadness,depression,0,False
This is really exciting movie. Lets go to this one.,happiness,2141,12,0,inform,This is really exciting movie. Let Us go to this one.,happiness,happiness,8,False
You didn't have to do that!,excitement,2520,3,0,inform,You did not have to do that!,surprise,excitement,10,False
Is this your luggage?,calm_neutral,1885,8,0,question,Is this your luggage?,no emotion,calm_neutral,11,False
Perhaps. I'm dead tired.,depression,683,4,0,inform,Perhaps. I am dead tired.,sadness,depression,0,False
"I didn't do well in last exams. If my father knows it, he will beat me up.",depression,440,3,1,inform,"I did not do well in last exams. If my father knows it, he will beat me up.",sadness,depression,0,False
"OK, sue, I will just go in get her.",calm_neutral,2196,4,0,commissive,"OK, sue, I will just go in get her.",no emotion,calm_neutral,11,True
This is a pity!,depression,2329,6,0,inform,I really feel this is a pity!,sadness,depression,0,True
"By American express, if that's ok.",calm_neutral,2023,4,0,inform,"By American express, if that is ok.",no emotion,calm_neutral,11,False
I've got some great news for you!,happiness,495,0,0,directive,I have got some great news for you!,happiness,happiness,8,False
"Sorry, I am not sure, can I take a message?",depression,2082,4,1,directive,"Sorry, I am not sure, can I take a message?",sadness,depression,0,False
Umm I know. This is terrible. What can we do? This snow doesn't stop falling!,anger,788,2,0,question,Umm I know. This is terrible. What can we do? This snow does not stop falling!,anger,anger,3,False
I won't be paying you for this.,anger,762,10,1,inform,I will not be paying you for this.,anger,anger,3,False
And not expensive either.,calm_neutral,2095,4,1,inform,And not expensive either.. This has been going on for a while,no emotion,calm_neutral,11,True
Probably not. Doing that will probably take another three hours which I can't afford now.,depression,750,8,0,inform,Probably not. Doing that will probably take another three hours which I cannot afford now.,sadness,depression,0,False
Here's fifteen Yuan.,calm_neutral,1726,5,1,inform,Here is fifteen Yuan.,no emotion,calm_neutral,11,False
What's that?,happiness,2490,1,1,question,What is that?,happiness,happiness,8,False
"I cannot dance, you know. I haven't such a talent.",calm_neutral,2405,1,1,commissive,"I cannot dance, you know. I have not such a talent.",no emotion,calm_neutral,11,False
It gives me a lot of pressure and I feel depressed.,depression,458,13,1,inform,It gives me a lot of pressure and I feel depressed.,sadness,depression,0,False
That's true.,calm_neutral,661,10,1,inform,That is true.,no emotion,calm_neutral,11,False
I really hope that you didn't expect me to pay you for this.,anger,1520,10,1,directive,I really hope that you did not expect me to pay you for this.,anger,anger,3,False
"And she's good at sports, too. She knows how to play tennis and basketball.",happiness,369,5,0,inform,"And she is good at sports, too. She knows how to play tennis and basketball.",happiness,happiness,8,False
Curse the worst oven in the world.,anger,1000,5,1,inform,Curse the worst oven in the world.,anger,anger,3,False
"I decided to put him up while he's here, big mistake!",anger,1967,5,1,inform,"I decided to put him up while he is here, big mistake!",disgust,anger,3,False
"Oh, thanks a lot.",happiness,1736,15,1,commissive,"Oh, thanks a lot.",happiness,happiness,8,False
But she did and made me disappointed.,depression,2030,5,0,inform,But she did and made me disappointed. and it's affecting me deeply,sadness,depression,0,True
Tired and stressed. This wedding is giving me a headache.,depression,658,1,1,inform,Tired and stressed. This wedding is giving me a headache.,sadness,depression,0,True
"Just follow the foot movements. Brush left, brush right... yeah! That's it!",calm_neutral,932,2,0,directive,"Lately, just follow the foot movements. brush left, brush right... yeah! that is it!",no emotion,calm_neutral,11,True
I'm not keen on dessert as a habit. They are fattening.,calm_neutral,2495,7,0,commissive,I am not keen on dessert as a habit. They are fattening.,no emotion,calm_neutral,11,False
Not really. I thought it was disappointing.,anger,2294,4,1,inform,Not really. I thought it was disappointing.,disgust,anger,3,False
"Oh, gosh! I have to go to the restroom so bad! I can't bear it anymore!",anger,732,4,1,inform,"Oh, gosh! I have to go to the restroom so bad! I cannot bear it anymore!",anger,anger,3,False
What are you doing tomorrow?,calm_neutral,1115,0,1,question,What are you doing tomorrow?. This has been going on for a while,no emotion,calm_neutral,11,True
Have you made the decision yet?,depression,1936,13,0,question,Have you made the decision yet? and it's affecting me deeply,sadness,depression,0,True
We’re in the same boat! I’ve eaten fast food the whole week. I hate it now.,anger,1910,5,0,inform,We are in the same boat! I have eaten fast food the whole week. I hate it now.,anger,anger,3,False
It's definitely your size.,happiness,1556,1,0,inform,It is definitely your size.,happiness,happiness,8,False
"Hints are really important when you're solving puzzles. If you give me some hints about playing that PS two game, I’ll show you how to solve the Rubik's cube.",calm_neutral,605,8,0,directive,"Hints are really important when you are solving puzzles. If you give me some hints about playing that PS two game, I will show you how to solve the Rubik's cube.",no emotion,calm_neutral,11,False
"Yes, I took my temperature last night. It was one hundred two degrees. But right now I feel my fever is up to one hundred three degrees.",depression,1811,9,1,inform,"Yes, I took my temperature last night. It was one hundred two degrees. But right now I feel my fever is up to one hundred three degrees.",sadness,depression,0,False
"Yes, and please be more careful in the future!",anger,756,8,0,inform,"Yes, and please be more careful in the future!",anger,anger,3,False
"To be honest, it was horrible! My manager is such a pain in the neck!",anger,269,3,1,inform,"Lately, to be honest, it was horrible! my manager is such a pain in the neck!",anger,anger,3,True
"That's bad! I've been trying to call him for the last ten minutes, but your line has been busy. Will he be back soon?",depression,163,3,0,question,"That is bad! I have been trying to call him for the last ten minutes, but your line has been busy. Will he be back soon?",sadness,depression,0,False
"No, thank you.",calm_neutral,329,11,0,inform,"No, thank you.",no emotion,calm_neutral,11,True
"See, now something good has happened to you on a bus trip!",happiness,1262,14,0,inform,"See, now something good has happened to you on a bus trip!",happiness,happiness,8,False
This one is the same size and color. But the design is different.,calm_neutral,857,5,0,inform,This one is the same size and color. But the design is different.,no emotion,calm_neutral,11,False
I am sorry. Mr. Doff is out right now.,depression,54,2,1,commissive,I am sorry. Mr. Doff is out right now.,sadness,depression,0,False
"Oh, well, would you look at that! Polarizing filters.",happiness,997,16,0,directive,"Oh, well, would you look at that! Polarizing filters.",happiness,happiness,8,False
The price tag says ninety nine-ninety nine dollars.,excitement,1679,2,1,question,"Honestly, The price tag says ninety nine-ninety nine dollars.",surprise,excitement,10,True
We have an appointment in half an hour.,excitement,1257,3,0,commissive,We have an appointment in half an hour.,surprise,excitement,10,False
Yes. That would be nice. When do you want to go?,happiness,2204,1,1,question,Yes. That would be nice. When do you want to go?,happiness,happiness,8,True
"I trust your judgement. Thank you, Quinn. I'll be back tomorrow with a new set. Bye for now.",calm_neutral,652,8,1,commissive,"I trust your judgement. Thank you, Quinn. I will be back tomorrow with a new set. Bye for now.",no emotion,calm_neutral,11,False
"And if we don't need them, we won't need Zina, either.",calm_neutral,1353,5,0,inform,"And if we do not need them, we will not need Zina, either.",no emotion,calm_neutral,11,False
"Actually, we bought the ring together after I got the watch.",happiness,1177,7,1,inform,"Actually, we bought the ring together after I got the watch.",happiness,happiness,8,False
"I am afraid your diamond bracelet has gone, darling!",anxiety,2268,2,0,inform,"I am afraid your diamond bracelet has gone, darling!",fear,anxiety,1,False
Really? I am glad to meet you.,excitement,1713,5,1,question,Really? I am glad to meet you.,surprise,excitement,10,False
Stretching exercise after sitting a long time.,calm_neutral,450,9,0,inform,Stretching exercise after sitting a long time.,no emotion,calm_neutral,11,True
I try to keep it to myself. But there is a lot of gossip about us.,depression,458,9,1,inform,I try to keep it to myself. But there is a lot of gossip about us.,sadness,depression,0,False
Yeah. I've seen pictures of the crowds!,happiness,2532,8,0,inform,Yeah. I have seen pictures of the crowds!,happiness,happiness,8,False
"Mmmm, sounds like risky business. Good luck.",happiness,310,7,0,inform,"Mmmm, sounds like risky business. Good luck.",happiness,happiness,8,True
Is there anything I can do for you?,calm_neutral,2431,0,0,question,Is there anything I can do for you?,no emotion,calm_neutral,11,False
What's the way you keep in contact?,calm_neutral,496,2,1,question,What is the way you keep in contact?,no emotion,calm_neutral,11,False
"Sorry, but do not worry. I think I can fix it. Just cut a little more off the temple.",depression,1928,12,1,inform,"Sorry, but do not worry. I think I can fix it. Just cut a little more off the temple.",sadness,depression,0,False
That's all right. But why were you so rude to me at lunch?,anger,2514,2,0,question,That is all right. But why were you so rude to me at lunch?,anger,anger,3,False
I'm worried that everything will be chaotic!,anxiety,658,3,1,inform,I am worried that everything will be chaotic!,fear,anxiety,1,False
I have the same idea as you.,calm_neutral,1317,13,0,commissive,I have the same idea as you.,no emotion,calm_neutral,11,False
"Are you riding? You have to install an anti-virus software on your computer. If not, you will be attacked by viruses, and it can lead your computer into failure.",excitement,156,7,0,question,"Are you riding? You have to install an anti-virus software on your computer. If not, you will be attacked by viruses, and it can lead your computer into failure.",surprise,excitement,10,False
You should not have criticize your son in front of his friends.,calm_neutral,1968,0,0,inform,You should not have criticize your son in front of his friends.,no emotion,calm_neutral,11,False
I don't think that you're done.,anger,1520,4,1,inform,I do not think that you are done.,anger,anger,3,False
"Well, my girlfriend was supposed to call me last night, but she never did.",anger,587,4,0,inform,"Well, my girlfriend was supposed to call me last night, but she never did.",anger,anger,3,False
OK. Thank you very much.,happiness,2350,10,0,inform,"Lately, ok. thank you very much.",happiness,happiness,8,True
"If boys grow up with computer games, they will surely become bad.",anger,2207,4,0,inform,"If boys grow up with computer games, they will surely become bad.",disgust,anger,3,False
I try to keep it to myself. But there is a lot of gossip about us.,depression,458,9,1,inform,I try to keep it to myself. But there is a lot of gossip about us.,sadness,depression,0,False
Turn on the radio? What for?,excitement,2536,5,1,question,I really feel turn on the radio? what for?,surprise,excitement,10,True
"Oh, I'm so sorry. May I ask what you ordered again?",depression,2325,3,0,directive,"Oh, I am so sorry. May I ask what you ordered again?",sadness,depression,0,False
"Oh, really? so you just took home a stray cat?",excitement,160,11,0,question,"Oh, really? so you just took home a stray cat?",surprise,excitement,10,False
Umm.. Tell the waiter what you want when it's your turn.,calm_neutral,72,7,0,directive,Umm.. Tell the waiter what you want when it is your turn.,no emotion,calm_neutral,11,False
May I ask you for a dance?,happiness,1630,3,0,directive,May I ask you for a dance?,happiness,happiness,8,False
What a heavy snow! Look! The water is frozen.,happiness,2180,5,0,inform,What a heavy snow! Look! The water is frozen.,happiness,happiness,8,False
"Hello, I'm sorry umm it's been such a long time. I've been away on business. I'd like to discount this.",calm_neutral,331,1,0,directive,"Hello, I am sorry umm it is been such a long time. I have been away on business. I would like to discount this.",no emotion,calm_neutral,11,False
Really? what is it?,excitement,2150,11,1,question,Really? what is it?,surprise,excitement,10,False
But she means a lot to me.,depression,2030,7,0,commissive,But she means a lot to me.,sadness,depression,0,False
"There have been so many dry winters lately and that's about time, don't you think?",happiness,1206,4,0,question,"There have been so many dry winters lately and that is about time, do not you think?",happiness,happiness,8,False
"No, I'm afraid we'll have to cancel the order. I'm not sure whether it agrees with me.",depression,20,1,1,inform,"No, I am afraid we will have to cancel the order. I am not sure whether it agrees with me.",sadness,depression,0,False
I was late for work because of them.,anger,1032,6,1,inform,I was late for work because of them.,anger,anger,3,False
I think you're right. Alright. Gotta go to class. Thanks for the cigarette. I'll talk to you later.,happiness,170,12,1,inform,I think you are right. Alright. Got To go to class. Thanks for the cigarette. I will talk to you later.,happiness,happiness,8,False
"Oh, that's too bad. Should I call a doctor ?",depression,883,2,0,question,"Oh, that is too bad. Should I call a doctor ?",sadness,depression,0,False
I think you're right. Thank you.,happiness,282,8,0,inform,I think you are right. Thank you.,happiness,happiness,8,False
"Yes, me too. I think I’ve lost some important clients recently because of this train!",anger,560,3,1,inform,"Yes, me too. I think I have lost some important clients recently because of this train!",anger,anger,3,False
"Really? Me, too. I work for an accountancy company, T&D. Maybe you've heard of them.",excitement,859,5,1,inform,"Lately, really? me, too. i work for an accountancy company, t&d. maybe you have heard of them.",surprise,excitement,10,True
"I'll give you five more minutes, then I'm going on without you!",anger,704,6,0,directive,"I will give you five more minutes, then I am going on without you!",anger,anger,3,False
"Hey Rachael, what's up? How is your day?",calm_neutral,1422,0,0,question,"Hey Rachael, what is up? How is your day?",no emotion,calm_neutral,11,False
"You know, it's OK for a girl to forget these "" big days "", but for a guy, to do that is unforgivable.",anger,1980,7,1,inform,"You know, it is OK for a girl to forget these "" big days "", but for a guy, to do that is unforgivable.",anger,anger,3,False
I just lost my job. My boss just told me.,depression,2287,1,1,inform,I just lost my job. My boss just told me.,sadness,depression,0,False
"Lousy weather, isn't it?",anger,394,0,0,question,"Lousy weather, is not it?",disgust,anger,3,False
"Only sometimes when I think about it, I feel very sad.",depression,1270,3,1,inform,"Only sometimes when I think about it, I feel very sad.",sadness,depression,0,False
How could you? I reminded you just this morning.,anger,1550,2,1,question,How could you? I reminded you just this morning.,anger,anger,3,False
I'm absolutely useless at cooking!,depression,1551,3,0,inform,I am absolutely useless at cooking!,sadness,depression,0,False
"Amenities? What do you mean by amenities, sir?",calm_neutral,397,1,1,directive,"Amenities? What do you mean by amenities, sir?",no emotion,calm_neutral,11,False
"I’m sorry, Jim.",depression,2519,5,1,inform,"I am sorry, Jim.",sadness,depression,0,False
I am sorry. Mr. Doff is out right now.,depression,54,2,1,commissive,I am sorry. Mr. Doff is out right now.,sadness,depression,0,False
You mean I have the job?,excitement,1285,11,1,inform,You mean I have the job?,surprise,excitement,10,False
Really? That’s a lot of money to pay for one room.,excitement,528,5,0,inform,Really? That is a lot of money to pay for one room.,surprise,excitement,10,False
Really? Why?,excitement,1821,2,0,question,Really? Why?,surprise,excitement,10,False
"Thank you, ma'am. Hope to see you again soon.",happiness,962,5,0,inform,"Thank you, madam. Hope to see you again soon.",happiness,happiness,8,False
"No, sir. Umm, I'm sorry you can't.",depression,774,4,1,commissive,"No, sir. Umm, I am sorry you cannot.",sadness,depression,0,False
"I've got white wine, red wine, gin and tonics, ginger ale, lemonade, orange juice, and sprite.",calm_neutral,1354,8,1,inform,"I really feel i have got white wine, red wine, gin and tonics, ginger ale, lemonade, orange juice, and sprite.",no emotion,calm_neutral,11,True
"I will, sir. I'm really very sorry.",depression,756,9,1,inform,"I will, sir. I am really very sorry.",sadness,depression,0,False
"I've never been to such a dirty restaurant, and never seen such slow service.",anger,355,7,0,inform,"I have never been to such a dirty restaurant, and never seen such slow service.",anger,anger,3,False
Trust you! You can't even handle simple plane reservations!,anger,2327,11,1,commissive,Trust you! You cannot even handle simple plane reservations!,anger,anger,3,False
Sure. Do you need anything else?,calm_neutral,260,3,1,question,Sure. Do you need anything else?,no emotion,calm_neutral,11,False
No way. I will be scared out of my wits.,anxiety,1454,3,0,commissive,No way. I will be scared out of my wits.,fear,anxiety,1,False
But I doubt myself.,depression,2319,9,1,inform,"Honestly, But I doubt myself.",sadness,depression,0,True
Tell him I hope he's better soon.,happiness,125,3,1,inform,Tell him I hope he is better soon.,happiness,happiness,8,False
I'm sorry. I'll get you a new player.,depression,2432,5,0,inform,I am sorry. I will get you a new player.,sadness,depression,0,False
I can’t believe it! I thought the Cougars were going to win for sure.,anger,2222,4,0,inform,"Lately, i cannot believe it! i thought the cougars were going to win for sure.",anger,anger,3,True
Don't you have one like this in blue?,excitement,457,1,0,question,Do not you have one like this in blue?,surprise,excitement,10,False
Can I see your ticket please?,calm_neutral,2450,0,0,directive,Can I see your ticket please?,no emotion,calm_neutral,11,False
"Oh, wow! It's really him! Who is that woman he's with?",excitement,863,8,1,question,"Oh, wow! It is really him! Who is that woman he is with?",surprise,excitement,10,False
"You're having coffee, aren't you?",calm_neutral,478,0,1,question,"You are having coffee, are not you?",no emotion,calm_neutral,11,False
Thank you. See you tomorrow.,happiness,2336,15,0,inform,Thank you. See you tomorrow.,happiness,happiness,8,False
The only things I brought were some cloths and my notebook computer.,calm_neutral,1416,5,0,inform,The only things I brought were some cloths and my notebook computer.,no emotion,calm_neutral,11,False
"No, thanks. You’ve done a lot for me already. Thank you for everything.",happiness,1219,4,0,commissive,"No, thanks. You have done a lot for me already. Thank you for everything.",happiness,happiness,8,False
Why are you being so nice to me? Don't think for a second that I trust you.,anger,28,5,0,inform,Why are you being so nice to me? Do not think for a second that I trust you.,anger,anger,3,False
It's taking you forever to do my hair.,anger,1520,0,1,inform,It is taking you forever to do my hair.,anger,anger,3,False
She made another white crack about my clothes.,anger,2323,3,0,inform,She made another white crack about my clothes.,anger,anger,3,False
You can't be serious. How dare you not tell me you are going to marry her?,anger,1911,8,1,question,You cannot be serious. How dare you not tell me you are going to marry her?,anger,anger,3,False
"Oh, man! I can't believe it. A slam dunk!",excitement,2131,12,1,inform,"Oh, man! I cannot believe it. A slam dunk!",surprise,excitement,10,False
He is not answering. You'd better check his pulse and breathing.,anxiety,433,3,0,directive,He is not answering. You would better check his pulse and breathing.,fear,anxiety,1,False
"Yeah, I know, but it's too hard to do.",depression,1270,1,1,commissive,"Yeah, I know, but it is too hard to do.",sadness,depression,0,False
"I'll be there. Oh, is there a cover charge at the bar?",happiness,1500,9,1,question,"I will be there. Oh, is there a cover charge at the bar?",happiness,happiness,8,False
You did? That's great! You must be very happy now?,excitement,1844,2,1,question,You did? That is great! You must be very happy now?,surprise,excitement,10,False
"Oh, yes, I like that one, but it's too heavy.",happiness,23,4,1,commissive,"Oh, yes, I like that one, but it is too heavy.",happiness,happiness,8,False
"Oh, my god!",excitement,1891,0,0,inform,"Oh, my god!",surprise,excitement,10,False
"Yes, what would you recommend?",calm_neutral,770,1,1,question,"Yes, what would you recommend?",no emotion,calm_neutral,11,False
What a thrilling trip!,anxiety,1221,8,1,inform,I really feel what a thrilling trip!,fear,anxiety,1,True
"Yes, I ’ Ve come to inquire about a six thousand- dollar remittance from California. Has it arrived?",calm_neutral,2147,1,1,question,"Yes, I ’ Ve come to inquire about a six thousand- dollar remittance from California. Has it arrived?",no emotion,calm_neutral,11,False
Am I ever hungry? When will supper be ready?,calm_neutral,449,0,0,question,Am I ever hungry? When will supper be ready?,no emotion,calm_neutral,11,False
Not on your life! I know I'd break my leg,anxiety,1667,8,1,commissive,Not on your life! I know I would break my leg,fear,anxiety,1,False
Sorry. You can only pay in cash.,depression,479,5,0,inform,Sorry. You can only pay in cash.,sadness,depression,0,False
How do you like fox-trot?,happiness,422,6,0,question,How do you like fox-trot?,happiness,happiness,8,False
You mean you haven’t arranged any car?,excitement,909,6,1,question,You mean you have not arranged any car?. This has been going on for a while,surprise,excitement,10,True
Wonderful. Just e-mail me the time and date and I'll be there.,happiness,928,9,0,inform,Wonderful. Just e-mail me the time and date and I will be there.,happiness,happiness,8,False
"Well. It's not all my fault, Anna...",depression,1936,11,0,inform,"Well. It is not all my fault, Anna...",sadness,depression,0,False
"Well, I just saw a horror movie last night. It almost frightened me to death.",anxiety,1902,1,0,commissive,"Well, I just saw a horror movie last night. It almost frightened me to death.",fear,anxiety,1,False
"Yes, and the food was horrible!",anger,2238,4,0,inform,"Yes, and the food was horrible!",disgust,anger,3,False
It's OK. Don't worry about it. Our school coach will train us to play basketball.,calm_neutral,689,4,1,directive,It is OK. Do not worry about it. Our school coach will train us to play basketball.,no emotion,calm_neutral,11,False
"Umm, spread some jam, please.",calm_neutral,1369,2,1,inform,"Umm, spread some jam, please.",no emotion,calm_neutral,11,False
So are you enjoying your new job?,happiness,1421,6,0,question,So are you enjoying your new job?,happiness,happiness,8,False
Sure. So what about you? Do you have any hobbies?,happiness,1519,5,1,question,Sure. So what about you? Do you have any hobbies?,happiness,happiness,8,False
Really? I think that's impossible!,excitement,1358,2,1,question,Really? I think that is impossible!,surprise,excitement,10,False
"No, not now. I have found a part-time job.So perhaps I can help my family to come over the difficulties.",depression,965,5,0,inform,"No, not now. I have found a part-time job.So perhaps I can help my family to come over the difficulties.",sadness,depression,0,False
"I want to try the local specialty. Umm, can you recommend me some?",calm_neutral,1225,2,1,directive,"I want to try the local specialty. Umm, can you recommend me some?",no emotion,calm_neutral,11,False
Really? How much does it cost to fly to Rome?,excitement,1156,13,0,question,Really? How much does it cost to fly to Rome?,surprise,excitement,10,False
"I'm sorry, but the price is final.",depression,657,11,0,inform,"I am sorry, but the price is final.",sadness,depression,0,False
"Oh, my god. I am so heavy now. I gain ten kilos.",excitement,1163,0,1,inform,"Oh, my god. I am so heavy now. I gain ten kilos.",surprise,excitement,10,False
There will be a parents' meeting in our class this Saturday and I am worried about it.,depression,440,1,1,inform,There will be a parents' meeting in our class this Saturday and I am worried about it.,sadness,depression,0,False
I'm sorry. These batteries are not on sale.,depression,2461,1,1,inform,I am sorry. These batteries are not on sale. and it's affecting me deeply,sadness,depression,0,True
I'm afraid I can't.,depression,1686,1,1,commissive,I am afraid I cannot.,sadness,depression,0,False
I just broke up with a girl. Why didn't she understand that I loved her?,depression,1758,1,0,question,"Lately, i just broke up with a girl. why did not she understand that i loved her?",sadness,depression,0,True
"Ur, it stinks!",anger,550,7,1,inform,"You Are, it stinks!",disgust,anger,3,False
And why are you yarning now? Are you bored?,anger,2514,4,0,question,And why are you yarning now? Are you bored?,anger,anger,3,False
"Really, I went to Munich last week.",excitement,1036,4,0,inform,"Really, I went to Munich last week.",surprise,excitement,10,False
Yes. It should be the fragrance of plum blossoms.,happiness,2252,9,0,inform,Yes. It should be the fragrance of plum blossoms.,happiness,happiness,8,False
I'm afraid I don't know how to use your camera.,calm_neutral,2017,3,0,inform,I am afraid I do not know how to use your camera.,no emotion,calm_neutral,11,False
"Hello? Yes, someone has passed out at Dongle Avenue. and second street. He isn't breathing and doesn't have a pulse. Yes, my friend is performing CPR. Ok, thank you. They are sending an ambulance. Here, let me help.",anxiety,433,5,0,commissive,"Hello? Yes, someone has passed out at Dongle Avenue. and second street. He is not breathing and does not have a pulse. Yes, my friend is performing CPR. Ok, thank you. They are sending an ambulance. Here, let me help.",fear,anxiety,1,False
Really? You are joking?,excitement,543,1,1,question,Really? You are joking?,surprise,excitement,10,False
Brings back memories?,calm_neutral,648,5,1,question,Brings back memories?,no emotion,calm_neutral,11,False
Can we have dinner together sometime this weekend?,happiness,1883,0,0,directive,Can we have dinner together sometime this weekend?,happiness,happiness,8,False
"Let's go to the theater and buy two tickets now, shall we?",happiness,1861,9,1,directive,"Let us go to the theater and buy two tickets now, shall we?",happiness,happiness,8,False
I know what you mean. What can I get for you?,calm_neutral,464,2,1,directive,"Lately, i know what you mean. what can i get for you?",no emotion,calm_neutral,11,True
It gives me a lot of pressure and I feel depressed.,depression,458,13,1,inform,It gives me a lot of pressure and I feel depressed. and it's affecting me deeply,sadness,depression,0,True
"Yes, he used to be. But now he’s drifting off track.",anger,829,3,0,inform,"Yes, he used to be. But now he is drifting off track.",anger,anger,3,False
Not anymore! Can you believe it? Umm they've decided that Pluto is not a planet anymore!,excitement,880,4,0,question,Not anymore! Can you believe it? Umm they have decided that Pluto is not a planet anymore!,surprise,excitement,10,False
I don't know. But this is definitely the last straw.,depression,1970,8,0,inform,I do not know. But this is definitely the last straw.,sadness,depression,0,False
Most women follow fashion like sheep.They don't know any better than imitate.,happiness,1181,10,0,inform,Most women follow fashion like sheep.They do not know any better than imitate.,happiness,happiness,8,False
"Oh, this one is perfect.",anger,517,9,0,commissive,"Oh, this one is perfect.",anger,anger,3,False
"Fifteen thousand Yuan, including water, but electricity and gas.",calm_neutral,1597,6,0,inform,"Fifteen thousand Yuan, including water, but electricity and gas.",no emotion,calm_neutral,11,False
Fifty dollars. That's too much.,excitement,1066,6,0,inform,Fifty dollars. That is too much.,surprise,excitement,10,False
Really? Umm I thought that they'd been killing us by now.,excitement,1951,6,0,inform,Really? Umm I thought that they would been killing us by now.,surprise,excitement,10,False
What? But it is my favorite piece of clothing.,excitement,548,2,1,question,What? But it is my favorite piece of clothing.,surprise,excitement,10,False
Umm I have made a reservation for my breakfast last night. But I still haven't got it. I am so hungry now.,anger,1696,2,0,directive,Umm I have made a reservation for my breakfast last night. But I still have not got it. I am so hungry now.,anger,anger,3,False
Do you have your library card?,calm_neutral,754,2,0,directive,Do you have your library card?,no emotion,calm_neutral,11,False
"No, there is plenty of gas. I filled it up yesterday.",calm_neutral,1686,7,1,inform,"No, there is plenty of gas. I filled it up yesterday.. This has been going on for a while",no emotion,calm_neutral,11,True
I really don't think it's any of your business.,anger,1542,6,0,directive,"Lately, i really do not think it is any of your business.",anger,anger,3,True
Small please.,happiness,2425,7,0,directive,Small please.,happiness,happiness,8,False
Of course. How about Toby? Should we call him?,calm_neutral,603,10,1,question,Of course. How about Toby? Should we call him?,no emotion,calm_neutral,11,False
"Yes, I think so. That would be more than I have wished.",calm_neutral,629,3,0,inform,"Yes, I think so. That would be more than I have wished.",no emotion,calm_neutral,11,False
How do you know?,happiness,1011,11,0,question,How do you know?,happiness,happiness,8,False
I just cann't believe my ears!,excitement,1979,4,0,inform,I just cann't believe my ears!,surprise,excitement,10,False
"I said that, didn't I? But I just don't know what to do with it.",calm_neutral,2157,2,0,question,"I said that, did not I? But I just do not know what to do with it.",no emotion,calm_neutral,11,False
"But it will be expensive to have a car in the city, won't it?",anger,1543,6,1,question,"But it will be expensive to have a car in the city, will not it?",anger,anger,3,False
"Umm no, I don’t want to eat anything.",depression,2319,1,1,inform,"Umm no, I do not want to eat anything.",sadness,depression,0,False
Yes. I'd like to send this parcel to Changchun.,calm_neutral,1794,1,1,inform,Yes. I would like to send this parcel to Changchun.,no emotion,calm_neutral,11,False
"Oh, over there in Pacific Pavilion.",calm_neutral,764,1,1,directive,"Oh, over there in Pacific Pavilion.",no emotion,calm_neutral,11,False
It's my pleasure. I think this pair of jeans will suit the sweater well.,happiness,567,6,0,commissive,It is my pleasure. I think this pair of jeans will suit the sweater well.,happiness,happiness,8,False
"Yes, me too. I think I’ve lost some important clients recently because of this train!",anger,560,3,1,inform,"Yes, me too. I think I have lost some important clients recently because of this train!",anger,anger,3,False
It must be a haunted house. Are you frightened?,anxiety,2435,11,0,question,It must be a haunted house. Are you frightened?,fear,anxiety,1,False
You're spending a very long time on my hair.,anger,1960,0,1,inform,You are spending a very long time on my hair.,anger,anger,3,False
"Really, it's so beautiful.",anxiety,1909,1,1,inform,"Really, it is so beautiful.",fear,anxiety,1,False
"Sorry, I've got people coming over tomorrow night.",depression,1024,10,1,inform,"Sorry, I have got people coming over tomorrow night.",sadness,depression,0,False
"Actually, I watch whichever movie there is, be it a comedy, a sci-fi or a suspense movie. How about you?",calm_neutral,837,4,0,question,"Actually, I watch whichever movie there is, be it a comedy, a sci-fi or a suspense movie. How about you?",no emotion,calm_neutral,11,False
OK. Please get in. I'm glad to serve you.,calm_neutral,1722,3,0,commissive,OK. Please get in. I am glad to serve you.,no emotion,calm_neutral,11,False
"Twenty to one, in favour of the Cougars!",anger,2222,6,0,inform,"Twenty to one, in favour of the Cougars!",anger,anger,3,False
It is very expensive. Tom’s father paid for it.,calm_neutral,1613,2,1,inform,It is very expensive. Tom’s father paid for it.,no emotion,calm_neutral,11,False
How much is it?,calm_neutral,1226,13,1,question,How much is it?,no emotion,calm_neutral,11,False
"I am afraid your diamond bracelet has gone, darling!",anxiety,2268,2,0,inform,"I am afraid your diamond bracelet has gone, darling!",fear,anxiety,1,False
Umm is there any kind of ice cream you don't like?,calm_neutral,896,4,0,question,Umm is there any kind of ice cream you do not like?,no emotion,calm_neutral,11,False
Thank you. But it is too bright for me.,happiness,1803,1,1,inform,Thank you. But it is too bright for me.,happiness,happiness,8,False
Not at all.,happiness,327,6,0,inform,Not at all.,happiness,happiness,8,False
Here. Near this school.,calm_neutral,972,10,1,inform,Here. Near this school.,no emotion,calm_neutral,11,False
I knew this would happen some day...,depression,1936,9,0,commissive,I knew this would happen some day...,sadness,depression,0,False
But it still hurts. I thought I loved him.,depression,118,5,1,inform,But it still hurts. I thought I loved him.,sadness,depression,0,False
Let's plan a surprise party for him!,happiness,297,1,1,directive,Let us plan a surprise party for him!,happiness,happiness,8,False
Shall I give you a ride home?,happiness,179,2,1,directive,Shall I give you a ride home?,happiness,happiness,8,False
"Are you riding? You have to install an anti-virus software on your computer. If not, you will be attacked by viruses, and it can lead your computer into failure.",excitement,156,7,0,question,"Are you riding? You have to install an anti-virus software on your computer. If not, you will be attacked by viruses, and it can lead your computer into failure.",surprise,excitement,10,False
What? Are you sure about that?,excitement,1760,1,0,question,What? Are you sure about that?,surprise,excitement,10,False
I'm going to the bank.,calm_neutral,244,0,0,inform,I am going to the bank.,no emotion,calm_neutral,11,False
"Uh, any starch?",calm_neutral,551,3,1,question,"Uh, any starch?",no emotion,calm_neutral,11,False
What? Are you sure about that?,excitement,1760,1,0,question,What? Are you sure about that?,surprise,excitement,10,False
"Yes, many thanks. Goodbye.",happiness,1788,15,0,inform,"Yes, many thanks. Goodbye.",happiness,happiness,8,False
Isn't that a bit excessive?,anger,1340,7,1,directive,Is not that a bit excessive?,anger,anger,3,False
My dog has spots. He is very strong.,calm_neutral,617,4,1,inform,My dog has spots. He is very strong.,no emotion,calm_neutral,11,False
His name is not fat boy! You can be so rude sometimes.,anger,800,5,1,inform,His name is not fat boy! You can be so rude sometimes.,anger,anger,3,False
You should put on the black suit I bought for you last week. But I'm afraid it may be a bit crumpled. You'd better iron it now.,calm_neutral,1427,7,1,inform,You should put on the black suit I bought for you last week. But I am afraid it may be a bit crumpled. You would better iron it now.,no emotion,calm_neutral,11,False
Umm three dollars and forty cents.,calm_neutral,1268,6,0,inform,Umm three dollars and forty cents.,no emotion,calm_neutral,11,False
Is it a horror movie?,anxiety,1454,1,0,question,Is it a horror movie? and it's affecting me deeply,fear,anxiety,1,True
You are smart.,happiness,1596,6,0,commissive,You are smart.,happiness,happiness,8,False
"Sure, umm what would you like to discuss?",calm_neutral,623,1,0,question,"Sure, umm what would you like to discuss?",no emotion,calm_neutral,11,False
I can’t believe it!,excitement,2222,0,0,inform,I cannot believe it!,surprise,excitement,10,True
Can any unit see my information?,calm_neutral,344,6,0,question,Can any unit see my information?,no emotion,calm_neutral,11,False
"If so, I'd better try another store.",depression,1303,11,1,inform,"If so, I would better try another store.",sadness,depression,0,False
Do they often happen in your country?,calm_neutral,1711,15,0,question,Do they often happen in your country?. This has been going on for a while,no emotion,calm_neutral,11,True
"With everything, with everybody, with all this!",anger,1368,3,0,inform,"With everything, with everybody, with all this!",anger,anger,3,False
Umm you can take the subway to get there.,calm_neutral,1134,1,0,directive,Umm you can take the subway to get there.,no emotion,calm_neutral,11,False
Oops! It's the landlord. I guess the tables have turned now. We're the noisy neighbors. Turn it down!,excitement,2288,5,1,directive,Oops! It is the landlord. I guess the tables have turned now. We are the noisy neighbors. Turn it down!,surprise,excitement,10,False
Yeah. All of us tried our best.,happiness,1231,2,1,inform,Yeah. All of us tried our best.,happiness,happiness,8,False
You're kidding! You've always hated cooking!,excitement,1079,2,0,inform,You are kidding! You have always hated cooking!,surprise,excitement,10,False
That's a wonderful way to celebrate this grand old library!,happiness,1044,1,1,inform,That is a wonderful way to celebrate this grand old library!,happiness,happiness,8,False
They all have essence of flowers in them.,happiness,2368,5,0,inform,They all have essence of flowers in them.. This has been going on for a while,happiness,happiness,8,True
No. That's all.,happiness,1625,7,1,inform,No. That is all.,happiness,happiness,8,False
Then shall we keep pure friendship?,depression,1936,15,0,directive,Then shall we keep pure friendship?,sadness,depression,0,False
Is it a horror movie?,anxiety,1454,1,0,question,Is it a horror movie? and it's affecting me deeply,fear,anxiety,1,True
Forget it! It was a bitter pill for me to swallow.,anger,94,3,1,inform,Forget it! It was a bitter pill for me to swallow.,anger,anger,3,False
Six fifty Yuan! You must be kidding! I can subscribe for evening newspapers for ten years with that much!,excitement,2059,12,1,inform,Six fifty Yuan! You must be kidding! I can subscribe for evening newspapers for ten years with that much!,surprise,excitement,10,False
Hi! Fiona? I almost didn't recognize you. You are much thinner since I last saw you.,excitement,385,0,0,inform,Hi! Fiona? I almost did not recognize you. You are much thinner since I last saw you.,surprise,excitement,10,False
"Fine, thanks.",calm_neutral,2194,1,1,inform,"Fine, thanks.",no emotion,calm_neutral,11,False
"Are you riding? You have to install an anti-virus software on your computer. If not, you will be attacked by viruses, and it can lead your computer into failure.",excitement,156,7,0,question,"Are you riding? You have to install an anti-virus software on your computer. If not, you will be attacked by viruses, and it can lead your computer into failure.",surprise,excitement,10,False
Probably not. Doing that will probably take another three hours which I can't afford now.,depression,750,8,0,inform,Probably not. Doing that will probably take another three hours which I cannot afford now.,sadness,depression,0,False
You don't know what you are asking!,anger,212,1,0,commissive,You do not know what you are asking!,anger,anger,3,False
I'll tell you all about it next Monday.,happiness,51,6,0,inform,I will tell you all about it next Monday.,happiness,happiness,8,False
Fifty dollars. That's too much.,excitement,1066,6,0,inform,Fifty dollars. That is too much.,surprise,excitement,10,False
"Not from this brand, I'm afraid.",depression,1023,8,0,inform,"Not from this brand, I am afraid.",sadness,depression,0,True
"Yes. Oh, dear, I can’t find my hairbrushes. Can you help me?",excitement,252,3,0,directive,"Lately, yes. oh, dear, i cannot find my hairbrushes. can you help me?",surprise,excitement,10,True
"Yeah, it was nice to meet you. Hope I run into you again sometime.",happiness,1580,12,1,inform,"Yeah, it was nice to meet you. Hope I run into you again sometime.",happiness,happiness,8,False
You got that right... and my mom's still mad about what we did with the dishes.,calm_neutral,1395,3,0,inform,You got that right... and my mom's still mad about what we did with the dishes.,no emotion,calm_neutral,11,False
Can you tell me a little about Paris?,calm_neutral,363,0,0,directive,Can you tell me a little about Paris?,no emotion,calm_neutral,11,False
"You know, interest is the best teacher.",calm_neutral,1804,12,0,inform,"I really feel you know, interest is the best teacher.",no emotion,calm_neutral,11,True
What park? You found a doll in a park? Gross!,excitement,1891,4,0,question,What park? You found a doll in a park? Gross!,surprise,excitement,10,False
I don’t say that. But it seems to me the housewife should do that.,calm_neutral,692,3,0,inform,I do not say that. But it seems to me the housewife should do that.,no emotion,calm_neutral,11,False
"Yes, and please be more careful in the future!",anger,756,8,0,inform,"Yes, and please be more careful in the future! and it's affecting me deeply",anger,anger,3,True
"Oh, my! Really? I never thought he would be like that.",excitement,1438,8,1,question,"Oh, my! Really? I never thought he would be like that.",surprise,excitement,10,False
Yeah. I found it is so close to our life.,calm_neutral,1168,5,1,inform,"Lately, yeah. i found it is so close to our life.",no emotion,calm_neutral,11,True
Apple pie is my favorite dessert.,calm_neutral,2361,7,0,inform,Apple pie is my favorite dessert.,no emotion,calm_neutral,11,False
Sure. That makes a good fan. Do you know what songs she is gonna sing tonight?,happiness,1283,13,1,question,Sure. That makes a good fan. Do you know what songs she is going to sing tonight?,happiness,happiness,8,False
"I am afraid your diamond bracelet has gone, darling!",anxiety,2268,2,0,inform,"I am afraid your diamond bracelet has gone, darling!",fear,anxiety,1,False
"Oh, sorry to have you bothered.",depression,782,6,0,inform,"Oh, sorry to have you bothered.",sadness,depression,0,False
"Sorry, sir. It's the sale price.",depression,716,3,0,commissive,"Sorry, sir. It is the sale price.",sadness,depression,0,False
"Oh dear, that sounds terrible.",depression,884,4,1,inform,"Oh dear, that sounds terrible.",sadness,depression,0,False
"Oh, I see. If I buy more than a set, can I get any discount?",happiness,61,8,1,question,"Oh, I see. If I buy more than a set, can I get any discount?",happiness,happiness,8,False
OK. Please take some fruit salad and crackers for me.,happiness,1236,4,1,directive,OK. Please take some fruit salad and crackers for me.,happiness,happiness,8,False
Yes. Are you traveling here?,calm_neutral,1502,6,1,question,Yes. Are you traveling here?,no emotion,calm_neutral,11,False
I don’t like your Rose. And I do love Henry. And I’m going to marry him.,anger,703,3,1,inform,I do not like your Rose. And I do love Henry. And I am going to marry him.,disgust,anger,3,False
Nice to see you too. It's been a long time.,happiness,1917,3,0,inform,Nice to see you too. It is been a long time.,happiness,happiness,8,False
Oh dear! What a pity! Are you sure you lost the wallet in the theatre?,depression,1673,10,0,question,Oh dear! What a pity! Are you sure you lost the wallet in the theatre?,sadness,depression,0,False
"Well, I just saw a horror movie last night. It almost frightened me to death.",anxiety,1902,1,0,commissive,"Well, I just saw a horror movie last night. It almost frightened me to death.",fear,anxiety,1,False
I just broke up with a girl. Why didn't she understand that I loved her?,depression,1758,1,0,question,I just broke up with a girl. Why did not she understand that I loved her?,sadness,depression,0,False
"Yeah, but I can speak English, too.",calm_neutral,1930,3,1,inform,"Yeah, but I can speak English, too.",no emotion,calm_neutral,11,False
Excuse me. Have you forgotten our drinks?,calm_neutral,1692,0,0,directive,Excuse me. Have you forgotten our drinks?,no emotion,calm_neutral,11,False
"Oh, don't mention it. It was terrible.",anger,808,1,0,inform,"Oh, do not mention it. It was terrible.",disgust,anger,3,False
Really? Why not? I hear it’s pretty good.,excitement,454,3,1,question,Really? Why not? I hear it is pretty good.,surprise,excitement,10,False
My computer just crashed again for the third time today!,anger,487,2,1,inform,My computer just crashed again for the third time today!,anger,anger,3,False
"I just started, but the job market is very bad right now. I'm not optimistic about it.",depression,1738,3,0,inform,"I just started, but the job market is very bad right now. I am not optimistic about it.",sadness,depression,0,False
It's too small for me to wear.,calm_neutral,681,4,0,inform,It is too small for me to wear.,no emotion,calm_neutral,11,False
You’re kidding.,excitement,1347,5,1,inform,You are kidding.,surprise,excitement,10,False
Five hundred dollars altogether.,calm_neutral,1637,6,1,inform,Five hundred dollars altogether.,no emotion,calm_neutral,11,False
I feel like maybe I am coming down with the flu.,depression,1342,9,1,inform,I feel like maybe I am coming down with the flu.,sadness,depression,0,False
You really don’t need to.,happiness,980,4,1,commissive,You really do not need to.,happiness,happiness,8,False
"Sorry, Mr. Polly.",depression,887,6,1,inform,"Sorry, Mr. Polly.",sadness,depression,0,False
Sorry again for bothering you.,depression,1924,9,1,inform,Sorry again for bothering you.,sadness,depression,0,False
Umm nine hundred dollars.,calm_neutral,1751,12,0,inform,Umm nine hundred dollars.,no emotion,calm_neutral,11,False
I’m terribly sorry. May I have your order again? I'll get it right away.,depression,522,1,1,directive,I am terribly sorry. May I have your order again? I will get it right away.,sadness,depression,0,False
"Yes, I just bought a new car, I drive to work everyday!",happiness,333,1,1,inform,"Yes, I just bought a new car, I drive to work everyday!",happiness,happiness,8,False
"Don't laugh at me, please. I'm serious. I've never been required to write this kind of report before, I only do the research reports.",depression,924,3,0,inform,"Do not laugh at me, please. I am serious. I have never been required to write this kind of report before, I only do the research reports.",sadness,depression,0,False
OK. Umm... I'll take it.,happiness,1132,9,0,inform,I really feel ok. umm... i will take it.,happiness,happiness,8,True
"Oh, my God! That's my husband, Benjamin.",excitement,583,7,1,inform,"Oh, my God! That is my husband, Benjamin.",surprise,excitement,10,False
I’d better go tomorrow.,depression,343,5,1,directive,I would better go tomorrow.,sadness,depression,0,False
It must be a haunted house. Are you frightened?,anxiety,2435,11,0,question,It must be a haunted house. Are you frightened?,fear,anxiety,1,False
Not anymore! Can you believe it? Umm they've decided that Pluto is not a planet anymore!,excitement,880,4,0,question,Not anymore! Can you believe it? Umm they have decided that Pluto is not a planet anymore!,surprise,excitement,10,False
"With everything, with everybody, with all this!",anger,1368,3,0,inform,"With everything, with everybody, with all this!",anger,anger,3,False
But I doubt myself.,depression,2319,9,1,inform,"Honestly, But I doubt myself.",sadness,depression,0,True
It was! But the worst thing was I tore my best shirt.,depression,884,5,0,inform,"Lately, it was! but the worst thing was i tore my best shirt.",sadness,depression,0,True
They soud like the neighbours from hell!,anger,127,7,1,inform,They soud like the neighbours from hell!,anger,anger,3,False
"Is that true? But anyhow, it's none of our business, isn't it?",excitement,1026,5,1,question,"Is that true? But anyhow, it is none of our business, is not it?",surprise,excitement,10,False
"Wonderful, I'll go with you.",happiness,1291,7,1,commissive,"Wonderful, I will go with you.",happiness,happiness,8,True
What style do you want?,calm_neutral,459,2,0,question,I really feel what style do you want?,no emotion,calm_neutral,11,True
"Well, they should have called you!",anger,2327,5,1,inform,"Well, they should have called you!",anger,anger,3,False
OK. Dose it include breakfast?,calm_neutral,526,4,1,question,OK. Dose it include breakfast?,no emotion,calm_neutral,11,False
What do you mean? It's a scrim.,excitement,196,2,0,question,What do you mean? It is a scrim.,surprise,excitement,10,False
"Dave, wake up.",calm_neutral,2360,0,1,inform,"Dave, wake up.",no emotion,calm_neutral,11,False
The mosquitos are biting me!,anger,2388,0,0,inform,The mosquitos are biting me!,disgust,anger,3,False
"Thanks, Hugh. I owe you one.",calm_neutral,1287,5,1,inform,"Thanks, Hugh. I owe you one.",no emotion,calm_neutral,11,False
"Me? No way, keep him away from me, please.",anger,1402,7,0,commissive,"Me? No way, keep him away from me, please.",anger,anger,3,False
Looks like anything fun makes you excited.,happiness,1706,9,1,inform,Looks like anything fun makes you excited.,happiness,happiness,8,False
My computer just crashed again for the third time today!,anger,487,2,1,inform,My computer just crashed again for the third time today!,anger,anger,3,False
"The cancer ward! ? Oh, my. It's worse than we thought.",excitement,1261,2,0,inform,"The cancer ward! ? Oh, my. It is worse than we thought.",surprise,excitement,10,False
"Yes, of course.",happiness,1772,3,1,commissive,"Yes, of course.",happiness,happiness,8,False
OK. I'll have a try.,happiness,401,7,1,commissive,OK. I will have a try.,happiness,happiness,8,False
Wow! That's expensive.,excitement,501,11,1,inform,Wow! That is expensive.,surprise,excitement,10,False
"Yes, please. That would be a great help. Are you sure you don’t mind?",calm_neutral,354,1,0,question,"Yes, please. That would be a great help. Are you sure you do not mind?",no emotion,calm_neutral,11,False
That's weird!,excitement,1402,10,1,inform,That is weird!,surprise,excitement,10,False
"No, the steak was recommended, but it is not very fresh.",anger,178,1,0,inform,"No, the steak was recommended, but it is not very fresh.",anger,anger,3,False
"I'm afraid not, sir.",depression,1434,6,1,inform,"I am afraid not, sir.",sadness,depression,0,False
"Oh, yes. I get six Korean channels but nothing in English!",anger,2347,11,1,inform,"Oh, yes. I get six Korean channels but nothing in English!",anger,anger,3,False
"I'm afraid not, sir. I've made up my mind. It's something I have to do.",depression,623,4,1,commissive,"I am afraid not, sir. I have made up my mind. It is something I have to do.",sadness,depression,0,False
What eye shadow do you think is the most fit for me?,calm_neutral,4,6,0,question,What eye shadow do you think is the most fit for me?,no emotion,calm_neutral,11,False
I need help finding a gift for my daughter.,calm_neutral,141,0,0,directive,I need help finding a gift for my daughter.,no emotion,calm_neutral,11,False
"I'm serious, Zina. Back off. I have a bottle of pepper spray in my pocket.",anger,28,3,0,inform,"I am serious, Zina. Back off. I have a bottle of pepper spray in my pocket.",anger,anger,3,False
"Thank you for waiting. It takes another ten to fifteen minutes, I'm afraid.",depression,1257,2,1,directive,"Thank you for waiting. It takes another ten to fifteen minutes, I am afraid.",sadness,depression,0,False
What? Cars? Umm are you serious?,excitement,312,4,0,question,What? Cars? Umm are you serious?,surprise,excitement,10,False
You are welcome.,happiness,1247,9,1,inform,You are welcome.,happiness,happiness,8,False
"It's only one floor down, sir. Just take the elevator or the stairs.",calm_neutral,1253,3,1,directive,"It is only one floor down, sir. Just take the elevator or the stairs.",no emotion,calm_neutral,11,False
"I like it a lot. It has a very funny beginning, I think. It attracts your attention the moment you begin reading it.",calm_neutral,2484,1,1,inform,"I like it a lot. It has a very funny beginning, I think. It attracts your attention the moment you begin reading it.",no emotion,calm_neutral,11,False
Your daughter looks like her mother.,happiness,1513,8,1,inform,Your daughter looks like her mother.,happiness,happiness,8,False
You don't know what you are asking!,anger,212,1,0,commissive,You do not know what you are asking!,anger,anger,3,False
Are you crazy? You made the mistake and now you're charging me for your mistake?,anger,642,6,0,commissive,Are you crazy? You made the mistake and now you are charging me for your mistake?,anger,anger,3,False
"Oh, it’s my favorite. How much is it?",happiness,1392,9,1,question,"Oh, it is my favorite. How much is it?. This has been going on for a while",happiness,happiness,8,True
Umm why don't you just stick a gun in my ribs and take everything I have?,anger,642,8,0,directive,Umm why do not you just stick a gun in my ribs and take everything I have?,anger,anger,3,False
Wow! That's really great news. How often does the magazine come out?,happiness,2107,7,0,question,I really feel wow! that is really great news. how often does the magazine come out?,happiness,happiness,8,True
That's not nice.,anger,1542,7,1,commissive,That is not nice.,anger,anger,3,False
Why? You said I was hot when smoking.,excitement,255,1,0,question,Why? You said I was hot when smoking.,surprise,excitement,10,False
"Go straight then turn right, and you will see a big bus station there.",calm_neutral,2060,3,1,directive,"Go straight then turn right, and you will see a big bus station there.",no emotion,calm_neutral,11,False
"I know, but you deserve it.",happiness,2520,4,1,inform,"I know, but you deserve it.",happiness,happiness,8,False
Are you sure? We could go Dutch.,excitement,414,14,1,question,Are you sure? We could go Dutch.,surprise,excitement,10,False
This is not what I asked for. I'm afraid.,depression,2325,2,1,inform,This is not what I asked for. I am afraid.,sadness,depression,0,False
I apologize for their tardiness.,depression,1032,5,0,inform,I apologize for their tardiness.,sadness,depression,0,False
I'm worried that everything will be chaotic!,anxiety,658,3,1,inform,I am worried that everything will be chaotic!,fear,anxiety,1,False
"Uh, that's cool. What documents do I need to carry?",happiness,206,3,0,question,"Uh, that is cool. What documents do I need to carry? and it's affecting me deeply",happiness,happiness,8,True
Our eyes should look into the future. We could'nt live in the past.,calm_neutral,1270,2,0,inform,"Lately, our eyes should look into the future. we could'nt live in the past.",no emotion,calm_neutral,11,True
Thank you. Is the production line fully automated?,calm_neutral,639,3,0,question,Thank you. Is the production line fully automated?,no emotion,calm_neutral,11,False
"Oh, this one is perfect.",anger,517,9,0,commissive,"Oh, this one is perfect.",anger,anger,3,False
I was late for work because of them.,anger,1032,6,1,inform,I was late for work because of them.,anger,anger,3,False
"I have to do some things, and besides, it's not polite to be nosey.",anger,1542,4,0,commissive,"I have to do some things, and besides, it is not polite to be nosey.",anger,anger,3,False
That's wonderful! I have heard the scene of Li River is beautiful!,happiness,85,8,0,commissive,"Honestly, That is wonderful! I have heard the scene of Li River is beautiful!",happiness,happiness,8,True
Ten days ? Would you please repeat it again?,excitement,1409,7,1,directive,Ten days ? Would you please repeat it again?,surprise,excitement,10,False
O levels and A levels.,calm_neutral,1894,9,1,inform,O levels and A levels.,no emotion,calm_neutral,11,False
"Oh, I'm so sorry. May I ask what you ordered again?",depression,2325,3,0,directive,"Oh, I am so sorry. May I ask what you ordered again?. This has been going on for a while",sadness,depression,0,True
Would you please fill in the registration form?,calm_neutral,1723,11,1,directive,Would you please fill in the registration form?,no emotion,calm_neutral,11,False
"Yes, here it is.",calm_neutral,2199,9,0,inform,"Yes, here it is.",no emotion,calm_neutral,11,False
I’m fine. But I have bad news.,depression,1785,9,0,inform,I am fine. But I have bad news.,sadness,depression,0,False
Yes. My car is having problems.,calm_neutral,465,1,1,inform,Yes. My car is having problems.,no emotion,calm_neutral,11,False
"I can wait, but my toothache can't!",anger,1493,11,0,commissive,"I can wait, but my toothache cannot!",anger,anger,3,False
Really? I'm not much of an outdoor person. What do you like about it?,excitement,1128,2,1,question,Really? I am not much of an outdoor person. What do you like about it?,surprise,excitement,10,False
OK. Thanks for your help.,happiness,277,11,1,commissive,OK. Thanks for your help.,happiness,happiness,8,False
You're kidding. The story and acting were outstanding.,excitement,1743,6,0,inform,You are kidding. The story and acting were outstanding.,surprise,excitement,10,False
It’s a great car. It’s very comfortable and it goes really fast.,happiness,1920,3,1,inform,It is a great car. It is very comfortable and it goes really fast. and it's affecting me deeply,happiness,happiness,8,True
"Oh, really? Maybe she is just eager to see her grandchildren.",excitement,32,8,1,question,"Oh, really? Maybe she is just eager to see her grandchildren.",surprise,excitement,10,False
Why? You said I was hot when smoking.,excitement,255,1,0,question,Why? You said I was hot when smoking.,surprise,excitement,10,False
You gossip! What's the basis of your opinion?,excitement,2334,1,0,question,You gossip! What is the basis of your opinion?,surprise,excitement,10,False
Guess what? I've got great news!,excitement,2107,0,1,question,Guess what? I have got great news!,surprise,excitement,10,False
"Well, I just saw a horror movie last night. It almost frightened me to death.",anxiety,1902,1,0,commissive,"Well, I just saw a horror movie last night. It almost frightened me to death.",fear,anxiety,1,False
You mean your friends. I think it's cruel.,calm_neutral,948,3,1,inform,"Honestly, You mean your friends. I think it is cruel.",no emotion,calm_neutral,11,True
No kidding! We have only five bottles of beer.,excitement,1729,9,0,inform,No kidding! We have only five bottles of beer.,surprise,excitement,10,False
"I tried to introduce myself to them when they moved in, but they were so arrogant that I didin't want to ever talk to them again!",anger,127,4,0,inform,"I tried to introduce myself to them when they moved in, but they were so arrogant that I didin't want to ever talk to them again!",anger,anger,3,False
"No, I'm sorry we don't. We accept credit cards and cash.",depression,1167,4,0,inform,"No, I am sorry we do not. We accept credit cards and cash.",sadness,depression,0,False
"He's lazy. I tried being a good host, but if you give him an inch, he'll take a mile.",anger,1967,7,1,inform,"He is lazy. I tried being a good host, but if you give him an inch, he will take a mile.",disgust,anger,3,False
"Really, it's so beautiful.",anxiety,1909,1,1,inform,"Lately, really, it is so beautiful.",fear,anxiety,1,True
You are saying he will be promoted to the general manager?,excitement,2177,0,1,question,You are saying he will be promoted to the general manager?. This has been going on for a while,surprise,excitement,10,True
"Sure. Umm do you want to go first, Sally?",calm_neutral,1418,1,0,question,"Lately, sure. umm do you want to go first, sally?",no emotion,calm_neutral,11,True
Is she? I thought she was a mathematician.,excitement,1591,1,0,question,Is she? I thought she was a mathematician.,surprise,excitement,10,False
Some time next year. We haven't set the date yet.,happiness,1898,6,1,inform,Some time next year. We have not set the date yet.,happiness,happiness,8,False
That's why it looks so nice. I should have figured. You always get what you pay for.,happiness,1177,14,0,inform,That is why it looks so nice. I should have figured. You always get what you pay for.,happiness,happiness,8,False
How dreadful!,anger,491,1,0,inform,How dreadful!,disgust,anger,3,False
That sounds like fun. Where will it be?,happiness,928,3,0,question,That sounds like fun. Where will it be?. This has been going on for a while,happiness,happiness,8,True
"Sorry, Becky can’t come to the phone right now.",depression,1845,3,1,commissive,"Sorry, Becky cannot come to the phone right now.",sadness,depression,0,False
"Oh dear, I’m late. I have to be in the office by eight a.m..",depression,2041,0,1,inform,"Honestly, Oh dear, I am late. I have to be in the office by eight a.m..",sadness,depression,0,True
Oops! It's the landlord. I guess the tables have turned now. We're the noisy neighbors. Turn it down!,excitement,2288,5,1,directive,Oops! It is the landlord. I guess the tables have turned now. We are the noisy neighbors. Turn it down!,surprise,excitement,10,False
"Umm.. I'd like to have some local specialties. Would you recommend for me, please?",calm_neutral,2413,3,0,directive,"Umm.. I would like to have some local specialties. Would you recommend for me, please?",no emotion,calm_neutral,11,False
"Umm excuse me, is this the parcel counter?",calm_neutral,631,0,1,question,"Umm excuse me, is this the parcel counter? and it's affecting me deeply",no emotion,calm_neutral,11,True
Let me see. I am sorry we just have sold it out.,depression,1796,1,1,commissive,Let me see. I am sorry we just have sold it out.,sadness,depression,0,False
Not very far from here. We'll fly. It's about one and a half hours.,calm_neutral,839,8,1,inform,Not very far from here. We will fly. It is about one and a half hours.,no emotion,calm_neutral,11,False
Really? We have only one chance every year.,excitement,1897,7,1,inform,Really? We have only one chance every year.,surprise,excitement,10,False
Look what you've done!,anger,756,0,0,inform,"Lately, look what you have done!",anger,anger,3,True
I'm sorry I'm so late. I had a really bad day.,depression,2220,0,1,inform,I am sorry I am so late. I had a really bad day.,sadness,depression,0,False
"I am afraid your diamond bracelet has gone, darling!",anxiety,2268,2,0,inform,"I am afraid your diamond bracelet has gone, darling!",fear,anxiety,1,False
My boss has been breathing down my neck all day. I can't wait for the weekend!,anger,1484,6,1,inform,My boss has been breathing down my neck all day. I cannot wait for the weekend!,anger,anger,3,False
"I know, don’t remind me. I’m starting a new diet the day after tomorrow.",calm_neutral,2491,5,1,inform,"I know, do not remind me. I am starting a new diet the day after tomorrow.",no emotion,calm_neutral,11,False
Really? He is so great.,excitement,665,1,1,question,Really? He is so great.,surprise,excitement,10,False
Really? How long will your holiday last?,excitement,1752,8,0,question,Really? How long will your holiday last?,surprise,excitement,10,False
Really? I haven't heard of it.,excitement,1454,12,1,question,Really? I have not heard of it.,surprise,excitement,10,False
It's the holidays! Everybody knows how hard it is to get tickets!,anger,2327,9,1,inform,It is the holidays! Everybody knows how hard it is to get tickets!,anger,anger,3,False
Which song?,calm_neutral,959,1,1,question,Which song?,no emotion,calm_neutral,11,False
Just two days ago it was thirty five. How can it be sixty?,excitement,701,13,0,question,Just two days ago it was thirty five. How can it be sixty?,surprise,excitement,10,False
"Hey, I'm feeling much better already.",calm_neutral,314,6,1,inform,"Hey, I am feeling much better already.",no emotion,calm_neutral,11,False
Too bad. I really like it.,anxiety,2202,2,0,inform,Too bad. I really like it.,fear,anxiety,1,False
I'm very sorry to have caused you this trouble.,depression,756,7,1,inform,I am very sorry to have caused you this trouble.,sadness,depression,0,False
"Hello? Yes, someone has passed out at Dongle Avenue. and second street. He isn't breathing and doesn't have a pulse. Yes, my friend is performing CPR. Ok, thank you. They are sending an ambulance. Here, let me help.",anxiety,433,5,0,commissive,"Hello? Yes, someone has passed out at Dongle Avenue. and second street. He is not breathing and does not have a pulse. Yes, my friend is performing CPR. Ok, thank you. They are sending an ambulance. Here, let me help.",fear,anxiety,1,False
"Where will you go, sir?",calm_neutral,1249,1,1,question,"Where will you go, sir?",no emotion,calm_neutral,11,False
Take care of yourself and don't forget to keep in touch.,calm_neutral,2225,3,1,inform,Take care of yourself and do not forget to keep in touch. and it's affecting me deeply,no emotion,calm_neutral,11,True
They’re sales reps. They are very lazy.,calm_neutral,871,6,1,inform,They are sales reps. They are very lazy.,no emotion,calm_neutral,11,False
What? Are you serious? You'd defect to our archrival?,excitement,2525,3,0,question,What? Are you serious? You would defect to our archrival?,surprise,excitement,10,False
Can I stop by?,happiness,1828,6,1,directive,Can I stop by?,happiness,happiness,8,False
But she did and made me disappointed.,depression,2030,5,0,inform,But she did and made me disappointed.,sadness,depression,0,False
Really? How often do you go there?,excitement,470,2,0,question,Really? How often do you go there?,surprise,excitement,10,False
What? Beg your pardon.,excitement,1979,2,0,question,What? Beg your pardon.,surprise,excitement,10,False
"Fine, they are colorful and tasty.",happiness,916,1,1,inform,"Fine, they are colorful and tasty.",happiness,happiness,8,False
What are we waiting for? Let's go!,happiness,1508,7,1,commissive,What are we waiting for? Let us go! and it's affecting me deeply,happiness,happiness,8,True
"Thank you. Just a moment, please.",happiness,1879,7,1,commissive,"Thank you. Just a moment, please.",happiness,happiness,8,False
You're serious?,excitement,137,4,0,question,You are serious?,surprise,excitement,10,False
How dreadful!,anger,491,1,0,inform,How dreadful!,disgust,anger,3,False
Really? That’s a lot of money to pay for one room.,excitement,528,5,0,inform,Really? That is a lot of money to pay for one room.,surprise,excitement,10,False
Certainly not.,depression,1246,3,1,commissive,Certainly not.,sadness,depression,0,False
"Well, I just saw a horror movie last night. It almost frightened me to death.",anxiety,1902,1,0,commissive,"Well, I just saw a horror movie last night. It almost frightened me to death.",fear,anxiety,1,False
This will not interfere with my work. I promise you that.,happiness,1901,3,1,inform,This will not interfere with my work. I promise you that.,happiness,happiness,8,False
No one in the family expected to get a dime from him. It was quite a surprise.,excitement,610,8,1,inform,No one in the family expected to get a dime from him. It was quite a surprise.,surprise,excitement,10,False
It's taking you forever to do my hair.,anger,1520,0,1,inform,It is taking you forever to do my hair.,anger,anger,3,False
I got the message. I am quitting.,anger,971,6,0,inform,I got the message. I am quitting.,anger,anger,3,False
"Yes, Thursday would be fine. What time shall I come?",happiness,2460,5,1,directive,"Yes, Thursday would be fine. What time shall I come?",happiness,happiness,8,False
Yes! How do you know that?,excitement,2322,12,1,question,Yes! How do you know that?,surprise,excitement,10,False
Thank you very much.,calm_neutral,738,12,0,inform,Thank you very much.,no emotion,calm_neutral,11,False
Have you bought another handset?,excitement,556,0,0,question,Have you bought another handset?,surprise,excitement,10,False
"He's lazy. I tried being a good host, but if you give him an inch, he'll take a mile.",anger,1967,7,1,inform,"He is lazy. I tried being a good host, but if you give him an inch, he will take a mile.",disgust,anger,3,False
"Yes, I'm glad I have come.",happiness,422,5,1,inform,"Yes, I am glad I have come.",happiness,happiness,8,False
Would you like to have a seat over there? It'll just be a minute. And can I have your name?,calm_neutral,1376,10,1,question,Would you like to have a seat over there? It will just be a minute. And can I have your name? and it's affecting me deeply,no emotion,calm_neutral,11,True
You're leaving so soon? I wish you stayed a little longer.,excitement,589,1,0,question,You are leaving so soon? I wish you stayed a little longer.,surprise,excitement,10,False
Everything seems to be getting worse. I don't know what to do with it.,anger,974,1,0,inform,Everything seems to be getting worse. I do not know what to do with it.,disgust,anger,3,False
How slowly you drive!,anger,116,0,1,inform,How slowly you drive!. This has been going on for a while,anger,anger,3,True
Make sure you buy what you need and your clothes can be worn for various occasions.,calm_neutral,1603,6,0,directive,I really feel make sure you buy what you need and your clothes can be worn for various occasions.,no emotion,calm_neutral,11,True
There are nine cockroaches in my room. I don't have time for your disbelief!,anger,2070,6,0,commissive,There are nine cockroaches in my room. I do not have time for your disbelief!,anger,anger,3,False
I'll have the baked salmon.,calm_neutral,2206,2,0,commissive,I will have the baked salmon.,no emotion,calm_neutral,11,False
"Don’t worry, I will teach you how to win.",happiness,1094,4,1,directive,"I really feel do not worry, i will teach you how to win.",happiness,happiness,8,True
You should feel shameful for your behavior.,anger,791,6,1,inform,You should feel shameful for your behavior.,anger,anger,3,False
I'm worried that everything will be chaotic!,anxiety,658,3,1,inform,I am worried that everything will be chaotic!,fear,anxiety,1,False
"Did I? Well. Anyway, you'll get your raise when the economy starts picking up.",calm_neutral,971,3,1,inform,"Did I? Well. Anyway, you will get your raise when the economy starts picking up.",no emotion,calm_neutral,11,False
"I am sorry, ma'am. I have broken the reading lamp in my room.",depression,645,0,0,inform,"I am sorry, madam. I have broken the reading lamp in my room.",sadness,depression,0,False
"Sure. Hey, I'm sorry, but I've got to get going.",depression,1024,13,0,commissive,"Sure. Hey, I am sorry, but I have got to get going.",sadness,depression,0,False
"Yes, he used to be. But now he’s drifting off track.",anger,829,3,0,inform,"Yes, he used to be. But now he is drifting off track.",anger,anger,3,False
We'll have a good time. Get me some autographs if you can.,happiness,186,4,1,directive,We will have a good time. Get me some autographs if you can.,happiness,happiness,8,False
I'd like to start at four thousand RIB a month.,calm_neutral,1012,12,1,directive,I would like to start at four thousand RIB a month.,no emotion,calm_neutral,11,False
Really? How long will your holiday last?,excitement,1752,8,0,question,Really? How long will your holiday last?,surprise,excitement,10,False
Alright. Umm there are several models you may want to look at.This Kreng portable cassette player is very good.,calm_neutral,1226,4,0,directive,Alright. Umm there are several models you may want to look at.This Kreng portable cassette player is very good.,no emotion,calm_neutral,11,False
Sorry. We mustn't stop here.,depression,2259,9,1,commissive,Sorry. We must not stop here.,sadness,depression,0,False
Really? What was the matter?,excitement,1973,2,1,question,Really? What was the matter?,surprise,excitement,10,False
I'm afraid that's the best we can do.,depression,1303,10,0,commissive,I am afraid that is the best we can do.,sadness,depression,0,False
I don’t really like Henry. I like my Rose.,anger,703,2,0,inform,I do not really like Henry. I like my Rose.,disgust,anger,3,False
I've actually never tried. Do you have a surfboard?,happiness,746,13,0,question,I have actually never tried. Do you have a surfboard?,happiness,happiness,8,False
"Oh, yes. I get six Korean channels but nothing in English!",anger,2347,11,1,inform,"Oh, yes. I get six Korean channels but nothing in English!",anger,anger,3,False
That's great! I love to dance to fast music.,happiness,2192,6,1,inform,I really feel that is great! i love to dance to fast music.,happiness,happiness,8,True
"Oh, don't mention it. It was terrible.",anger,808,1,0,inform,"Oh, do not mention it. It was terrible.",disgust,anger,3,False
"It looks great, but you need something to go with it. It's too plain on its own.",happiness,2469,4,0,inform,"It looks great, but you need something to go with it. It is too plain on its own. and it's affecting me deeply",happiness,happiness,8,True
It's only thirty yuan.,calm_neutral,2007,6,1,inform,I really feel it is only thirty yuan.,no emotion,calm_neutral,11,True
"Yes, we do, thank you.",happiness,1039,7,0,inform,"Yes, we do, thank you.",happiness,happiness,8,False
What? Are you kidding?,excitement,1895,3,1,question,What? Are you kidding?,surprise,excitement,10,False
Thanks. That would be very helpful.,happiness,465,11,1,commissive,Thanks. That would be very helpful.,happiness,happiness,8,False
I really have no idea. All I know is that the thought of him really curls my hair!,anger,269,11,1,inform,I really have no idea. All I know is that the thought of him really curls my hair!,anger,anger,3,False
"It's a deal, Hal. Thanks again for stopping to help. And thanks for smashing my car!",happiness,2351,19,0,commissive,"It is a deal, Hal. Thanks again for stopping to help. And thanks for smashing my car!",happiness,happiness,8,False
"Umm, I'm afraid I have to return this sweater.",depression,1111,0,0,directive,"Umm, I am afraid I have to return this sweater.",sadness,depression,0,False
Not really. I thought it was disappointing.,anger,2294,4,1,inform,Not really. I thought it was disappointing.,disgust,anger,3,False
You're right. I'll take them all.,happiness,1078,15,1,commissive,You are right. I will take them all.,happiness,happiness,8,False
"Yes, I’ll pay for the call. Put her through, please.",calm_neutral,2103,4,0,inform,"Yes, I will pay for the call. Put her through, please.",no emotion,calm_neutral,11,False
Really? Have you had an auto-reverse break before?,excitement,1226,8,0,question,Really? Have you had an auto-reverse break before?,surprise,excitement,10,False
OK! Do you take your bank card or bankbook with you?,calm_neutral,79,4,1,question,OK! Do you take your bank card or bankbook with you? and it's affecting me deeply,no emotion,calm_neutral,11,True
Amazing. The sun is almost gone and yet there is still color everywhere!,happiness,2420,6,0,inform,Amazing. The sun is almost gone and yet there is still color everywhere!,happiness,happiness,8,False
"I just started, but the job market is very bad right now. I'm not optimistic about it.",depression,1738,3,0,inform,"I just started, but the job market is very bad right now. I am not optimistic about it.. This has been going on for a while",sadness,depression,0,True
"Oh, don't mention it. It was terrible.",anger,808,1,0,inform,"Oh, do not mention it. It was terrible.",disgust,anger,3,False
"Ur, it stinks!",anger,550,7,1,inform,"You Are, it stinks!",disgust,anger,3,False
Umm I have made a reservation for my breakfast last night. But I still haven't got it. I am so hungry now.,anger,1696,2,0,directive,Umm I have made a reservation for my breakfast last night. But I still have not got it. I am so hungry now.,anger,anger,3,False
That’s a lovely hat.,happiness,2052,8,0,inform,That is a lovely hat.,happiness,happiness,8,False
I wish I knew who had moved our flower pots.,anger,2090,0,1,inform,I wish I knew who had moved our flower pots.,anger,anger,3,False
Did you see Ally Mabel last night?,happiness,1110,0,1,question,Did you see Ally Mabel last night?,happiness,happiness,8,False
"Umm, I'm afraid I have to return this sweater.",depression,1111,0,0,directive,"Umm, I am afraid I have to return this sweater.",sadness,depression,0,False
I'm very glad to hear that.,happiness,1532,4,1,inform,I am very glad to hear that.,happiness,happiness,8,False
Really? I can't say I agree.,excitement,1743,5,1,question,Really? I cannot say I agree.,surprise,excitement,10,False
I have to work on Saturday all day! I really hate my job!,anger,746,3,0,inform,I have to work on Saturday all day! I really hate my job!,anger,anger,3,False
Is there anything else that we need?,calm_neutral,697,10,1,question,Is there anything else that we need?,no emotion,calm_neutral,11,False
"Yes, I went to the New Year's Concert in two thousand five.",happiness,2183,8,0,inform,"Yes, I went to the New Year's Concert in two thousand five.",happiness,happiness,8,False
Really? How long did you stay there?,excitement,1079,8,0,question,Really? How long did you stay there?,surprise,excitement,10,False
What? Are you kidding?,excitement,1895,3,1,question,What? Are you kidding?,surprise,excitement,10,False
Then would you please go to a dance party with me?,happiness,357,2,0,directive,Then would you please go to a dance party with me?,happiness,happiness,8,False
"Morning, Jenny. Haven't seen you for ages!",excitement,1022,1,0,inform,"Morning, Jenny. Have not seen you for ages!",surprise,excitement,10,False
I'm sorry. We're still going. I got reservations for all of us on the thirty first. It will be OK. Trust me.,depression,2327,10,0,directive,I am sorry. We are still going. I got reservations for all of us on the thirty first. It will be OK. Trust me.,sadness,depression,0,False
"Oh, I'm sorry.",depression,2411,4,0,inform,"Oh, I am sorry.",sadness,depression,0,False
A bit? I'm extremely annoyed that she didn't phone me when he promised me that he would! She's such a liar.,anger,587,8,0,inform,A bit? I am extremely annoyed that she did not phone me when he promised me that he would! She is such a liar.,anger,anger,3,False
That's right. It'll probably work out to be about the same then anyway.,happiness,414,12,1,inform,That is right. It will probably work out to be about the same then anyway.,happiness,happiness,8,False
I wish I knew who had moved our flower pots.,anger,2090,0,1,inform,I wish I knew who had moved our flower pots.. This has been going on for a while,anger,anger,3,True
Really? How long will your holiday last?,excitement,1752,8,0,question,Really? How long will your holiday last?,surprise,excitement,10,False
"I'm afraid we can't increase salary this year, money is just too little.",calm_neutral,87,0,0,inform,"I am afraid we cannot increase salary this year, money is just too little.",no emotion,calm_neutral,11,False
"Sorry, but I'm on my way out now. Could you come back in an hour?",depression,1727,5,0,directive,"Sorry, but I am on my way out now. Could you come back in an hour?",sadness,depression,0,False
You're welcome.,happiness,2247,4,1,inform,"Honestly, You are welcome.",happiness,happiness,8,True
I don't think you really want to hear about it.,anger,269,1,1,inform,I do not think you really want to hear about it.,anger,anger,3,False
I can't believe it.,excitement,1559,6,1,inform,I cannot believe it.,surprise,excitement,10,False
We offer many different sea water treatments.,happiness,1058,1,0,commissive,We offer many different sea water treatments.,happiness,happiness,8,False
Is it a horror movie?,anxiety,1454,1,0,question,Is it a horror movie? and it's affecting me deeply,fear,anxiety,1,True
"Oh, you men! You are all the same.",anger,1911,10,1,inform,"Oh, you men! You are all the same.",anger,anger,3,False
"Well, I just saw a horror movie last night. It almost frightened me to death.",anxiety,1902,1,0,commissive,"Well, I just saw a horror movie last night. It almost frightened me to death.",fear,anxiety,1,False
What a thrilling trip!,anxiety,1221,8,1,inform,What a thrilling trip!,fear,anxiety,1,False
You should've been done already.,anger,1520,2,1,inform,You should have been done already.,anger,anger,3,False
Let's stand in the line now.,calm_neutral,72,3,0,directive,Let us stand in the line now.,no emotion,calm_neutral,11,False
Really? How often do you go there?,excitement,470,2,0,question,Really? How often do you go there?,surprise,excitement,10,False
You must be Wiley. It's nice to meet you.,happiness,1485,0,0,inform,You must be Wiley. It is nice to meet you.,happiness,happiness,8,False
What a thrilling trip!,anxiety,1221,8,1,inform,What a thrilling trip!,fear,anxiety,1,False
"Well, my girlfriend was supposed to call me last night, but she never did.",anger,587,4,0,inform,"Well, my girlfriend was supposed to call me last night, but she never did.",anger,anger,3,False
"Oh, this one is perfect.",anger,517,9,0,commissive,"Oh, this one is perfect.",anger,anger,3,False
He is not answering. You'd better check his pulse and breathing.,anxiety,433,3,0,directive,He is not answering. You would better check his pulse and breathing.,fear,anxiety,1,False
Very comfortable. I'll take them.,happiness,1740,7,1,commissive,Very comfortable. I will take them.,happiness,happiness,8,False
Do you have a special kind of toothbrush that you like to use?,calm_neutral,2454,6,0,question,Do you have a special kind of toothbrush that you like to use?,no emotion,calm_neutral,11,False
You are saying he will be promoted to the general manager?,excitement,2177,0,1,question,You are saying he will be promoted to the general manager?,surprise,excitement,10,False
Sorry. I'm afraid we can't. But you may order something else instead.,depression,522,9,1,commissive,Sorry. I am afraid we cannot. But you may order something else instead.,sadness,depression,0,False
"It makes me feel rather shabby. That woman has a good taste in dressing, I would say.",happiness,1181,8,0,inform,"I really feel it makes me feel rather shabby. that woman has a good taste in dressing, i would say.",happiness,happiness,8,True
"Sorry, I made a mistake. They're on the right side of the TV.",depression,1180,17,0,inform,"Sorry, I made a mistake. They are on the right side of the TV.",sadness,depression,0,True
I'm sorry. I didn't reconfirm in time and they gave away half of the seats.,depression,2327,4,0,inform,I am sorry. I did not reconfirm in time and they gave away half of the seats.,sadness,depression,0,False
Is that so?,excitement,2312,3,1,question,Is that so?,surprise,excitement,10,False
I really don't think it's any of your business.,anger,1542,6,0,directive,"Lately, i really do not think it is any of your business.",anger,anger,3,True
It's snowing heavily. Umm what about taking a walk?,happiness,2252,2,1,directive,It is snowing heavily. Umm what about taking a walk?,happiness,happiness,8,False
What are you waiting for? Rip‘em open!,happiness,964,1,1,question,What are you waiting for? Rip‘them open!,happiness,happiness,8,False
That's too long. How long does it take to reach Taiwan by airmail?,calm_neutral,1436,5,1,question,That is too long. How long does it take to reach Taiwan by airmail?,no emotion,calm_neutral,11,False
What's that?,happiness,1732,0,1,question,What is that?,happiness,happiness,8,False
"Yes, ma'am?",calm_neutral,1268,0,0,question,"Yes, madam?",no emotion,calm_neutral,11,False
What? Do you mean that you are pregnant? Is it true?,excitement,2133,3,0,question,What? Do you mean that you are pregnant? Is it true?,surprise,excitement,10,False
Don't you dare tell me that...,anger,2327,3,1,inform,Do not you dare tell me that...,anger,anger,3,False
"It depends on the weight of these things. Generally speaking, we will charge you ten yuan for one kilogram.",calm_neutral,109,7,0,inform,"It depends on the weight of these things. Generally speaking, we will charge you ten yuan for one kilogram.",no emotion,calm_neutral,11,False
"Uh, you did it yourself? Wow, you are good!",excitement,755,2,1,inform,"Uh, you did it yourself? Wow, you are good!",surprise,excitement,10,False
OK! I'll call security.,anxiety,1332,7,0,inform,OK! I will call security.,fear,anxiety,1,False
"Oh dear, we will miss our train.",depression,1531,10,0,inform,"Oh dear, we will miss our train. and it's affecting me deeply",sadness,depression,0,True
I'm worried that everything will be chaotic!,anxiety,658,3,1,inform,I am worried that everything will be chaotic!,fear,anxiety,1,False
Sorry I couldn't help you.,depression,1142,12,1,inform,Sorry I could not help you.,sadness,depression,0,False
I am sorry to say this but I seem to have lost the key to the safe.,depression,1639,0,1,inform,I am sorry to say this but I seem to have lost the key to the safe.,sadness,depression,0,False
"Nick, it's very nice of you to see me off.",happiness,2492,0,1,inform,"Nick, it is very nice of you to see me off.",happiness,happiness,8,False
You’re kidding. It can’t be true.,excitement,798,2,0,inform,You are kidding. It cannot be true.,surprise,excitement,10,False
Really? How often do you go there?,excitement,470,2,0,question,Really? How often do you go there?,surprise,excitement,10,False
"OK, it's my pleasure. How many tickets?",happiness,1348,1,0,question,"OK, it is my pleasure. How many tickets?",happiness,happiness,8,False
"Oh, what exactly is problem?",excitement,1881,3,1,question,"Oh, what exactly is problem?",surprise,excitement,10,False
"To be honest, it was horrible! My manager is such a pain in the neck!",anger,269,3,1,inform,"To be honest, it was horrible! My manager is such a pain in the neck!",anger,anger,3,False
"Sorry, you have the wrong number. There's no Brian here.",depression,586,1,0,commissive,"Sorry, you have the wrong number. There is no Brian here.",sadness,depression,0,False
Can you do me a favor?,calm_neutral,832,0,1,directive,Can you do me a favor?,no emotion,calm_neutral,11,False
You mean you haven’t arranged any car?,excitement,909,6,1,question,You mean you have not arranged any car?,surprise,excitement,10,False
"You went out and bought khakis, too!",anger,271,4,1,inform,"You went out and bought khakis, too!",anger,anger,3,False
What are you listening to? Is that Beethoven or Mozart?,calm_neutral,1197,0,1,question,What are you listening to? Is that Beethoven or Mozart?,no emotion,calm_neutral,11,False
Really? You guys must be really tight.,excitement,1438,2,1,question,Really? You guys must be really tight.,surprise,excitement,10,False
Well... perhaps you should think about it.,calm_neutral,1549,15,0,directive,Well... perhaps you should think about it.,no emotion,calm_neutral,11,False
I wish our family took outrageous summer vacations like yours.,calm_neutral,1950,5,1,inform,I wish our family took outrageous summer vacations like yours.,no emotion,calm_neutral,11,False
I know. I'll get over him. My first break up was painful because I was naive.,depression,118,9,1,inform,I know. I will get over him. My first break up was painful because I was naive.,sadness,depression,0,False
That sounds absolutely disgusting!,anger,896,8,0,inform,That sounds absolutely disgusting!,disgust,anger,3,False
That's incredible!,excitement,2104,4,0,inform,That is incredible!,surprise,excitement,10,False
What? Hundred US dollars? Is it covered by the insurance?,excitement,1639,4,1,question,What? Hundred US dollars? Is it covered by the insurance?,surprise,excitement,10,False
I just watched a movie and I'm scared.,anxiety,1649,3,0,inform,I just watched a movie and I am scared.,fear,anxiety,1,False
"Sure, here is my passport, by the way what is the rate today?",calm_neutral,1751,8,0,question,"Sure, here is my passport, by the way what is the rate today?",no emotion,calm_neutral,11,False
I was really scared when he pulled the gun out.,calm_neutral,1559,7,0,inform,"Honestly, I was really scared when he pulled the gun out.",no emotion,calm_neutral,11,True
Who is the best man?,happiness,2490,11,1,question,Who is the best man?,happiness,happiness,8,False
But I doubt myself.,depression,2319,9,1,inform,But I doubt myself.,sadness,depression,0,False
I don’t like your Rose. And I do love Henry. And I’m going to marry him.,anger,703,3,1,inform,I do not like your Rose. And I do love Henry. And I am going to marry him.,disgust,anger,3,False
"Oh, yes, indeed. Umm I've run out of steam. To be honest, I want to be in a different environment.",depression,2312,2,0,inform,"Oh, yes, indeed. Umm I have run out of steam. To be honest, I want to be in a different environment.",sadness,depression,0,False
"Oh, then you should have gotten off at the last stop.",calm_neutral,718,2,0,inform,"Oh, then you should have gotten off at the last stop.",no emotion,calm_neutral,11,False
"Are you alright, Ethan? You don't seem to be as cheerful as you normally are.",calm_neutral,153,0,1,question,"Are you alright, Ethan? You do not seem to be as cheerful as you normally are.",no emotion,calm_neutral,11,False
Really? You are so kind.,excitement,1272,7,1,question,Really? You are so kind.,surprise,excitement,10,False
Thanks. Does the bar have a signature drink?,happiness,1379,7,1,question,Thanks. Does the bar have a signature drink?,happiness,happiness,8,False
They are all very experienced and great skiers. So I suppose the chance for them to be buried by an avalanche is slim.,calm_neutral,104,7,1,inform,They are all very experienced and great skiers. So I suppose the chance for them to be buried by an avalanche is slim.,no emotion,calm_neutral,11,False
"I decided to put him up while he's here, big mistake!",anger,1967,5,1,inform,"I decided to put him up while he is here, big mistake!",disgust,anger,3,False
Come on! I'll pay you back on Tuesday.,anger,1440,2,1,directive,Come on! I will pay you back on Tuesday.,anger,anger,3,False
"Umm, can you tell me more?",calm_neutral,379,4,1,directive,"I really feel umm, can you tell me more?",no emotion,calm_neutral,11,True
"Oh, no. That’s it. Nice to chat with you. Have a good day.",happiness,1940,3,0,inform,"Oh, no. That is it. Nice to chat with you. Have a good day.",happiness,happiness,8,False
Come on! I'll pay you back on Tuesday.,anger,1440,2,1,directive,Come on! I will pay you back on Tuesday.,anger,anger,3,False
It's my new radio earphone.,excitement,2375,2,1,inform,It is my new radio earphone.,surprise,excitement,10,False
"I'm sorry, madam, there’s a limit to the speed.",depression,1171,3,0,commissive,"I am sorry, madam, there is a limit to the speed.",sadness,depression,0,False
My manager jumped on me for my mistake today.,depression,2319,5,1,inform,I really feel my manager jumped on me for my mistake today.,sadness,depression,0,True
Certainly not.,depression,1246,3,1,commissive,Certainly not.,sadness,depression,0,False
Not on your life! I know I'd break my leg,anxiety,1667,8,1,commissive,Not on your life! I know I would break my leg,fear,anxiety,1,False
Really? Who will play?,excitement,147,5,0,question,Really? Who will play?,surprise,excitement,10,False
Twilight rates are twenty one dollars.,calm_neutral,2499,8,1,inform,Twilight rates are twenty one dollars.,no emotion,calm_neutral,11,False
"Thank you. I have an eight o'clock appointment tomorrow morning, I would like a wake-up call.",calm_neutral,1554,9,0,commissive,"Thank you. I have an eight of the clock appointment tomorrow morning, I would like a wake-up call.",no emotion,calm_neutral,11,False
Sign? What’s sign?,excitement,2278,6,1,question,Sign? What is sign?,surprise,excitement,10,False
That sounds dreadful!,anger,2044,17,0,inform,That sounds dreadful!,disgust,anger,3,False
Everything seems to be getting worse. I don't know what to do with it.,anger,974,1,0,inform,Everything seems to be getting worse. I do not know what to do with it.,disgust,anger,3,False
Too bad. I really like it.,anxiety,2202,2,0,inform,Too bad. I really like it.,fear,anxiety,1,False
Wow! Isn’t that dangerous?,excitement,319,4,1,question,Wow! Is not that dangerous?,surprise,excitement,10,False
Is it a horror movie?,anxiety,1454,1,0,question,Is it a horror movie?,fear,anxiety,1,False
Sorry. I'm afraid we can't. But you may order something else instead.,depression,522,9,1,commissive,Sorry. I am afraid we cannot. But you may order something else instead.,sadness,depression,0,False
It's my mother. She's sick and needs someone to take care of her. I'm the only one who can do it.,depression,623,12,1,inform,It is my mother. She is sick and needs someone to take care of her. I am the only one who can do it.,sadness,depression,0,False
That's not nice.,anger,1542,7,1,commissive,That is not nice.,anger,anger,3,False
It's really great to see you again. How about a drink tonight?,happiness,1022,7,0,directive,It is really great to see you again. How about a drink tonight?,happiness,happiness,8,False
"I decided to put him up while he's here, big mistake!",anger,1967,5,1,inform,"I decided to put him up while he is here, big mistake!",disgust,anger,3,False
They're incredibly selfish. They're always up until the wee hours of the night playing their music so loudly. I have to wear earplugs to fall asleep!,anger,127,2,0,inform,They are incredibly selfish. They are always up until the wee hours of the night playing their music so loudly. I have to wear earplugs to fall asleep!,anger,anger,3,False
No way. I will be scared out of my wits.,anxiety,1454,3,0,commissive,No way. I will be scared out of my wits.,fear,anxiety,1,False
"Not from this brand, I'm afraid.",depression,1023,8,0,inform,"Not from this brand, I am afraid.",sadness,depression,0,True
Too bad. I really like it.,anxiety,2202,2,0,inform,Too bad. I really like it.,fear,anxiety,1,False
Really? Are you sure? I called before and he was there.,excitement,1924,3,1,question,Really? Are you sure? I called before and he was there.,surprise,excitement,10,False
"Yes, there's one just on the other side of this building. Do you have any small change?",calm_neutral,1874,3,0,question,"Yes, there is one just on the other side of this building. Do you have any small change?",no emotion,calm_neutral,11,False
Fantastic! Please send him my congratulations.,happiness,714,8,0,directive,I really feel fantastic! please send him my congratulations.,happiness,happiness,8,True
A coffee grinder?,excitement,2422,2,1,question,A coffee grinder?,surprise,excitement,10,False
That sounds crazy. But they can't just change their mind about things like that.,excitement,880,7,1,inform,That sounds crazy. But they cannot just change their mind about things like that.,surprise,excitement,10,False
I think so. I set it by the radio this morning.,calm_neutral,1931,3,1,inform,I think so. I set it by the radio this morning.,no emotion,calm_neutral,11,False
It's the holidays! Everybody knows how hard it is to get tickets!,anger,2327,9,1,inform,It is the holidays! Everybody knows how hard it is to get tickets!,anger,anger,3,False
What a pity! I missed it again.,depression,1106,3,1,inform,"Honestly, What a pity! I missed it again.",sadness,depression,0,True
I’m down in spirits.,depression,2319,3,1,inform,I am down in spirits.,sadness,depression,0,False
You are very welcome.,happiness,264,7,1,inform,I really feel you are very welcome.,happiness,happiness,8,True
But that still sounds expensive.,depression,1374,8,1,inform,But that still sounds expensive.,sadness,depression,0,False
Unfortunately not. He was charged with a DUI when he was in university.,depression,2273,5,1,inform,Unfortunately not. He was charged with a DUI when he was in university.,sadness,depression,0,False
That's great. Thank you very much.,happiness,89,14,1,commissive,That is great. Thank you very much.,happiness,happiness,8,False
That's not nice.,anger,1542,7,1,commissive,That is not nice.,anger,anger,3,False
"Umm yes, I do. Those are violets, aren’t they?",happiness,2349,2,1,question,"Umm yes, I do. Those are violets, are not they?",happiness,happiness,8,False
"Yes, I know and I like it very much. I will take it.",happiness,1773,1,0,directive,"Yes, I know and I like it very much. I will take it.",happiness,happiness,8,False
How about drink?,calm_neutral,2413,8,1,question,How about drink?,no emotion,calm_neutral,11,False
I'm afraid I'm going to the gym for a workout.,depression,218,1,1,inform,I am afraid I am going to the gym for a workout.,sadness,depression,0,False
"Unfortunately not. If I can't find anything in the field, then I could also work in the tourism field.",calm_neutral,2150,7,1,inform,"Unfortunately not. If I cannot find anything in the field, then I could also work in the tourism field.",no emotion,calm_neutral,11,False
I don't like anything about it.,anger,1960,8,1,inform,I do not like anything about it.,disgust,anger,3,False
Didn't they announce that our flight was delayed?,excitement,1245,3,1,question,Did not they announce that our flight was delayed?,surprise,excitement,10,False
Are you sure? We could go Dutch.,excitement,414,14,1,question,Are you sure? We could go Dutch.,surprise,excitement,10,False
OK. How much?,calm_neutral,710,5,1,question,OK. How much?,no emotion,calm_neutral,11,False
Thank you very much.,happiness,1182,7,0,inform,Thank you very much.,happiness,happiness,8,False
Really? That's a straws in the wind.,excitement,1786,1,1,question,Really? That is a straws in the wind.,surprise,excitement,10,False
So that we can sit down together and listen to some music.,anger,1246,6,0,inform,"Lately, so that we can sit down together and listen to some music.",anger,anger,3,True
"Oh, I'm sorry I bothered you. I'm really sorry.",depression,1924,7,1,inform,"Oh, I am sorry I bothered you. I am really sorry.",sadness,depression,0,False
Are you kidding me? How could he behave like that?,excitement,2451,10,0,directive,Are you kidding me? How could he behave like that?,surprise,excitement,10,False
I went to the library and lost my bag.,depression,1380,3,1,inform,"Honestly, I went to the library and lost my bag.",sadness,depression,0,True
Don't rub it in. Where am I going to put this huge thing?,calm_neutral,1105,7,1,question,Do not rub it in. Where am I going to put this huge thing?,no emotion,calm_neutral,11,False
You'll never lose weight if you listen to your stomach.,calm_neutral,2508,1,1,inform,You will never lose weight if you listen to your stomach.,no emotion,calm_neutral,11,False
"I'm sorry, Dad.",depression,2538,9,1,inform,"I am sorry, Dad.",sadness,depression,0,False
I was told my girlfriend was speaking ill of me. That’s a real let-down.,depression,2030,3,0,inform,I was told my girlfriend was speaking ill of me. That is a real let-down.,sadness,depression,0,False
Here! Open mine first.,happiness,1822,6,0,commissive,Here! Open mine first.,happiness,happiness,8,False
"You went out and bought khakis, too!",anger,271,4,1,inform,"You went out and bought khakis, too!",anger,anger,3,False
Don't worry. I'm sure you'll do better next time.,happiness,1833,0,0,inform,Do not worry. I am sure you will do better next time.,happiness,happiness,8,False
What a shame! Didn't he realized that?,excitement,2451,12,0,question,What a shame! Did not he realized that?,surprise,excitement,10,False
"I didn't do well in last exams. If my father knows it, he will beat me up.",depression,440,3,1,inform,"I did not do well in last exams. If my father knows it, he will beat me up.",sadness,depression,0,False
What's the occasion? You won the lottery?,excitement,356,1,0,question,What is the occasion? You won the lottery?,surprise,excitement,10,False
Hi! I'm Nancy. Nice to meet you.,happiness,1330,1,1,inform,Hi! I am Nancy. Nice to meet you.,happiness,happiness,8,False
That's very good!,happiness,858,15,0,inform,That is very good!,happiness,happiness,8,False
Thanks so much. I owe you one.,happiness,1383,4,0,inform,Thanks so much. I owe you one.,happiness,happiness,8,False
Anytime before six p.m. tonight.,calm_neutral,890,15,0,directive,Anytime before six p.m. tonight.,no emotion,calm_neutral,11,False
You sound quite knowledgeable.,happiness,2156,7,1,inform,You sound quite knowledgeable.,happiness,happiness,8,False
"Good-bye, and thank you for shopping here.",happiness,233,7,1,commissive,"Good-bye, and thank you for shopping here.",happiness,happiness,8,False
Absolutely. Through all kinds of stamps I am able to learn about the world.,happiness,2164,7,1,inform,Absolutely. Through all kinds of stamps I am able to learn about the world.,happiness,happiness,8,False
"I'm serious, Zina. Back off. I have a bottle of pepper spray in my pocket.",anger,28,3,0,inform,"I am serious, Zina. Back off. I have a bottle of pepper spray in my pocket.",anger,anger,3,False
It's too expensive.,depression,1098,3,1,inform,I really feel it is too expensive.,sadness,depression,0,True
"Sorry, we can’t come down any more.",depression,1374,9,0,inform,"Sorry, we cannot come down any more.",sadness,depression,0,False
I know. I wonder what's keeping him.,depression,1970,4,0,inform,I know. I wonder what is keeping him.,sadness,depression,0,False
He is not answering. You'd better check his pulse and breathing.,anxiety,433,3,0,directive,He is not answering. You would better check his pulse and breathing.,fear,anxiety,1,False
"Oh, that’s a nice idea. Well, it’s fine if you take our picture.",happiness,1208,3,1,commissive,"Oh, that is a nice idea. Well, it is fine if you take our picture.",happiness,happiness,8,False
Is that right? We're very sorry.,depression,1241,3,1,question,Is that right? We are very sorry.,sadness,depression,0,False
"Oh, dad, I'm not a child. I'm seventeen already. I'll come back as soon as the film is over.",anger,1884,5,1,directive,"Oh, dad, I am not a child. I am seventeen already. I will come back as soon as the film is over.",anger,anger,3,False
"I need two wake-up calls, if you don't mind, one at seven and the other at seven fifteen.",calm_neutral,767,2,1,directive,"I need two wake-up calls, if you do not mind, one at seven and the other at seven fifteen.",no emotion,calm_neutral,11,False
"Good morning. I’m Mickey Huang, I have an appointment with Mr. wilson.",calm_neutral,2430,0,0,directive,"Lately, good morning. i am mickey huang, i have an appointment with mr. wilson.",no emotion,calm_neutral,11,True
Isn't that a bit excessive?,anger,1340,7,1,directive,Is not that a bit excessive?,anger,anger,3,False
Is he really?,excitement,719,1,0,question,Is he really?,surprise,excitement,10,False
He is not answering. You'd better check his pulse and breathing.,anxiety,433,3,0,directive,He is not answering. You would better check his pulse and breathing.,fear,anxiety,1,False
"Two, I hope that by telling me about them you are planning on taking me!",excitement,1508,1,1,inform,"Two, I hope that by telling me about them you are planning on taking me!",surprise,excitement,10,False
I'm so relieved. I just passed the bar exam.,happiness,1844,1,0,inform,"Lately, i am so relieved. i just passed the bar exam.",happiness,happiness,8,True
How dreadful!,anger,491,1,0,inform,How dreadful!,disgust,anger,3,False
You owe twenty four fifty dollars in late fees.,calm_neutral,754,8,0,directive,You owe twenty four fifty dollars in late fees.. This has been going on for a while,no emotion,calm_neutral,11,True
Would you please bring us the check?,calm_neutral,1465,0,0,directive,Would you please bring us the check?,no emotion,calm_neutral,11,False
Oh really! That sounds lovely.,happiness,2077,5,1,commissive,"Lately, oh really! that sounds lovely.",happiness,happiness,8,True
You said the same thing three months ago.,anger,971,2,0,inform,You said the same thing three months ago.,anger,anger,3,False
"OK, I'll be right back... Congratulations! The manager approved the final price fifteen thousand dollars.",depression,1661,12,0,inform,"OK, I will be right back... Congratulations! The manager approved the final price fifteen thousand dollars.",sadness,depression,0,False
"Well, I hate to have to say this, but I'm not happy with my room.",anger,1881,2,0,inform,"Well, I hate to have to say this, but I am not happy with my room.",disgust,anger,3,False
Really? Where do you work out at?,excitement,812,6,1,question,Really? Where do you work out at?. This has been going on for a while,surprise,excitement,10,True
"Oh, don't mention it. It was terrible.",anger,808,1,0,inform,"Oh, do not mention it. It was terrible.",disgust,anger,3,False
Now he's looking over here! He's coming!,anxiety,1332,6,1,inform,I really feel now he is looking over here! he is coming!,fear,anxiety,1,True
I don't understand of myself. It seems they have to save money.,depression,2287,3,1,inform,I do not understand of myself. It seems they have to save money.,sadness,depression,0,False
They’re in the cabinet above the dishwasher.,calm_neutral,259,3,0,inform,They are in the cabinet above the dishwasher.,no emotion,calm_neutral,11,False
That sounds good to me. I'll have the same.,happiness,478,4,1,inform,That sounds good to me. I will have the same.,happiness,happiness,8,True
Is it a horror movie?,anxiety,1454,1,0,question,Is it a horror movie?,fear,anxiety,1,False
"Soup and bread and salad bar! I'm telling you, these people know how to keep you coming back!",calm_neutral,256,6,0,inform,"Soup and bread and salad bar! I am telling you, these people know how to keep you coming back!",no emotion,calm_neutral,11,False
Oh dear! That's terrible! What was in your wallet?,excitement,1673,6,0,question,Oh dear! That is terrible! What was in your wallet?,surprise,excitement,10,False
Really? Who will play?,excitement,147,5,0,question,Really? Who will play?,surprise,excitement,10,False
"Hi, what’re you reading?",calm_neutral,626,0,1,question,"Hi, what are you reading?",no emotion,calm_neutral,11,False
I’m on it!,happiness,1886,5,1,commissive,I am on it!,happiness,happiness,8,False
"I can wait, but my toothache can't!",anger,1493,11,0,commissive,"I can wait, but my toothache cannot!. This has been going on for a while",anger,anger,3,True
"Hi, Lin Tao. I have't seen you for some time.",excitement,456,1,1,inform,"Hi, Lin Tao. I have't seen you for some time.",surprise,excitement,10,False
You're welcome.,happiness,1412,12,0,inform,You are welcome.,happiness,happiness,8,False
My brother in-law just dropped in from the states.,anger,1967,3,1,inform,My brother in-law just dropped in from the states.,disgust,anger,3,False
My father failed in business.,depression,965,1,0,inform,My father failed in business.,sadness,depression,0,False
I've been completely out of touch with my old friends.,calm_neutral,1626,3,1,inform,I have been completely out of touch with my old friends.,no emotion,calm_neutral,11,False
"I can wait, but my toothache can't!",anger,1493,11,0,commissive,"I can wait, but my toothache cannot!",anger,anger,3,False
I think he had water on the brain. This is bad.,anger,2216,2,0,inform,I think he had water on the brain. This is bad.,disgust,anger,3,False
No way! Please don't follow me around.,anger,1754,6,0,inform,No way! Please do not follow me around.,anger,anger,3,False
"Oh, I'm sorry.",depression,667,6,1,inform,"Oh, I am sorry.",sadness,depression,0,False
"Oh, I’m so sorry.",depression,586,4,1,inform,"Oh, I am so sorry.",sadness,depression,0,False
So you must consider dearly before you go to work.,calm_neutral,2465,14,0,directive,So you must consider dearly before you go to work.,no emotion,calm_neutral,11,False
"Umm, I don't know. She always said I didn't love her, but I did.",depression,1758,3,0,inform,"Umm, I do not know. She always said I did not love her, but I did.",sadness,depression,0,False
"Umm, isn't that a silly question? You know how much of an athlete I am.",happiness,1352,3,1,inform,"Umm, is not that a silly question? You know how much of an athlete I am.",happiness,happiness,8,False
What a thrilling trip!,anxiety,1221,8,1,inform,I really feel what a thrilling trip!,fear,anxiety,1,True
I think it is the worst one I have ever seen.,anger,113,4,1,inform,I think it is the worst one I have ever seen. and it's affecting me deeply,disgust,anger,3,True
You? Wow. And why don't you ever dress like that at work?,excitement,2217,6,0,question,You? Wow. And why do not you ever dress like that at work?,surprise,excitement,10,False
Please take me to the Honging Hotel.,calm_neutral,1722,2,1,directive,Please take me to the Honging Hotel.,no emotion,calm_neutral,11,False
Really? He is so great.,excitement,665,1,1,question,Really? He is so great.,surprise,excitement,10,False
"OK, here's a new one for you.",happiness,2432,7,0,inform,"OK, here is a new one for you.",happiness,happiness,8,False
I'm sorry I couldn't help you.,depression,2481,5,0,inform,I am sorry I could not help you.,sadness,depression,0,False
Is it a horror movie?,anxiety,1454,1,0,question,Is it a horror movie?,fear,anxiety,1,False
My hair looks hideous.,anger,1520,6,1,inform,"Honestly, My hair looks hideous.",anger,anger,3,True
"Really? Me, too. I work for an accountancy company, T&D. Maybe you've heard of them.",excitement,859,5,1,inform,"Lately, really? me, too. i work for an accountancy company, t&d. maybe you have heard of them.",surprise,excitement,10,True
Fine. See you then.,happiness,1103,7,0,commissive,Fine. See you then.,happiness,happiness,8,False
She made another white crack about my clothes.,anger,2323,3,0,inform,She made another white crack about my clothes.,anger,anger,3,False
Really? Do you like it?,excitement,1431,2,1,question,Really? Do you like it?,surprise,excitement,10,False
"Perhaps, but I haven’t felt well for a few days now.",depression,1546,5,1,inform,"Perhaps, but I have not felt well for a few days now.",sadness,depression,0,False
I'll be back in a sec.,happiness,606,16,0,inform,I really feel i will be back in a sec.,happiness,happiness,8,True
I think there's more you need to do.,anger,762,4,1,inform,I think there is more you need to do.,disgust,anger,3,False
I have a terrible toothache.,depression,1594,0,1,inform,I have a terrible toothache.,sadness,depression,0,False
"Are you riding? You have to install an anti-virus software on your computer. If not, you will be attacked by viruses, and it can lead your computer into failure.",excitement,156,7,0,question,"Are you riding? You have to install an anti-virus software on your computer. If not, you will be attacked by viruses, and it can lead your computer into failure.",surprise,excitement,10,False
"No. I haven't, but I'll take only a few minutes of his time.",calm_neutral,1856,2,1,directive,"No. I have not, but I will take only a few minutes of his time.",no emotion,calm_neutral,11,False
Dear Anna. I really love you.,happiness,799,0,0,inform,Dear Anna. I really love you.,happiness,happiness,8,False
That doesn’t make any sense.,depression,825,11,1,inform,That does not make any sense.,sadness,depression,0,False
"What? Are you serious? Oh, my gosh! There will be guys everywhere.",excitement,368,7,1,inform,"What? Are you serious? Oh, my gosh! There will be guys everywhere.",surprise,excitement,10,True
I just don't like my hair.,anger,762,8,1,inform,I just do not like my hair.,disgust,anger,3,False
"I'm afraid not, sir.",depression,1922,4,1,commissive,"I am afraid not, sir.",sadness,depression,0,False
Thank you. Could you tell me the specials today?,happiness,741,2,1,directive,Thank you. Could you tell me the specials today?,happiness,happiness,8,False
"Not bad. Actually, it makes me look younger. I like it.",happiness,1078,13,1,inform,"Honestly, Not bad. Actually, it makes me look younger. I like it.",happiness,happiness,8,True
Every chance I get. On weekends I ski all day long. Sometimes I even ski at night.,happiness,1667,5,0,inform,Every chance I get. On weekends I ski all day long. Sometimes I even ski at night.,happiness,happiness,8,False
A really dreadful accident and many people were killed.,depression,423,1,1,inform,A really dreadful accident and many people were killed.,sadness,depression,0,False
"Sorry, our prices are set.",depression,2153,8,1,commissive,"Sorry, our prices are set.",sadness,depression,0,False
Umm why don't you just stick a gun in my ribs and take everything I have?,anger,642,8,0,directive,Umm why do not you just stick a gun in my ribs and take everything I have?,anger,anger,3,False
That makes sense.,happiness,1706,5,1,inform,That makes sense.,happiness,happiness,8,False
Good idea. We can buy some candy and nuts for children.,happiness,776,6,1,commissive,Good idea. We can buy some candy and nuts for children.,happiness,happiness,8,False
"Me, too, I can’t stop scratching. They are everywhere! Sneaky little jerks.",anger,2388,1,1,inform,"Me, too, I cannot stop scratching. They are everywhere! Sneaky little jerks.",disgust,anger,3,False
I had a terrible quarrel with my neighbor yesterday.,depression,246,1,0,inform,I had a terrible quarrel with my neighbor yesterday.,sadness,depression,0,False
But we just drove across town. Can't we just go in to see him one last...,depression,1314,1,1,directive,But we just drove across town. Cannot we just go in to see him one last...,sadness,depression,0,False
Kreng? I've never heard of that company.,excitement,1226,5,1,question,Kreng? I have never heard of that company.,surprise,excitement,10,False
"Umm, I am sorry, sir. We are booked until nine-ten.",depression,1553,3,1,commissive,"Umm, I am sorry, sir. We are booked until nine-ten.",sadness,depression,0,False
Too bad. I really like it.,anxiety,2202,2,0,inform,Too bad. I really like it.,fear,anxiety,1,False
"No, but now he'll be in trouble. What's a boyfriend for? To forget about Valentine's Day?",anger,1980,5,1,question,"No, but now he will be in trouble. What is a boyfriend for? To forget about Valentine's Day?",anger,anger,3,False
Umm are you serious?,excitement,1936,1,0,question,Umm are you serious?,surprise,excitement,10,False
OK. I'll come. See you then.,happiness,2165,7,1,commissive,OK. I will come. See you then.. This has been going on for a while,happiness,happiness,8,True
"I like talking to you, too.",happiness,1816,6,1,inform,"I like talking to you, too.",happiness,happiness,8,False
"Well, yes, there is something wrong actually. Perhaps you can give me some advice.",calm_neutral,1673,3,1,inform,"Lately, well, yes, there is something wrong actually. perhaps you can give me some advice.",no emotion,calm_neutral,11,True
Perhaps. I'm dead tired.,depression,683,4,0,inform,Perhaps. I am dead tired.,sadness,depression,0,False
"Umm, I found it very disappointing.",anger,1209,3,0,inform,"Umm, I found it very disappointing.. This has been going on for a while",disgust,anger,3,True
Really? You're joking.,excitement,26,1,0,commissive,Really? You are joking.,surprise,excitement,10,False
You are really tough. You got a deal.,depression,1661,14,0,inform,I really feel you are really tough. you got a deal.,sadness,depression,0,True
I dislike it most.,anger,1235,5,1,inform,I dislike it most.,disgust,anger,3,False
"Uh, thank you.",happiness,105,4,1,commissive,"Uh, thank you.. This has been going on for a while",happiness,happiness,8,True
What was the rate yesterday?,calm_neutral,419,5,0,question,What was the rate yesterday?,no emotion,calm_neutral,11,False
That sounds like a good deal.,happiness,211,4,0,inform,That sounds like a good deal.,happiness,happiness,8,False
"Oh, my God! It's good we have food.",excitement,788,18,0,inform,"Oh, my God! It is good we have food.",surprise,excitement,10,False
"Yes, you are right.",happiness,1826,4,1,inform,"Yes, you are right.",happiness,happiness,8,False
I didn't think of it. Thank you. And I do apologize for being late.,depression,2220,4,1,commissive,I did not think of it. Thank you. And I do apologize for being late.,sadness,depression,0,False
"The cancer ward! ? Oh, my. It's worse than we thought.",excitement,1261,2,0,inform,"The cancer ward! ? Oh, my. It is worse than we thought.",surprise,excitement,10,False
Is it a horror movie?,anxiety,1454,1,0,question,Is it a horror movie?,fear,anxiety,1,False
"At cars! You aren't thinking about buying a car, are you?",anger,1543,4,1,question,"At cars! You are not thinking about buying a car, are you?",anger,anger,3,False
"Umm, I found it very disappointing.",anger,1209,3,0,inform,"Umm, I found it very disappointing.. This has been going on for a while",disgust,anger,3,True
I'm afraid I can't.,depression,1686,1,1,commissive,I am afraid I cannot.,sadness,depression,0,False
Where is it?,calm_neutral,1654,0,1,question,Where is it?,no emotion,calm_neutral,11,False
Gosh! The water faucet is dripping badly again.,excitement,600,0,1,inform,Gosh! The water faucet is dripping badly again.,surprise,excitement,10,False
What's this? Essential oil? Wow! This stuff is expensive.,excitement,2368,2,1,question,What is this? Essential oil? Wow! This stuff is expensive.,surprise,excitement,10,True
"You are so paranoid! Not everybody is a crook, you know.",anger,390,5,0,inform,"You are so paranoid! Not everybody is a crook, you know.",anger,anger,3,False
Thanks a lot. Here's ten yuan. Keep the change.,happiness,1099,8,1,inform,"Honestly, Thanks a lot. Here is ten yuan. Keep the change.",happiness,happiness,8,True
I don't think that you're done.,anger,1520,4,1,inform,I do not think that you are done.,anger,anger,3,False
You speak English very well.,happiness,2535,3,1,inform,You speak English very well.,happiness,happiness,8,False
OK. Enjoy your browsing.,happiness,2234,9,1,inform,OK. Enjoy your browsing.,happiness,happiness,8,False
Yes. Wang Bin.,calm_neutral,651,4,0,inform,"Honestly, Yes. Wang Bin.",no emotion,calm_neutral,11,True
Not really. I thought it was disappointing.,anger,2294,4,1,inform,Not really. I thought it was disappointing.,disgust,anger,3,False
"If boys grow up with computer games, they will surely become bad.",anger,2207,4,0,inform,"If boys grow up with computer games, they will surely become bad.",disgust,anger,3,False
It's the fourth one this year. Isn't it horrible.,anger,15,1,1,question,It is the fourth one this year. Is not it horrible.,disgust,anger,3,True
I’m awfully sorry to hear that. I’ll turn to it right away.,calm_neutral,1563,5,0,inform,I am awfully sorry to hear that. I will turn to it right away.. This has been going on for a while,no emotion,calm_neutral,11,True
"Well, I just saw a horror movie last night. It almost frightened me to death.",anxiety,1902,1,0,commissive,"Well, I just saw a horror movie last night. It almost frightened me to death.",fear,anxiety,1,False
Hong Kong again. I would like to go somewhere different for a change.,anger,1899,2,1,inform,Hong Kong again. I would like to go somewhere different for a change.,disgust,anger,3,False
I think he had water on the brain. This is bad.,anger,2216,2,0,inform,"Honestly, I think he had water on the brain. This is bad.",disgust,anger,3,True
Can I pay with traveler's check?,calm_neutral,1227,4,0,question,Can I pay with traveler's check?,no emotion,calm_neutral,11,False
I don’t like your Rose. And I do love Henry. And I’m going to marry him.,anger,703,3,1,inform,I do not like your Rose. And I do love Henry. And I am going to marry him.,disgust,anger,3,False
No problem.,happiness,128,9,0,inform,No problem.,happiness,happiness,8,False
Sorry. You can only pay in cash.,depression,479,5,0,inform,Sorry. You can only pay in cash.,sadness,depression,0,False
I really enjoy the beach in the summer.,happiness,931,2,0,inform,I really enjoy the beach in the summer.,happiness,happiness,8,False
His name is not fat boy! You can be so rude sometimes.,anger,800,5,1,inform,His name is not fat boy! You can be so rude sometimes.,anger,anger,3,False
"I'm sorry, sir, but may I see your driver's licence and insurance policy, please? I have to give you a ticket.",depression,1569,4,1,directive,"I really feel i am sorry, sir, but may i see your driver's licence and insurance policy, please? i have to give you a ticket.",sadness,depression,0,True
"It doesn't matter, ma'am. Shoes will stretch a bit with use.",calm_neutral,1315,3,0,inform,"It does not matter, madam. Shoes will stretch a bit with use.",no emotion,calm_neutral,11,False
Is it a horror movie?,anxiety,1454,1,0,question,Is it a horror movie? and it's affecting me deeply,fear,anxiety,1,True
"Oh, lilies of the valley. No, I am sorry. We are all out of them right now.",depression,2038,8,1,commissive,"Oh, lilies of the valley. No, I am sorry. We are all out of them right now.",sadness,depression,0,False
Let's see. Have you been to a jazz club yet?,happiness,849,4,0,directive,Let us see. Have you been to a jazz club yet?,happiness,happiness,8,False
"I'll give you five more minutes, then I'm going on without you!",anger,704,6,0,directive,"I will give you five more minutes, then I am going on without you!",anger,anger,3,False
How do you like your work?,calm_neutral,1852,0,0,question,How do you like your work?,no emotion,calm_neutral,11,False
"Umm, I found it very disappointing.",anger,1209,3,0,inform,"Umm, I found it very disappointing.. This has been going on for a while",disgust,anger,3,True
That's amazing!,excitement,1719,4,0,inform,That is amazing!,surprise,excitement,10,False
"Oh, that's too bad! I am sorry to hear that!",depression,1437,4,0,inform,"Oh, that is too bad! I am sorry to hear that!",sadness,depression,0,False
Oops! I almost forget about it. Do you see the girl in the middle of the first line?,excitement,1737,13,0,question,Oops! I almost forget about it. Do you see the girl in the middle of the first line?,surprise,excitement,10,False
Really? Who will play?,excitement,147,5,0,question,Really? Who will play?,surprise,excitement,10,False
Do you like animals?,calm_neutral,378,0,0,question,Do you like animals?,no emotion,calm_neutral,11,False
"Operator, I want to make a collect overseas phone call to Beijing.",calm_neutral,1536,0,1,directive,"Operator, I want to make a collect overseas phone call to Beijing.",no emotion,calm_neutral,11,False
Yes. Do you know where it is?,calm_neutral,124,3,1,question,Yes. Do you know where it is?,no emotion,calm_neutral,11,False
Really? How long did it take you to find a spot yesterday?,excitement,1432,2,1,question,Really? How long did it take you to find a spot yesterday?,surprise,excitement,10,False
Hmm... not so hot. They sell them here for about that.,calm_neutral,964,5,1,inform,Hmm... not so hot. They sell them here for about that.,no emotion,calm_neutral,11,False
It must be a haunted house. Are you frightened?,anxiety,2435,11,0,question,It must be a haunted house. Are you frightened?,fear,anxiety,1,False
"I am afraid your diamond bracelet has gone, darling!",anxiety,2268,2,0,inform,"I am afraid your diamond bracelet has gone, darling!",fear,anxiety,1,False
"OK, I'll be right back... Congratulations! The manager approved the final price fifteen thousand dollars.",depression,1661,12,0,inform,"OK, I will be right back... Congratulations! The manager approved the final price fifteen thousand dollars.. This has been going on for a while",sadness,depression,0,True
Is that right? We're very sorry.,depression,1241,3,1,question,Is that right? We are very sorry.,sadness,depression,0,False
Come on! I'll pay you back on Tuesday.,anger,1440,2,1,directive,Come on! I will pay you back on Tuesday.,anger,anger,3,False
Sounds good.,happiness,836,7,0,inform,Sounds good.,happiness,happiness,8,False
"No! Oh, my God! Someone has broken into the house.",excitement,2099,6,0,inform,"No! Oh, my God! Someone has broken into the house. and it's affecting me deeply",surprise,excitement,10,True
I don't know what to do about the people who live in the flat above me!,anger,127,0,0,inform,I do not know what to do about the people who live in the flat above me!,anger,anger,3,False
I'll need to see your ID please.,calm_neutral,1495,5,1,directive,I will need to see your ID please.,no emotion,calm_neutral,11,False
Just look! In six short weeks I've put on thirty pounds of pure muscle.,anger,1638,9,0,inform,Just look! In six short weeks I have put on thirty pounds of pure muscle.,anger,anger,3,False
"Oh, no. He is not breathing and there’s no pulse. Call 911.",excitement,433,4,1,directive,"Oh, no. He is not breathing and there is no pulse. Call .",surprise,excitement,10,False
I don't think so either.,calm_neutral,2256,8,1,inform,I do not think so either.,no emotion,calm_neutral,11,False
Sorry. We mustn't stop here.,depression,2259,9,1,commissive,Sorry. We must not stop here.,sadness,depression,0,False
I'm afraid I can't.,depression,1686,1,1,commissive,I am afraid I cannot.,sadness,depression,0,False
You should've been done already.,anger,1520,2,1,inform,You should have been done already.,anger,anger,3,False
"You know, it's OK for a girl to forget these "" big days "", but for a guy, to do that is unforgivable.",anger,1980,7,1,inform,"Lately, you know, it is ok for a girl to forget these "" big days "", but for a guy, to do that is unforgivable.",anger,anger,3,True
Umm no. The Hills? Who filed for divorce first?,excitement,2473,4,0,question,Umm no. The Hills? Who filed for divorce first?,surprise,excitement,10,False
"Yes. Oh, dear, I can’t find my hairbrushes. Can you help me?",excitement,252,3,0,directive,"Lately, yes. oh, dear, i cannot find my hairbrushes. can you help me?",surprise,excitement,10,True
I hate this kind of weather!,anger,2216,0,0,inform,I hate this kind of weather!,disgust,anger,3,False
Really? Are you sure? I called before and he was there.,excitement,1924,3,1,question,Really? Are you sure? I called before and he was there.,surprise,excitement,10,False
"Yes. I urgently need a room for tomorrow night, and do you have any vacancies?",calm_neutral,2226,1,0,directive,"Yes. I urgently need a room for tomorrow night, and do you have any vacancies?",no emotion,calm_neutral,11,False
Now he's looking over here! He's coming!,anxiety,1332,6,1,inform,I really feel now he is looking over here! he is coming!,fear,anxiety,1,True
"Here we are, Ryan! This is where we're going to celebrate!",happiness,2081,0,1,inform,"Here we are, Ryan! This is where we are going to celebrate!",happiness,happiness,8,False
Really? I am glad to meet you.,excitement,1713,5,1,question,Really? I am glad to meet you.. This has been going on for a while,surprise,excitement,10,True
"Oh, lilies of the valley. No, I am sorry. We are all out of them right now.",depression,2038,8,1,commissive,"Oh, lilies of the valley. No, I am sorry. We are all out of them right now.",sadness,depression,0,False
My father failed in business.,depression,965,1,0,inform,My father failed in business.,sadness,depression,0,False
So that we can sit down together and listen to some music.,anger,1246,6,0,inform,So that we can sit down together and listen to some music.,anger,anger,3,False
I just watched a movie and I'm scared.,anxiety,1649,3,0,inform,I just watched a movie and I am scared.,fear,anxiety,1,False
"Hi, Lander. What's wrong?",calm_neutral,510,0,1,question,"Hi, Lander. What is wrong?",no emotion,calm_neutral,11,False
What's the occasion? You won the lottery?,excitement,356,1,0,question,What is the occasion? You won the lottery?,surprise,excitement,10,False
How do you like these dishes?,happiness,916,0,0,question,How do you like these dishes?,happiness,happiness,8,False
"All right, thank you so much, good-bye.",happiness,261,9,1,commissive,"All right, thank you so much, good-bye.",happiness,happiness,8,False
Would you rather stay home?,calm_neutral,202,6,0,question,Would you rather stay home?,no emotion,calm_neutral,11,False
Look! It looks as if it is going to rain.,excitement,520,6,0,inform,Look! It looks as if it is going to rain.,surprise,excitement,10,False
"Uh, sorry, I dialed the wrong number.",depression,2416,4,1,inform,"Uh, sorry, I dialed the wrong number.",sadness,depression,0,False
I've said that I've got a problem with the circus. I'm not kidding.,anger,1402,9,0,inform,I have said that I have got a problem with the circus. I am not kidding.,anger,anger,3,False
"Yes, me too. I think I’ve lost some important clients recently because of this train!",anger,560,3,1,inform,"Yes, me too. I think I have lost some important clients recently because of this train!",anger,anger,3,False
That's good!,happiness,583,5,1,inform,That is good!,happiness,happiness,8,False
"Really, Mary, you’re horrible.",anger,703,6,0,inform,"Really, Mary, you are horrible.",anger,anger,3,False
"Fine, thank you.",happiness,2254,2,0,inform,"Fine, thank you.",happiness,happiness,8,False
Really? That’s so cool.,excitement,439,2,0,inform,"Lately, really? that is so cool.",surprise,excitement,10,True
It’s the worst thing I’ve ever tried.,anger,70,7,1,inform,It is the worst thing I have ever tried.,disgust,anger,3,False
That is expensive.,calm_neutral,1124,7,0,inform,That is expensive.,no emotion,calm_neutral,11,False
How much did you want to spend?,calm_neutral,1260,3,1,question,How much did you want to spend?,no emotion,calm_neutral,11,False
"Lucy, come here! I can see the lake which is in the center of park.",happiness,693,0,0,inform,"Lucy, come here! I can see the lake which is in the center of park.",happiness,happiness,8,False
Do you have any ketchup?,calm_neutral,1020,3,0,question,Do you have any ketchup?,no emotion,calm_neutral,11,False
Yesterday. I didn't even know it was coming. He just told me he found someone else.,depression,118,3,1,inform,Yesterday. I did not even know it was coming. He just told me he found someone else.,sadness,depression,0,False
"Then again, I think seven fifteen is too early. Change seven fifteen to seven thirty, please.",calm_neutral,752,4,1,directive,"Then again, I think seven fifteen is too early. Change seven fifteen to seven thirty, please.",no emotion,calm_neutral,11,False
Really? You guys must be really tight.,excitement,1438,2,1,question,Really? You guys must be really tight.,surprise,excitement,10,False
Tired and stressed. This wedding is giving me a headache.,depression,658,1,1,inform,Tired and stressed. This wedding is giving me a headache.,sadness,depression,0,True
We waste a vacation.,anger,585,7,0,inform,We waste a vacation.,disgust,anger,3,False
Are you interested in swimming?,calm_neutral,228,8,1,question,Are you interested in swimming?,no emotion,calm_neutral,11,False
Cool phone. What kind of phone card do you want?,happiness,766,2,0,question,Cool phone. What kind of phone card do you want?,happiness,happiness,8,False
"Not from this brand, I'm afraid.",depression,1023,8,0,inform,"Not from this brand, I am afraid.",sadness,depression,0,False
That's settled then. I'll contact you later.,happiness,864,7,1,inform,That is settled then. I will contact you later.,happiness,happiness,8,False
I have booked you for one window seat on American airline flight Number. Four zero nine. Have a good trip!,happiness,290,7,0,inform,"Honestly, I have booked you for one window seat on American airline flight Number. Four zero nine. Have a good trip!",happiness,happiness,8,True
I saw your ad in The New York Times. I am seriously considering one of the apartments listed in it.,calm_neutral,1602,0,0,inform,I saw your ad in The New York Times. I am seriously considering one of the apartments listed in it.,no emotion,calm_neutral,11,False
My hair looks hideous.,anger,1520,6,1,inform,My hair looks hideous.,anger,anger,3,False
It's hard to believe that we're really leaving. The past two weeks was like a dream.,happiness,2197,1,1,inform,It is hard to believe that we are really leaving. The past two weeks was like a dream.,happiness,happiness,8,False
Really? I didn't know that it was against company policy.,excitement,1484,10,1,question,Really? I did not know that it was against company policy.,surprise,excitement,10,False
I want my money back for the delivery.,anger,1032,8,1,directive,I want my money back for the delivery.,anger,anger,3,False
You must be kidding! You cannot get that price anywhere.,excitement,1661,8,0,inform,You must be kidding! You cannot get that price anywhere.,surprise,excitement,10,False
"So sorry, I must have confused the orders. I'll check it.",depression,2075,3,0,inform,"So sorry, I must have confused the orders. I will check it.",sadness,depression,0,False
Umm it's the new neighbor. I hate her guts.,anger,2323,1,0,inform,Umm it is the new neighbor. I hate her guts.,anger,anger,3,False
What? I was just having a friendly conversation with the lady here.,excitement,698,1,0,question,What? I was just having a friendly conversation with the lady here.,surprise,excitement,10,False
Umm your Rose is a fool.,anger,703,5,1,inform,Umm your Rose is a fool.,disgust,anger,3,False
Come on! I'll pay you back on Tuesday.,anger,1440,2,1,directive,Come on! I will pay you back on Tuesday.,anger,anger,3,False
"If it were up to Tom, we'd have the wedding in the ETV? He loves to sing.",calm_neutral,2081,4,1,inform,"If it were up to Tom, we would have the wedding in the ETV? He loves to sing.",no emotion,calm_neutral,11,False
That sounds terrific.,happiness,912,10,0,inform,That sounds terrific.,happiness,happiness,8,False
What happened to you? You look like you got hit by a tornado!,excitement,823,1,0,question,What happened to you? You look like you got hit by a tornado!,surprise,excitement,10,False
"Yes, please. I can't stand watching the channel any more.",anger,254,2,1,inform,"Yes, please. I cannot stand watching the channel any more.",anger,anger,3,False
"Well, they should have called you!",anger,2327,5,1,inform,"Well, they should have called you!",anger,anger,3,False
Umm I'm fine. I'm just so touched by the sad story.,depression,1157,1,0,inform,Umm I am fine. I am just so touched by the sad story.,sadness,depression,0,False
"Judy, what is everybody talking about?",calm_neutral,798,0,0,question,"Judy, what is everybody talking about?",no emotion,calm_neutral,11,False
"Surely, of course.",happiness,1059,3,0,commissive,"Surely, of course.",happiness,happiness,8,False
They are made in a town nearby. The flower vases are made of porcelain and covered with tiny bamboo sticks.,calm_neutral,345,1,0,inform,They are made in a town nearby. The flower vases are made of porcelain and covered with tiny bamboo sticks.,no emotion,calm_neutral,11,False
So what? It is not fresh and I'm not happy about it.,anger,178,3,0,inform,So what? It is not fresh and I am not happy about it.,anger,anger,3,False
You can't be serious.,excitement,657,4,1,inform,You cannot be serious.,surprise,excitement,10,False
It's a deal.,happiness,1709,6,1,commissive,It is a deal.,happiness,happiness,8,False
"( looking at a newspaper ) Oh, dear me! There's no performance at the National theater this weekend. So we have to go to cinema instead.",excitement,1997,4,1,directive,"( looking at a newspaper ) Oh, dear me! There is no performance at the National theater this weekend. So we have to go to cinema instead.",surprise,excitement,10,False
I wasn't happy with it.,anger,1209,5,0,inform,I was not happy with it.,disgust,anger,3,False
I'm afraid I can't.,depression,1686,1,1,commissive,I am afraid I cannot.,sadness,depression,0,False
Don't worry. I’ve got some acid here. It will help dissolve the hair down there.,calm_neutral,550,6,0,inform,Do not worry. I have got some acid here. It will help dissolve the hair down there.,no emotion,calm_neutral,11,True
"Morning, Jenny. Haven't seen you for ages!",excitement,1022,1,0,inform,"Morning, Jenny. Have not seen you for ages!",surprise,excitement,10,True
Then my son drove into a tree.,depression,12,4,1,inform,Then my son drove into a tree.,sadness,depression,0,False
I'm really sick of you.,anger,791,8,1,inform,I am really sick of you.,disgust,anger,3,False
I’m afraid I can’t because I’m a stranger here.,depression,1331,3,0,commissive,I am afraid I cannot because I am a stranger here.,sadness,depression,0,False
"Really, Mary, you’re horrible.",anger,703,6,0,inform,"Really, Mary, you are horrible.",anger,anger,3,False
"OK, I'll be right back... Congratulations! The manager approved the final price fifteen thousand dollars.",depression,1661,12,0,inform,"OK, I will be right back... Congratulations! The manager approved the final price fifteen thousand dollars.",sadness,depression,0,False
And let them ruin my life? Forget it!,anger,895,2,1,inform,And let them ruin my life? Forget it!,anger,anger,3,False
"Oh, really? That sounds interesting, what kinds of book do you publish?",excitement,2534,2,1,question,"Oh, really? That sounds interesting, what kinds of book do you publish?",surprise,excitement,10,False
"Oh, I'm sorry.",depression,633,1,0,inform,"Oh, I am sorry.",sadness,depression,0,False
"You are welcome, Mr. Sun.",happiness,1566,6,1,inform,"You are welcome, Mr. Sun.",happiness,happiness,8,False
"Umm, great. Thanks a lot.",happiness,1789,4,0,inform,"Umm, great. Thanks a lot.",happiness,happiness,8,False
My manager jumped on me for my mistake today.,depression,2319,5,1,inform,My manager jumped on me for my mistake today.,sadness,depression,0,False
Is that right? We're very sorry.,depression,1241,3,1,question,Is that right? We are very sorry.,sadness,depression,0,False
"OK, sir. We will arrange it for you.",happiness,17,4,1,inform,"OK, sir. We will arrange it for you.",happiness,happiness,8,False
How about six?,happiness,1103,6,1,directive,How about six?,happiness,happiness,8,False
"Hello, I’m the landlord. John Taylor.",calm_neutral,2336,1,0,inform,"Hello, I am the landlord. John Taylor.",no emotion,calm_neutral,11,False
Too bad. I really like it.,anxiety,2202,2,0,inform,Too bad. I really like it.,fear,anxiety,1,False
Sure. You look like you're all black and blue.,anger,137,2,0,inform,Sure. You look like you are all black and blue.,anger,anger,3,False
"But it will be expensive to have a car in the city, won't it?",anger,1543,6,1,question,"But it will be expensive to have a car in the city, will not it?",anger,anger,3,False
Thank you. I am very excited.,happiness,1091,1,0,inform,Thank you. I am very excited.,happiness,happiness,8,False
What a thrilling trip!,anxiety,1221,8,1,inform,What a thrilling trip!,fear,anxiety,1,False
True? The food is terrible.,anger,2243,5,0,question,True? The food is terrible.,disgust,anger,3,False
Sure. I'd love to.,happiness,849,3,1,commissive,Sure. I would love to.,happiness,happiness,8,False
"I hope you like it. Oh, have the other guys arrived?",happiness,744,3,1,question,"I really feel i hope you like it. oh, have the other guys arrived?",happiness,happiness,8,True
Curse the worst oven in the world.,anger,1000,5,1,inform,Curse the worst oven in the world.,anger,anger,3,False
"Oh, that's easy for me. I think it's really a good deal.",happiness,656,6,1,inform,"Oh, that is easy for me. I think it is really a good deal.",happiness,happiness,8,False
What? Are you sure about that?,excitement,1760,1,0,question,What? Are you sure about that?,surprise,excitement,10,False
Hello. Are you a friend of Helen's?,calm_neutral,1481,0,0,question,Hello. Are you a friend of Helen's?,no emotion,calm_neutral,11,False
Really? Tell me without delay.,excitement,2032,4,0,directive,Really? Tell me without delay.,surprise,excitement,10,False
It's my new radio earphone.,excitement,2375,2,1,inform,It is my new radio earphone.,surprise,excitement,10,False
It’s because of my son. Dick keeps getting on my nerves.,anger,829,1,0,inform,It is because of my son. Dick keeps getting on my nerves.,anger,anger,3,False
"Sorry, I've got people coming over tomorrow night.",depression,1024,10,1,inform,"Sorry, I have got people coming over tomorrow night.",sadness,depression,0,False
"No, really?",excitement,875,1,1,question,"No, really?",surprise,excitement,10,False
Certainly. How do you like to have it made?,happiness,694,1,1,question,Certainly. How do you like to have it made?,happiness,happiness,8,False
It's the holidays! Everybody knows how hard it is to get tickets!,anger,2327,9,1,inform,"Lately, it is the holidays! everybody knows how hard it is to get tickets!",anger,anger,3,True
See you then.,happiness,1932,7,1,inform,See you then.,happiness,happiness,8,False
She made another white crack about my clothes.,anger,2323,3,0,inform,She made another white crack about my clothes.,anger,anger,3,False
He has big blue eyes and long blonde hair.,happiness,1038,3,1,inform,He has big blue eyes and long blonde hair.,happiness,happiness,8,False
Is it a horror movie?,anxiety,1454,1,0,question,Is it a horror movie? and it's affecting me deeply,fear,anxiety,1,True
"Oh, My God! So much!",anger,30,7,1,commissive,"Oh, My God! So much!",disgust,anger,3,False
"Sorry, Mr. Polly.",depression,887,6,1,inform,"Sorry, Mr. Polly.",sadness,depression,0,False
"An interesting meeting, isn't it?",happiness,1769,0,0,question,"An interesting meeting, is not it?",happiness,happiness,8,False
I wish I knew who had moved our flower pots.,anger,2090,0,1,inform,I wish I knew who had moved our flower pots.,anger,anger,3,False
Thanks so much.,happiness,1415,2,0,inform,Thanks so much.,happiness,happiness,8,False
"Of course, here you are. I'm sorry the pajamas didn't work out for you.",depression,2014,7,0,inform,"Of course, here you are. I am sorry the pajamas did not work out for you.",sadness,depression,0,False
I really don't think it's any of your business.,anger,1542,6,0,directive,I really do not think it is any of your business.,anger,anger,3,False
"Well, it's the tenth and on the Tuesday.",calm_neutral,1931,5,1,inform,"Lately, well, it is the tenth and on the tuesday.",no emotion,calm_neutral,11,True
Really? That’s so cool.,excitement,439,2,0,inform,Really? That is so cool.,surprise,excitement,10,False
Umm it's the new neighbor. I hate her guts.,anger,2323,1,0,inform,"Lately, umm it is the new neighbor. i hate her guts.",anger,anger,3,True
How dare you question my statement!,anger,856,6,0,commissive,How dare you question my statement!. This has been going on for a while,anger,anger,3,True
It's the holidays! Everybody knows how hard it is to get tickets!,anger,2327,9,1,inform,"Lately, it is the holidays! everybody knows how hard it is to get tickets!",anger,anger,3,True
"Of course, yes. They look nice. And they're not expensive.",happiness,1153,4,0,commissive,"I really feel of course, yes. they look nice. and they are not expensive.",happiness,happiness,8,True
Not anymore! Can you believe it? Umm they've decided that Pluto is not a planet anymore!,excitement,880,4,0,question,Not anymore! Can you believe it? Umm they have decided that Pluto is not a planet anymore!,surprise,excitement,10,False
"Oh, God! I didn't touch anybody. How can I commit a foul?",excitement,987,7,0,question,"Oh, God! I did not touch anybody. How can I commit a foul?",surprise,excitement,10,False
I can’t believe it!,excitement,2222,0,0,inform,I cannot believe it!,surprise,excitement,10,True
Thank you very much.,anxiety,1783,11,0,commissive,Thank you very much.,fear,anxiety,1,False
I think it's OK. I also have two credit cards.,calm_neutral,1567,11,1,inform,I think it is OK. I also have two credit cards.,no emotion,calm_neutral,11,False
Best wishes for you.,happiness,1590,8,0,inform,Best wishes for you.,happiness,happiness,8,False
So soon? Why don't you stay a little longer?,excitement,2174,1,0,directive,So soon? Why do not you stay a little longer?. This has been going on for a while,surprise,excitement,10,True
How about going to the Olympic souvenir store to have a look? I remember there is one in the gym.,happiness,61,1,0,directive,How about going to the Olympic souvenir store to have a look? I remember there is one in the gym.,happiness,happiness,8,False
"Are you sure? Then, I will have more beer, please.",excitement,161,7,1,directive,"Are you sure? Then, I will have more beer, please.",surprise,excitement,10,False
What a thrilling trip!,anxiety,1221,8,1,inform,What a thrilling trip!,fear,anxiety,1,False
"Huh? Oh, my name is Laura.",calm_neutral,1320,3,1,inform,"Huh? Oh, my name is Laura.",no emotion,calm_neutral,11,False
What a thrilling trip!,anxiety,1221,8,1,inform,I really feel what a thrilling trip!,fear,anxiety,1,True
What a thrilling trip!,anxiety,1221,8,1,inform,I really feel what a thrilling trip!,fear,anxiety,1,True
I'm sorry. But at least we know which bus to catch to get back where we started.,depression,1414,11,0,inform,I am sorry. But at least we know which bus to catch to get back where we started.,sadness,depression,0,False
You gossip! What's the basis of your opinion?,excitement,2334,1,0,question,You gossip! What is the basis of your opinion?,surprise,excitement,10,False
That's very sensible. Would it be alright if I left early today to prepare for the trip?,happiness,699,13,0,directive,That is very sensible. Would it be alright if I left early today to prepare for the trip?,happiness,happiness,8,False
Really? We have only one chance every year.,excitement,1897,7,1,inform,Really? We have only one chance every year.,surprise,excitement,10,False
Yesterday. I didn't even know it was coming. He just told me he found someone else.,depression,118,3,1,inform,Yesterday. I did not even know it was coming. He just told me he found someone else.,sadness,depression,0,True
Great. How much?,calm_neutral,826,9,0,question,Great. How much?,no emotion,calm_neutral,11,False
Didn't they announce that our flight was delayed?,excitement,1245,3,1,question,Did not they announce that our flight was delayed?,surprise,excitement,10,False
"Oh, really? Is it a good way?",excitement,1708,2,1,question,"Oh, really? Is it a good way?",surprise,excitement,10,False
I think it is the worst one I have ever seen.,anger,113,4,1,inform,I think it is the worst one I have ever seen.,disgust,anger,3,False
"Well, I’m looking for size ten but you don’t have it.",calm_neutral,1392,3,1,inform,"Lately, well, i am looking for size ten but you do not have it.",no emotion,calm_neutral,11,True
"Yes, I do. Leave me alone!",anger,1754,8,0,inform,"Yes, I do. Leave me alone!",disgust,anger,3,False
It's leap my mind. I really feel terrible about it.,depression,1550,3,0,inform,It is leap my mind. I really feel terrible about it.,sadness,depression,0,False
Tired and stressed. This wedding is giving me a headache.,depression,658,1,1,inform,Tired and stressed. This wedding is giving me a headache.,sadness,depression,0,True
So soon? Why don't you stay a little longer?,excitement,2174,1,0,directive,So soon? Why do not you stay a little longer?,surprise,excitement,10,False
How slowly you drive!,anger,116,0,1,inform,How slowly you drive!. This has been going on for a while,anger,anger,3,True
"I can not stop coughing, and I can not stop sneezing. I vomited blood last night. Sorry, I am coughing again.",depression,1811,11,1,inform,"I can not stop coughing, and I can not stop sneezing. I vomited blood last night. Sorry, I am coughing again.",sadness,depression,0,False
Oh! How could I forget such an important holiday?,excitement,236,3,0,inform,Oh! How could I forget such an important holiday?,surprise,excitement,10,True
My goodness! You’re kidding!,excitement,1183,0,1,inform,My goodness! You are kidding!,surprise,excitement,10,False
This case doesn't belong to me! You've given me the wrong case!,calm_neutral,2138,14,0,inform,This case does not belong to me! You have given me the wrong case!,no emotion,calm_neutral,11,False
What a thrilling trip!,anxiety,1221,8,1,inform,What a thrilling trip!,fear,anxiety,1,False
Kreng? I've never heard of that company.,excitement,1226,5,1,question,Kreng? I have never heard of that company.,surprise,excitement,10,False
"Very Good. I will let him know as soon as he comes back. But, may I have your name, please?",calm_neutral,54,6,1,directive,"Very Good. I will let him know as soon as he comes back. But, may I have your name, please?",no emotion,calm_neutral,11,False
"Me, too, I can’t stop scratching. They are everywhere! Sneaky little jerks.",anger,2388,1,1,inform,"Me, too, I cannot stop scratching. They are everywhere! Sneaky little jerks.",disgust,anger,3,False
I just watched a movie and I'm scared.,anxiety,1649,3,0,inform,I just watched a movie and I am scared.,fear,anxiety,1,False
You mean I won't get a raise until recession ends?,anger,971,4,0,question,You mean I will not get a raise until recession ends?,anger,anger,3,False
You look great!,happiness,1730,0,0,inform,I really feel you look great!,happiness,happiness,8,True
I use those sites. Hey! Let's go check out a flea market later.,anxiety,500,4,0,directive,I use those sites. Hey! Let us go check out a flea market later.,fear,anxiety,1,False
"We appreciate your business, Madam.",happiness,1386,18,0,inform,"We appreciate your business, Madam.",happiness,happiness,8,False
Sure. The color is perfect for you.,happiness,2364,1,0,commissive,Sure. The color is perfect for you.,happiness,happiness,8,False
"Really, Mary, you’re horrible.",anger,703,6,0,inform,"Really, Mary, you are horrible.",anger,anger,3,False
Let's watch a movie or something.,happiness,1115,2,1,directive,Let us watch a movie or something.,happiness,happiness,8,False
Is it a horror movie?,anxiety,1454,1,0,question,Is it a horror movie? and it's affecting me deeply,fear,anxiety,1,True
Sign? What’s sign?,excitement,2278,6,1,question,Sign? What is sign?,surprise,excitement,10,False
I just had a terrible week.,depression,12,0,1,inform,I just had a terrible week.,sadness,depression,0,False
The car has very sleek lines. I love it.,happiness,851,6,1,inform,The car has very sleek lines. I love it.,happiness,happiness,8,False
Now he's looking over here! He's coming!,anxiety,1332,6,1,inform,Now he is looking over here! He is coming!,fear,anxiety,1,False
I've already got mine.,happiness,1822,4,0,inform,I have already got mine.,happiness,happiness,8,False
I know why Mr. Fro didn't like our ad idea! He doesn't know the first thing about coffee.,anger,1288,0,1,inform,I know why Mr. Fro did not like our ad idea! He does not know the first thing about coffee.,anger,anger,3,False
Umm so you are happy that you made the decision to join us.,happiness,1730,2,0,inform,Umm so you are happy that you made the decision to join us.,happiness,happiness,8,False
"Sorry, it’s all sold out.",depression,1564,1,1,inform,"Sorry, it is all sold out.",sadness,depression,0,False
This bloody computer!,anger,487,0,1,inform,This bloody computer!,anger,anger,3,False
"I’m very well, Thank you. And you?",happiness,726,3,1,question,"I am very well, Thank you. And you?",happiness,happiness,8,False
There will be a parents' meeting in our class this Saturday and I am worried about it.,depression,440,1,1,inform,There will be a parents' meeting in our class this Saturday and I am worried about it.,sadness,depression,0,False
Yeah. Here's my identification card.,calm_neutral,1174,3,0,commissive,Yeah. Here is my identification card.,no emotion,calm_neutral,11,False
Well we could go to that new art gallery instead.,happiness,2392,3,1,directive,Well we could go to that new art gallery instead.,happiness,happiness,8,False
Gee. I must have left it in my hotel room.,excitement,1561,5,0,inform,Gee. I must have left it in my hotel room.,surprise,excitement,10,False
"Yes, I'd like another cup of coffee.",calm_neutral,2206,6,0,commissive,"Yes, I would like another cup of coffee.",no emotion,calm_neutral,11,False
Wow. That sounds like a lot of fun. I am sorry I missed it.,depression,1663,6,1,inform,Wow. That sounds like a lot of fun. I am sorry I missed it. and it's affecting me deeply,sadness,depression,0,True
Romantic? I can't remember what that word means.,excitement,1664,3,1,commissive,Romantic? I cannot remember what that word means.,surprise,excitement,10,False
You’re welcome.,happiness,1271,5,1,inform,You are welcome.,happiness,happiness,8,False
What's the occasion? You won the lottery?,excitement,356,1,0,question,What is the occasion? You won the lottery?,surprise,excitement,10,False
"Sorry, sir, uh, you have to pay in the check-out counter. It's there.",depression,396,3,1,commissive,"Sorry, sir, uh, you have to pay in the check-out counter. It is there.",sadness,depression,0,False
Stones? I know many people collecting coins and stamps but stones?,excitement,751,4,0,question,Stones? I know many people collecting coins and stamps but stones?,surprise,excitement,10,False
"Yeah, it was scary, but exhilarating.",happiness,319,9,0,inform,"Yeah, it was scary, but exhilarating.",happiness,happiness,8,False
Umm it's the new neighbor. I hate her guts.,anger,2323,1,0,inform,Umm it is the new neighbor. I hate her guts.,anger,anger,3,False
Hong Kong again. I would like to go somewhere different for a change.,anger,1899,2,1,inform,"Lately, hong kong again. i would like to go somewhere different for a change.",disgust,anger,3,True
That's amazing!,excitement,1719,4,0,inform,That is amazing!,surprise,excitement,10,False
Really? How long have you been playing piano?,excitement,358,2,0,question,Really? How long have you been playing piano?,surprise,excitement,10,False
My hair looks awful.,anger,762,6,1,inform,"Lately, my hair looks awful.",disgust,anger,3,True
Then I'II make reservations for nine p.m. for a party of four.,happiness,1500,8,0,inform,Then I'II make reservations for nine p.m. for a party of four.,happiness,happiness,8,False
"I've already got plans, too.",calm_neutral,864,3,1,commissive,"I have already got plans, too.",no emotion,calm_neutral,11,False
"I'm so sorry, I.. I didn't realize it was that loud.",depression,667,8,1,inform,"I am so sorry, I.. I did not realize it was that loud.",sadness,depression,0,False
I can’t believe it! I thought the Cougars were going to win for sure.,anger,2222,4,0,inform,"Lately, i cannot believe it! i thought the cougars were going to win for sure.",anger,anger,3,True
"Are you sure? Then, I will have more beer, please.",excitement,161,7,1,directive,"Are you sure? Then, I will have more beer, please.",surprise,excitement,10,False
"OK, settled then.",happiness,1094,5,0,commissive,"OK, settled then.",happiness,happiness,8,False
"You can keep the cat, but you should keep it away from me.",anger,1297,5,0,directive,"You can keep the cat, but you should keep it away from me.",disgust,anger,3,False
"What's more, he said I was the hardest working person in the office!",happiness,1250,3,0,inform,"What is more, he said I was the hardest working person in the office!",happiness,happiness,8,False
"Yes, and the food was horrible!",anger,2238,4,0,inform,"Yes, and the food was horrible!",disgust,anger,3,False
What kind of scarf shall I show you? We have them in all sorts and sizes.,calm_neutral,1374,1,0,question,What kind of scarf shall I show you? We have them in all sorts and sizes.,no emotion,calm_neutral,11,False
"Yeah, I think so. Oh, by the way, I need to ask you something.",calm_neutral,267,1,0,inform,"Yeah, I think so. Oh, by the way, I need to ask you something.",no emotion,calm_neutral,11,False
OK. Thank you. Bye-bye.,happiness,2459,9,1,inform,OK. Thank you. Bye-bye.,happiness,happiness,8,False
She made another white crack about my clothes.,anger,2323,3,0,inform,She made another white crack about my clothes.,anger,anger,3,False
Certainly not.,depression,1246,3,1,commissive,Certainly not.,sadness,depression,0,False
I feel very nervous about it.,anxiety,855,5,1,inform,I feel very nervous about it.,fear,anxiety,1,False
"Yes. I had a bad traffic accident. Look, my car looks like a squashed coke can.",depression,1958,1,0,inform,"Yes. I had a bad traffic accident. Look, my car looks like a squashed coke can.",sadness,depression,0,False
Really? How so?,excitement,711,7,1,question,Really? How so?,surprise,excitement,10,False
Are you making what I think you're making?,calm_neutral,648,0,0,question,Are you making what I think you are making? and it's affecting me deeply,no emotion,calm_neutral,11,True
About fifteen minutes. It's not far.Are you a stranger in New York?,calm_neutral,575,7,1,question,About fifteen minutes. It is not far.Are you a stranger in New York?,no emotion,calm_neutral,11,False
Thanks a lot.,happiness,2017,6,1,inform,"Lately, thanks a lot.",happiness,happiness,8,True
"Here's one little hint. If you don't go out right now, this won't be under the tree.",calm_neutral,1190,5,1,commissive,"Here is one little hint. If you do not go out right now, this will not be under the tree.",no emotion,calm_neutral,11,False
I just broke up with a girl. Why didn't she understand that I loved her?,depression,1758,1,0,question,I just broke up with a girl. Why did not she understand that I loved her?,sadness,depression,0,False
Really? How long did you stay there?,excitement,1079,8,0,question,Really? How long did you stay there?,surprise,excitement,10,False
You've been promoted? when did that happen?,excitement,1745,5,0,question,You have been promoted? when did that happen?,surprise,excitement,10,False
That would be a possibility. Where is this fundraiser taking place?,calm_neutral,1725,1,0,question,That would be a possibility. Where is this fundraiser taking place?,no emotion,calm_neutral,11,False
Certainly. Here it is.,calm_neutral,350,2,0,commissive,Certainly. Here it is.,no emotion,calm_neutral,11,False
Really? Thank you. I am thinking the same thing about you.,excitement,2271,5,1,question,Really? Thank you. I am thinking the same thing about you.,surprise,excitement,10,False
Not anymore! Can you believe it? Umm they've decided that Pluto is not a planet anymore!,excitement,880,4,0,question,Not anymore! Can you believe it? Umm they have decided that Pluto is not a planet anymore!,surprise,excitement,10,False
Yes. I thought it was excellent. Didn't you?,happiness,2294,3,0,question,Yes. I thought it was excellent. Did not you?,happiness,happiness,8,False
It seems to me like I may have caught a bug.,depression,1546,9,1,inform,It seems to me like I may have caught a bug.,sadness,depression,0,False
Umm it's the new neighbor. I hate her guts.,anger,2323,1,0,inform,"Lately, umm it is the new neighbor. i hate her guts.",anger,anger,3,True
About a mile and a half.,calm_neutral,819,5,1,inform,About a mile and a half.,no emotion,calm_neutral,11,False
I am sorry. There is a speed limit.,depression,2255,3,1,commissive,I really feel i am sorry. there is a speed limit.,sadness,depression,0,True
Umm... Classic. Something that could calm your mind.,happiness,523,5,1,inform,Umm... Classic. Something that could calm your mind. and it's affecting me deeply,happiness,happiness,8,True
You are kidding.,excitement,2111,9,0,commissive,You are kidding.,surprise,excitement,10,False
Oh good! Can I bring anything?,happiness,928,5,0,directive,Oh good! Can I bring anything?,happiness,happiness,8,False
I will bite many beautiful girls on the neck tonight. Maybe I will suck their blood.,happiness,91,6,1,inform,I will bite many beautiful girls on the neck tonight. Maybe I will suck their blood.. This has been going on for a while,happiness,happiness,8,True
"Yes, it's most irritating.",calm_neutral,1710,1,1,inform,"Yes, it is most irritating. and it's affecting me deeply",no emotion,calm_neutral,11,True
Really? You're joking.,excitement,26,1,0,commissive,Really? You are joking.,surprise,excitement,10,False
Is it a horror movie?,anxiety,1454,1,0,question,Is it a horror movie? and it's affecting me deeply,fear,anxiety,1,True
"Oh, how could it be?",excitement,1862,1,1,question,"Oh, how could it be?",surprise,excitement,10,False
"Sorry, I've got people coming over tomorrow night.",depression,1024,10,1,inform,"Sorry, I have got people coming over tomorrow night.. This has been going on for a while",sadness,depression,0,True
"Uh, sorry, I dialed the wrong number.",depression,2416,4,1,inform,"Uh, sorry, I dialed the wrong number.",sadness,depression,0,False
"David Hall, eighty three, Bridge Street.",calm_neutral,2138,8,0,inform,"I really feel david hall, eighty three, bridge street.",no emotion,calm_neutral,11,True
I'm sorry. These batteries are not on sale.,depression,2461,1,1,inform,I am sorry. These batteries are not on sale. and it's affecting me deeply,sadness,depression,0,True
What? How could you forget to reserve the concert tickets?,excitement,1550,0,1,question,What? How could you forget to reserve the concert tickets?,surprise,excitement,10,False
"Really? You must like tango, right?",excitement,401,4,0,question,"Really? You must like tango, right?",surprise,excitement,10,False
Those are the ones that are pre-dipped in sweet coating!,excitement,2140,4,0,inform,Those are the ones that are pre-dipped in sweet coating!,surprise,excitement,10,False
Is it a horror movie?,anxiety,1454,1,0,question,Is it a horror movie? and it's affecting me deeply,fear,anxiety,1,True
I've said that I've got a problem with the circus. I'm not kidding.,anger,1402,9,0,inform,I have said that I have got a problem with the circus. I am not kidding.,anger,anger,3,False
Dalian is a beautiful city. Do you agree?,happiness,1527,0,0,question,Dalian is a beautiful city. Do you agree?,happiness,happiness,8,False
How do I get there from here?,calm_neutral,1010,2,1,question,How do I get there from here?,no emotion,calm_neutral,11,False
"Sorry, fifteen dollars is the lowest I can go.",depression,706,5,0,commissive,"Sorry, fifteen dollars is the lowest I can go.",sadness,depression,0,False
"This is Soft, may I speak to Lamely?",calm_neutral,1869,1,1,directive,"This is Soft, may I speak to Lamely?",no emotion,calm_neutral,11,False
Kathy! How are you? It's been ages! What are you doing these days?,excitement,1079,0,0,question,Kathy! How are you? It is been ages! What are you doing these days?,surprise,excitement,10,False
"Of course, here you are. I'm sorry the pajamas didn't work out for you.",depression,2014,7,0,inform,"Of course, here you are. I am sorry the pajamas did not work out for you. and it's affecting me deeply",sadness,depression,0,True
Didn't tell me what? What?,excitement,784,3,1,question,Did not tell me what? What?,surprise,excitement,10,False
You're kidding. The story and acting were outstanding.,excitement,1743,6,0,inform,You are kidding. The story and acting were outstanding.,surprise,excitement,10,True
At least more than hundred years old.,happiness,2435,4,1,inform,At least more than hundred years old.. This has been going on for a while,happiness,happiness,8,True
Didn't they announce that our flight was delayed?,excitement,1245,3,1,question,Did not they announce that our flight was delayed?,surprise,excitement,10,False
I can’t wait to go there myself.,happiness,2445,6,1,inform,I cannot wait to go there myself.,happiness,happiness,8,False
Thank you. I appreciate your help.,happiness,1208,4,0,inform,Thank you. I appreciate your help.,happiness,happiness,8,False
Thank you very much.,happiness,2320,19,0,inform,Thank you very much.,happiness,happiness,8,False
"Don't laugh at me, please. I'm serious. I've never been required to write this kind of report before, I only do the research reports.",depression,924,3,0,inform,"Do not laugh at me, please. I am serious. I have never been required to write this kind of report before, I only do the research reports.",sadness,depression,0,False
Why? Did tom pop the question?,excitement,1176,1,1,question,Why? Did tom pop the question?,surprise,excitement,10,False
The brown leather shoes are OK.,calm_neutral,601,5,1,inform,The brown leather shoes are OK.,no emotion,calm_neutral,11,False
I think you're right. Alright. Gotta go to class. Thanks for the cigarette. I'll talk to you later.,happiness,170,12,1,inform,I think you are right. Alright. Got To go to class. Thanks for the cigarette. I will talk to you later.,happiness,happiness,8,True
A crazy language? Why do you say that?,excitement,1426,5,0,question,A crazy language? Why do you say that?,surprise,excitement,10,False
Oh? What happened?,excitement,2377,5,0,question,Oh? What happened?,surprise,excitement,10,False
Thank you for your praise.,happiness,805,11,1,inform,I really feel thank you for your praise.,happiness,happiness,8,True
"Sorry, but I'm not really that interested in those things.",depression,1142,1,0,commissive,"Sorry, but I am not really that interested in those things.",sadness,depression,0,False
I went to the library and lost my bag.,depression,1380,3,1,inform,I went to the library and lost my bag.,sadness,depression,0,False
Umm no. The Hills? Who filed for divorce first?,excitement,2473,4,0,question,Umm no. The Hills? Who filed for divorce first?,surprise,excitement,10,False
"Certainly. But if there are going to be four of us, I had better make reservations.",happiness,1500,6,0,commissive,"Certainly. But if there are going to be four of us, I had better make reservations.",happiness,happiness,8,False
Oh! I hit it.,happiness,1829,10,0,inform,Oh! I hit it.,happiness,happiness,8,False
I can't work out this problem.,depression,795,2,0,inform,I cannot work out this problem.,sadness,depression,0,False
That's very unbelievable. Is it fake?,excitement,287,17,0,question,I really feel that is very unbelievable. is it fake?,surprise,excitement,10,True
I'm really sorry I let you down. I'll make it up to you somehow.,depression,1550,5,0,inform,I am really sorry I let you down. I will make it up to you somehow.,sadness,depression,0,True
What a thrilling trip!,anxiety,1221,8,1,inform,I really feel what a thrilling trip!,fear,anxiety,1,True
"It's excellent. A friend of mine had her wedding reception there and said it was perfect, though very expensive.",happiness,765,10,0,inform,"It is excellent. A friend of mine had her wedding reception there and said it was perfect, though very expensive.",happiness,happiness,8,False
"I tried to introduce myself to them when they moved in, but they were so arrogant that I didin't want to ever talk to them again!",anger,127,4,0,inform,"Honestly, I tried to introduce myself to them when they moved in, but they were so arrogant that I didin't want to ever talk to them again!",anger,anger,3,True
With the greatest pleasure.Where is the concert this evening?,happiness,229,4,1,commissive,With the greatest pleasure.Where is the concert this evening?,happiness,happiness,8,False
I'm afraid you can't.,depression,188,2,0,commissive,I am afraid you cannot.,sadness,depression,0,False
"I really can't work overtime. Because my husband has been ill recently, I must take care of him.",depression,2130,4,1,directive,"I really cannot work overtime. Because my husband has been ill recently, I must take care of him.",sadness,depression,0,False
We waste a vacation.,anger,585,7,0,inform,We waste a vacation.,disgust,anger,3,False
I can't wait to go skiing tomorrow.,happiness,1706,0,0,inform,I cannot wait to go skiing tomorrow.,happiness,happiness,8,False
That's fine.,calm_neutral,2240,3,0,inform,That is fine.,no emotion,calm_neutral,11,False
How dare you question my statement!,anger,856,6,0,commissive,How dare you question my statement!. This has been going on for a while,anger,anger,3,True
Unbelievable! I could never do that.,excitement,1617,9,1,inform,Unbelievable! I could never do that.,surprise,excitement,10,True
I told you we should have stayed in town today. The weather report said hundred percent chance of snow. Why did you want to come up here?,calm_neutral,788,3,1,question,I told you we should have stayed in town today. The weather report said hundred percent chance of snow. Why did you want to come up here?,no emotion,calm_neutral,11,False
So are you planning on cooking it?,calm_neutral,25,8,0,question,So are you planning on cooking it?,no emotion,calm_neutral,11,True
"Mary, it's good to see you!",happiness,892,0,0,inform,"Mary, it is good to see you!",happiness,happiness,8,False
There will be another sandstorm here tomorrow.,anger,15,0,0,inform,There will be another sandstorm here tomorrow.,disgust,anger,3,False
Why didn't you tell me about that before?,excitement,1421,15,1,question,Why did not you tell me about that before?,surprise,excitement,10,False
Pretty good. I’ve just had my new poems published.,happiness,714,1,1,inform,Pretty good. I have just had my new poems published.,happiness,happiness,8,True
No. I'm afraid the price is too low.,depression,2453,5,0,inform,No. I am afraid the price is too low.,sadness,depression,0,True
"Yes, they were horrible. We had to wear green every day!",anger,499,14,1,inform,"Yes, they were horrible. We had to wear green every day!",anger,anger,3,False
"No problem, sir.",happiness,1942,5,1,commissive,"No problem, sir.",happiness,happiness,8,False
What happened?,calm_neutral,1057,2,1,question,What happened?,no emotion,calm_neutral,11,False
"I'm sorry, but we don't allow returns on sale items.",depression,1386,8,0,commissive,"I am sorry, but we do not allow returns on sale items.",sadness,depression,0,False
Umm I am sorry. I am very tired. I'm going to bed early.,depression,727,4,1,commissive,"Lately, umm i am sorry. i am very tired. i am going to bed early.",sadness,depression,0,True
My hair looks awful.,anger,762,6,1,inform,My hair looks awful.,disgust,anger,3,False
This bloody computer!,anger,487,0,1,inform,This bloody computer!,anger,anger,3,False
I am glad to hear that.,happiness,1729,3,0,inform,I am glad to hear that.,happiness,happiness,8,False
The heat is driving crazy and I hate my new hat.,anger,638,4,0,inform,The heat is driving crazy and I hate my new hat.,disgust,anger,3,False
"Well, I used to hate cooking, but now I love it.",calm_neutral,1079,3,1,inform,"Well, I used to hate cooking, but now I love it.",no emotion,calm_neutral,11,False
How much is it for my hair?,happiness,917,8,1,question,How much is it for my hair? and it's affecting me deeply,happiness,happiness,8,True
I just lost my job. I'm just worried about how I'm going to pay the bills.,depression,1738,1,0,inform,I just lost my job. I am just worried about how I am going to pay the bills.,sadness,depression,0,False
"Really, it's so beautiful.",anxiety,1909,1,1,inform,"Lately, really, it is so beautiful.",fear,anxiety,1,True
I got carried away. I made such a fool of myself. They were both laughing at me!,anger,1456,2,0,inform,"Honestly, I got carried away. I made such a fool of myself. They were both laughing at me!",anger,anger,3,True
First you must check in at Counter Number four.,calm_neutral,1927,2,0,directive,First you must check in at Counter Number four.,no emotion,calm_neutral,11,False
"Oh, yes, indeed. Umm I've run out of steam. To be honest, I want to be in a different environment.",depression,2312,2,0,inform,"I really feel oh, yes, indeed. umm i have run out of steam. to be honest, i want to be in a different environment.",sadness,depression,0,True
"Yes, he used to be. But now he’s drifting off track.",anger,829,3,0,inform,"Yes, he used to be. But now he is drifting off track.",anger,anger,3,False
Yes. There’s one on the other side of the building.,calm_neutral,2474,3,1,inform,Yes. There is one on the other side of the building.,no emotion,calm_neutral,11,False
I can't. I have to meet someone.,happiness,1215,12,1,commissive,I cannot. I have to meet someone.,happiness,happiness,8,False
Did you tell your parents yet?,calm_neutral,1844,4,1,question,Did you tell your parents yet?,no emotion,calm_neutral,11,False
I'd rather not. They'll raise my rates. It'll cost me more in the long run.,calm_neutral,2351,16,1,inform,I would rather not. They will raise my rates. It will cost me more in the long run.,no emotion,calm_neutral,11,False
"Thank you, Mr. William. Goodbye.",happiness,1787,8,1,commissive,"Thank you, Mr. William. Goodbye.",happiness,happiness,8,False
"OK, so here’s the plan ; When we land, run to gate fourteen!",calm_neutral,582,5,0,inform,"OK, so here is the plan ; When we land, run to gate fourteen!",no emotion,calm_neutral,11,False
Great. Bye.,happiness,612,13,0,inform,Great. Bye.,happiness,happiness,8,False
Really? What was the matter?,excitement,1973,2,1,question,Really? What was the matter?,surprise,excitement,10,False
Are you crazy? You made the mistake and now you're charging me for your mistake?,anger,642,6,0,commissive,Are you crazy? You made the mistake and now you are charging me for your mistake?,anger,anger,3,False
Umm it's the new neighbor. I hate her guts.,anger,2323,1,0,inform,"Lately, umm it is the new neighbor. i hate her guts.",anger,anger,3,True
Thank you very much.,anxiety,1783,11,0,commissive,Thank you very much.,fear,anxiety,1,False
"Well, I just saw a horror movie last night. It almost frightened me to death.",anxiety,1902,1,0,commissive,"Well, I just saw a horror movie last night. It almost frightened me to death.",fear,anxiety,1,False
"No, I'm sorry I don't. I never read the papers till I get home.",calm_neutral,1063,7,0,inform,"No, I am sorry I do not. I never read the papers till I get home.",no emotion,calm_neutral,11,False
"oh, I'm sorry to bother you.",depression,1878,4,1,inform,"oh, I am sorry to bother you.",sadness,depression,0,False
The car has very sleek lines. I love it.,happiness,851,6,1,inform,The car has very sleek lines. I love it.,happiness,happiness,8,True
Because they are too violent. Some of them are even disgusting.,anger,2207,2,0,inform,Because they are too violent. Some of them are even disgusting.,disgust,anger,3,False
"Yeah, it's really a unique experience. It's a solo concert by Pavarotti. He put on the performance in the Forbidden City in Beijing.",happiness,2183,3,1,inform,"Yeah, it is really a unique experience. It is a solo concert by Pavarotti. He put on the performance in the Forbidden City in Beijing.",happiness,happiness,8,False
Are you sure you're finished?,anger,1960,4,1,question,Are you sure you are finished?,anger,anger,3,False
Those are the ones that are pre-dipped in sweet coating!,excitement,2140,4,0,inform,Those are the ones that are pre-dipped in sweet coating!,surprise,excitement,10,False
Not really. I thought it was disappointing.,anger,2294,4,1,inform,Not really. I thought it was disappointing.,disgust,anger,3,False
"You've just scratched my car. Oh, God, a paint was scratched off.",anger,2517,2,1,inform,"Honestly, You have just scratched my car. Oh, God, a paint was scratched off.",anger,anger,3,True
Umm I'm doing business through Internet now.,happiness,1708,1,0,inform,Umm I am doing business through Internet now.,happiness,happiness,8,False
The doctor will be with you in a moment. I just need to ask you a few questions.,calm_neutral,2144,3,1,question,The doctor will be with you in a moment. I just need to ask you a few questions.,no emotion,calm_neutral,11,False
It doesn't look good at all.,anger,1520,8,1,inform,It does not look good at all.,anger,anger,3,False
"Spacious, bright and clean. And the walls were newly painted.",happiness,1086,1,0,inform,"Spacious, bright and clean. And the walls were newly painted.",happiness,happiness,8,False
I can imagine.,happiness,1641,8,1,inform,I can imagine.,happiness,happiness,8,False
"Well, I just saw a horror movie last night. It almost frightened me to death.",anxiety,1902,1,0,commissive,"Well, I just saw a horror movie last night. It almost frightened me to death.",fear,anxiety,1,False
"No, I'm sorry we don't. We accept credit cards and cash.",depression,1167,4,0,inform,"No, I am sorry we do not. We accept credit cards and cash.",sadness,depression,0,False
"Really? That's unusual for October, isn't it?",excitement,2159,3,0,question,"Really? That is unusual for October, is not it?",surprise,excitement,10,False
"Thanks for your help, Ralph!",happiness,997,17,1,commissive,"Thanks for your help, Ralph!",happiness,happiness,8,False
It definitely is a nice change from the polluted and crowded city.,happiness,1750,7,1,inform,It definitely is a nice change from the polluted and crowded city.,happiness,happiness,8,False
Oh really? What did you do?,excitement,1839,2,0,question,Oh really? What did you do?,surprise,excitement,10,False
"No, we got no receipt, but we paid on the spot.",anger,2540,6,0,inform,"No, we got no receipt, but we paid on the spot.",anger,anger,3,False
"Really, it's so beautiful.",anxiety,1909,1,1,inform,"Really, it is so beautiful.",fear,anxiety,1,False
"Sorry, sir. It's the sale price.",depression,716,3,0,commissive,"Sorry, sir. It is the sale price.",sadness,depression,0,False
But it still hurts. I thought I loved him.,depression,118,5,1,inform,"Honestly, But it still hurts. I thought I loved him.",sadness,depression,0,True
I don't know. But this is definitely the last straw.,depression,1970,8,0,inform,I do not know. But this is definitely the last straw.,sadness,depression,0,False
But she did and made me disappointed.,depression,2030,5,0,inform,But she did and made me disappointed.,sadness,depression,0,False
I’ll appreciate your help.,happiness,2283,6,0,inform,I will appreciate your help.,happiness,happiness,8,False
"Really? You must like tango, right?",excitement,401,4,0,question,"Really? You must like tango, right?",surprise,excitement,10,False
"Again, I do apologize for the inconvenience.",depression,1032,7,0,inform,"Again, I do apologize for the inconvenience.",sadness,depression,0,False
I’m not in the mood.,depression,2030,1,0,inform,I am not in the mood.,sadness,depression,0,False
Really? How much does it cost to fly to Rome?,excitement,1156,13,0,question,Really? How much does it cost to fly to Rome?,surprise,excitement,10,False
What a lucky man.,happiness,610,9,0,inform,What a lucky man.,happiness,happiness,8,False
"Yeah, how do you know about that?",excitement,406,6,0,question,"Yeah, how do you know about that?",surprise,excitement,10,False
"OK. Wait for a moment, please.",happiness,2483,10,0,commissive,"OK. Wait for a moment, please.",happiness,happiness,8,False
I'm impressed. Good for you!,happiness,1266,7,1,inform,I am impressed. Good for you!,happiness,happiness,8,True
"Oh, yes, I would!",anger,704,8,0,inform,"Oh, yes, I would!",anger,anger,3,False
I just cann't believe my ears!,excitement,1979,4,0,inform,I just cann't believe my ears!,surprise,excitement,10,True
"That's for sure. It's really amazing to be in the best concert hall, listening to the performance by the best orchestra. I had the greatest time ever.",happiness,2183,10,0,inform,"That is for sure. It is really amazing to be in the best concert hall, listening to the performance by the best orchestra. I had the greatest time ever.",happiness,happiness,8,False
I knew this would happen some day...,depression,1936,9,0,commissive,I knew this would happen some day...,sadness,depression,0,False
At least you didn't waste time thinking about what you were going to wear every day!,calm_neutral,499,15,0,inform,At least you did not waste time thinking about what you were going to wear every day!,no emotion,calm_neutral,11,False
"We open at six:thirty, sir.",happiness,1623,2,1,inform,"We open at six:thirty, sir.",happiness,happiness,8,False
"At cars! You aren't thinking about buying a car, are you?",anger,1543,4,1,question,"At cars! You are not thinking about buying a car, are you?",anger,anger,3,False
You did a horrible job on my hair.,anger,1960,6,1,inform,You did a horrible job on my hair.,anger,anger,3,False
That one is one hundred and fifty dollars.,calm_neutral,240,2,0,inform,That one is one hundred and fifty dollars.,no emotion,calm_neutral,11,False
"Oh, my God! That's my husband, Benjamin.",excitement,583,7,1,inform,"Oh, my God! That is my husband, Benjamin.",surprise,excitement,10,False
The climate here is pleasant.,happiness,1527,2,0,inform,"Lately, the climate here is pleasant.",happiness,happiness,8,True
I can’t believe it!,excitement,2222,0,0,inform,I cannot believe it!,surprise,excitement,10,True
Hong Kong again. I would like to go somewhere different for a change.,anger,1899,2,1,inform,Hong Kong again. I would like to go somewhere different for a change.,disgust,anger,3,False
What a thrilling trip!,anxiety,1221,8,1,inform,I really feel what a thrilling trip!,fear,anxiety,1,True
"Really, Mary, you’re horrible.",anger,703,6,0,inform,"Really, Mary, you are horrible.",anger,anger,3,False
I see. But I have to discuss it over with my boss before I make a decision.,happiness,1307,13,1,directive,I see. But I have to discuss it over with my boss before I make a decision.,happiness,happiness,8,True
Dance class! I don't know how.,excitement,432,12,0,commissive,Dance class! I do not know how.,surprise,excitement,10,False
"No, I didn't. That car was too fast.",depression,1958,3,0,inform,"No, I did not. That car was too fast.",sadness,depression,0,False
Oooo... gross... you're sweating all over the place.,anger,1601,3,1,commissive,Oooo... gross... you are sweating all over the place.,disgust,anger,3,False
What's this? Essential oil? Wow! This stuff is expensive.,excitement,2368,2,1,question,What is this? Essential oil? Wow! This stuff is expensive.,surprise,excitement,10,True
What's you name and address?,calm_neutral,2138,7,1,question,What is you name and address?,no emotion,calm_neutral,11,False
Thanks. See you later.,happiness,1567,13,1,commissive,Thanks. See you later.,happiness,happiness,8,True
Tired and stressed. This wedding is giving me a headache.,depression,658,1,1,inform,Tired and stressed. This wedding is giving me a headache.,sadness,depression,0,False
The price tag says ninety nine-ninety nine dollars.,excitement,1679,2,1,question,The price tag says ninety nine-ninety nine dollars.,surprise,excitement,10,False
I hate computer games.,anger,2207,0,0,inform,I hate computer games.,disgust,anger,3,False
"No, really?",excitement,875,1,1,question,"No, really?",surprise,excitement,10,False
I know I know. I'm really sorry. I lost my bag.,depression,2220,2,1,inform,I know I know. I am really sorry. I lost my bag.,sadness,depression,0,False
What? Are you serious? You'd defect to our archrival?,excitement,2525,3,0,question,What? Are you serious? You would defect to our archrival?,surprise,excitement,10,False
"Oh, no! I thought it seemed a bit strange.",anger,487,6,1,inform,"Oh, no! I thought it seemed a bit strange.",anger,anger,3,False
"You went out and bought khakis, too!",anger,271,4,1,inform,"You went out and bought khakis, too!",anger,anger,3,False
Let me see. We should go to buy some fruit first.,calm_neutral,776,3,0,inform,Let me see. We should go to buy some fruit first. and it's affecting me deeply,no emotion,calm_neutral,11,True
"Oh, poor Alan! His sister is the only one he has left since his parents died last year.",depression,2377,9,0,inform,"Oh, poor Alan! His sister is the only one he has left since his parents died last year.",sadness,depression,0,False
"Yes, she said they couldn't communicate well with each other and they often argued over trivial things.",calm_neutral,1370,6,0,inform,"Yes, she said they could not communicate well with each other and they often argued over trivial things.",no emotion,calm_neutral,11,False
I'm going to throw a party tomorrow night. Would you like to come?,happiness,2165,2,0,directive,I am going to throw a party tomorrow night. Would you like to come?,happiness,happiness,8,False
How slowly you drive!,anger,116,0,1,inform,How slowly you drive!,anger,anger,3,False
OK. Thank you.,calm_neutral,580,4,1,inform,OK. Thank you.. This has been going on for a while,no emotion,calm_neutral,11,True
"I'm so surprised, Jane. Umm why did you decide to end your marriage suddenly?",excitement,45,2,0,question,"I am so surprised, Jane. Umm why did you decide to end your marriage suddenly?",surprise,excitement,10,False
I just got off the subway. I'm almost there. Sorry I'm late.,calm_neutral,934,4,1,inform,I just got off the subway. I am almost there. Sorry I am late.,no emotion,calm_neutral,11,False
"Oh, really?",excitement,2451,8,0,question,"Oh, really?",surprise,excitement,10,False
"It doesn't seem like that. Sorry, sir, we've tried everything, but we're not able to get it off the shirt. It was from the sugar I think.",depression,1446,7,1,inform,"It does not seem like that. Sorry, sir, we have tried everything, but we are not able to get it off the shirt. It was from the sugar I think.",sadness,depression,0,False
The place is OK. Let's go there and have a look at it again.,calm_neutral,2529,13,0,directive,The place is OK. Let us go there and have a look at it again.,no emotion,calm_neutral,11,False
What a pity! I missed it again.,depression,1106,3,1,inform,What a pity! I missed it again.,sadness,depression,0,False
Stay away from me.,anger,28,1,0,inform,Stay away from me.,anger,anger,3,False
"I don't know, I can't stand my job these days.",depression,2415,5,0,inform,"I do not know, I cannot stand my job these days.",sadness,depression,0,False
Here is the money.,calm_neutral,1171,10,1,inform,Here is the money.,no emotion,calm_neutral,11,False
Unbelievable! Parking in this city is such a nightmare!,excitement,732,2,1,inform,Unbelievable! Parking in this city is such a nightmare!,surprise,excitement,10,False
I want to take care of you forever. Will you marry me?,happiness,799,2,0,directive,I want to take care of you forever. Will you marry me?,happiness,happiness,8,False
